chronology_id,entity_id,start_year,end_year,start_precision,end_precision,temporal_precision,chronology_basis,display_cutoff,label_el,label_en,note_el,note_en,source_id,review_state
chronology-city-aegina-city-primary,city-aegina-city,-1000,600,approximate,display_cutoff,approximate,occupation_window,1,1000 π.Χ.–600 μ.Χ. (όριο άτλαντα),1000 BCE–600 CE (atlas display cutoff),Το 600 μ.Χ. είναι το συμβατικό άνω όριο της παρούσας αρχαίας χρονογραμμής και όχι χρονολογία καταστροφής ή εγκατάλειψης.,"The year 600 CE is the conventional upper limit of this ancient timeline, not a date of destruction or abandonment.",src-pleiades-579853,reviewed
chronology-city-aigai-macedonia-primary,city-aigai-macedonia,-900,600,approximate,display_cutoff,approximate,occupation_window,1,900 π.Χ.–600 μ.Χ. (όριο άτλαντα),900 BCE–600 CE (atlas display cutoff),Το 600 μ.Χ. είναι το συμβατικό άνω όριο της παρούσας αρχαίας χρονογραμμής και όχι χρονολογία καταστροφής ή εγκατάλειψης.,"The year 600 CE is the conventional upper limit of this ancient timeline, not a date of destruction or abandonment.",src-pleiades-491512,reviewed
chronology-city-alexandria-egypt-primary,city-alexandria-egypt,-331,600,approximate,display_cutoff,approximate,occupation_window,1,331 π.Χ.–600 μ.Χ. (όριο άτλαντα),331 BCE–600 CE (atlas display cutoff),Το 600 μ.Χ. είναι το συμβατικό άνω όριο της παρούσας αρχαίας χρονογραμμής και όχι χρονολογία καταστροφής ή εγκατάλειψης.,"The year 600 CE is the conventional upper limit of this ancient timeline, not a date of destruction or abandonment.",src-pleiades-727070,reviewed
chronology-city-antioch-orontes-primary,city-antioch-orontes,-300,600,approximate,display_cutoff,approximate,occupation_window,1,300 π.Χ.–600 μ.Χ. (όριο άτλαντα),300 BCE–600 CE (atlas display cutoff),Το 600 μ.Χ. είναι το συμβατικό άνω όριο της παρούσας αρχαίας χρονογραμμής και όχι χρονολογία καταστροφής ή εγκατάλειψης.,"The year 600 CE is the conventional upper limit of this ancient timeline, not a date of destruction or abandonment.",src-pleiades-658381,reviewed
chronology-city-argos-primary,city-argos,-1100,600,approximate,display_cutoff,approximate,occupation_window,1,1100 π.Χ.–600 μ.Χ. (όριο άτλαντα),1100 BCE–600 CE (atlas display cutoff),Το 600 μ.Χ. είναι το συμβατικό άνω όριο της παρούσας αρχαίας χρονογραμμής και όχι χρονολογία καταστροφής ή εγκατάλειψης.,"The year 600 CE is the conventional upper limit of this ancient timeline, not a date of destruction or abandonment.",src-pleiades-570106,reviewed
chronology-city-athens-attica-primary,city-athens-attica,-1400,600,approximate,display_cutoff,approximate,occupation_window,1,1400 π.Χ.–600 μ.Χ. (όριο άτλαντα),1400 BCE–600 CE (atlas display cutoff),Το 600 μ.Χ. είναι το συμβατικό άνω όριο της παρούσας αρχαίας χρονογραμμής και όχι χρονολογία καταστροφής ή εγκατάλειψης.,"The year 600 CE is the conventional upper limit of this ancient timeline, not a date of destruction or abandonment.",src-pleiades-579885,reviewed
chronology-city-chalcis-euboea-primary,city-chalcis-euboea,-900,600,approximate,display_cutoff,approximate,occupation_window,1,900 π.Χ.–600 μ.Χ. (όριο άτλαντα),900 BCE–600 CE (atlas display cutoff),Το 600 μ.Χ. είναι το συμβατικό άνω όριο της παρούσας αρχαίας χρονογραμμής και όχι χρονολογία καταστροφής ή εγκατάλειψης.,"The year 600 CE is the conventional upper limit of this ancient timeline, not a date of destruction or abandonment.",src-pleiades-540703,reviewed
chronology-city-chios-city-primary,city-chios-city,-1000,600,approximate,display_cutoff,approximate,occupation_window,1,1000 π.Χ.–600 μ.Χ. (όριο άτλαντα),1000 BCE–600 CE (atlas display cutoff),Το 600 μ.Χ. είναι το συμβατικό άνω όριο της παρούσας αρχαίας χρονογραμμής και όχι χρονολογία καταστροφής ή εγκατάλειψης.,"The year 600 CE is the conventional upper limit of this ancient timeline, not a date of destruction or abandonment.",src-pleiades-550496,reviewed
chronology-city-corinth-primary,city-corinth,-900,600,approximate,display_cutoff,approximate,occupation_window,1,900 π.Χ.–600 μ.Χ. (όριο άτλαντα),900 BCE–600 CE (atlas display cutoff),Το 600 μ.Χ. είναι το συμβατικό άνω όριο της παρούσας αρχαίας χρονογραμμής και όχι χρονολογία καταστροφής ή εγκατάλειψης.,"The year 600 CE is the conventional upper limit of this ancient timeline, not a date of destruction or abandonment.",src-pleiades-570182,reviewed
chronology-city-demetrias-primary,city-demetrias,-294,600,approximate,display_cutoff,approximate,occupation_window,1,294 π.Χ.–600 μ.Χ. (όριο άτλαντα),294 BCE–600 CE (atlas display cutoff),Το 600 μ.Χ. είναι το συμβατικό άνω όριο της παρούσας αρχαίας χρονογραμμής και όχι χρονολογία καταστροφής ή εγκατάλειψης.,"The year 600 CE is the conventional upper limit of this ancient timeline, not a date of destruction or abandonment.",src-pleiades-540730,reviewed
chronology-city-dion-primary,city-dion,-500,600,approximate,display_cutoff,approximate,occupation_window,1,500 π.Χ.–600 μ.Χ. (όριο άτλαντα),500 BCE–600 CE (atlas display cutoff),Το 600 μ.Χ. είναι το συμβατικό άνω όριο της παρούσας αρχαίας χρονογραμμής και όχι χρονολογία καταστροφής ή εγκατάλειψης.,"The year 600 CE is the conventional upper limit of this ancient timeline, not a date of destruction or abandonment.",src-pleiades-491572,reviewed
chronology-city-epidaurus-city-primary,city-epidaurus-city,-800,600,approximate,display_cutoff,approximate,occupation_window,1,800 π.Χ.–600 μ.Χ. (όριο άτλαντα),800 BCE–600 CE (atlas display cutoff),Το 600 μ.Χ. είναι το συμβατικό άνω όριο της παρούσας αρχαίας χρονογραμμής και όχι χρονολογία καταστροφής ή εγκατάλειψης.,"The year 600 CE is the conventional upper limit of this ancient timeline, not a date of destruction or abandonment.",src-pleiades-570228,reviewed
chronology-city-eretria-euboea-primary,city-eretria-euboea,-850,600,approximate,display_cutoff,approximate,occupation_window,1,850 π.Χ.–600 μ.Χ. (όριο άτλαντα),850 BCE–600 CE (atlas display cutoff),Το 600 μ.Χ. είναι το συμβατικό άνω όριο της παρούσας αρχαίας χρονογραμμής και όχι χρονολογία καταστροφής ή εγκατάλειψης.,"The year 600 CE is the conventional upper limit of this ancient timeline, not a date of destruction or abandonment.",src-pleiades-579925,reviewed
chronology-city-gortyn-primary,city-gortyn,-1000,600,approximate,display_cutoff,approximate,occupation_window,1,1000 π.Χ.–600 μ.Χ. (όριο άτλαντα),1000 BCE–600 CE (atlas display cutoff),Το 600 μ.Χ. είναι το συμβατικό άνω όριο της παρούσας αρχαίας χρονογραμμής και όχι χρονολογία καταστροφής ή εγκατάλειψης.,"The year 600 CE is the conventional upper limit of this ancient timeline, not a date of destruction or abandonment.",src-pleiades-589796,reviewed
chronology-city-knossos-primary,city-knossos,-2000,600,approximate,display_cutoff,approximate,occupation_window,1,2000 π.Χ.–600 μ.Χ. (όριο άτλαντα),2000 BCE–600 CE (atlas display cutoff),Το 600 μ.Χ. είναι το συμβατικό άνω όριο της παρούσας αρχαίας χρονογραμμής και όχι χρονολογία καταστροφής ή εγκατάλειψης.,"The year 600 CE is the conventional upper limit of this ancient timeline, not a date of destruction or abandonment.",src-pleiades-589872,reviewed
chronology-city-kos-city-primary,city-kos-city,-366,600,approximate,display_cutoff,approximate,occupation_window,1,366 π.Χ.–600 μ.Χ. (όριο άτλαντα),366 BCE–600 CE (atlas display cutoff),Το 600 μ.Χ. είναι το συμβατικό άνω όριο της παρούσας αρχαίας χρονογραμμής και όχι χρονολογία καταστροφής ή εγκατάλειψης.,"The year 600 CE is the conventional upper limit of this ancient timeline, not a date of destruction or abandonment.",src-pleiades-599728,reviewed
chronology-city-larissa-thessaly-primary,city-larissa-thessaly,-1000,600,approximate,display_cutoff,approximate,occupation_window,1,1000 π.Χ.–600 μ.Χ. (όριο άτλαντα),1000 BCE–600 CE (atlas display cutoff),Το 600 μ.Χ. είναι το συμβατικό άνω όριο της παρούσας αρχαίας χρονογραμμής και όχι χρονολογία καταστροφής ή εγκατάλειψης.,"The year 600 CE is the conventional upper limit of this ancient timeline, not a date of destruction or abandonment.",src-pleiades-540905,reviewed
chronology-city-lindos-primary,city-lindos,-1000,600,approximate,display_cutoff,approximate,occupation_window,1,1000 π.Χ.–600 μ.Χ. (όριο άτλαντα),1000 BCE–600 CE (atlas display cutoff),Το 600 μ.Χ. είναι το συμβατικό άνω όριο της παρούσας αρχαίας χρονογραμμής και όχι χρονολογία καταστροφής ή εγκατάλειψης.,"The year 600 CE is the conventional upper limit of this ancient timeline, not a date of destruction or abandonment.",src-pleiades-589913,reviewed
chronology-city-mantinea-primary,city-mantinea,-500,600,approximate,display_cutoff,approximate,occupation_window,1,500 π.Χ.–600 μ.Χ. (όριο άτλαντα),500 BCE–600 CE (atlas display cutoff),Το 600 μ.Χ. είναι το συμβατικό άνω όριο της παρούσας αρχαίας χρονογραμμής και όχι χρονολογία καταστροφής ή εγκατάλειψης.,"The year 600 CE is the conventional upper limit of this ancient timeline, not a date of destruction or abandonment.",src-pleiades-570459,reviewed
chronology-city-megalopolis-primary,city-megalopolis,-371,600,approximate,display_cutoff,approximate,occupation_window,1,371 π.Χ.–600 μ.Χ. (όριο άτλαντα),371 BCE–600 CE (atlas display cutoff),Το 600 μ.Χ. είναι το συμβατικό άνω όριο της παρούσας αρχαίας χρονογραμμής και όχι χρονολογία καταστροφής ή εγκατάλειψης.,"The year 600 CE is the conventional upper limit of this ancient timeline, not a date of destruction or abandonment.",src-pleiades-570467,reviewed
chronology-city-megara-primary,city-megara,-900,600,approximate,display_cutoff,approximate,occupation_window,1,900 π.Χ.–600 μ.Χ. (όριο άτλαντα),900 BCE–600 CE (atlas display cutoff),Το 600 μ.Χ. είναι το συμβατικό άνω όριο της παρούσας αρχαίας χρονογραμμής και όχι χρονολογία καταστροφής ή εγκατάλειψης.,"The year 600 CE is the conventional upper limit of this ancient timeline, not a date of destruction or abandonment.",src-pleiades-570468,reviewed
chronology-city-messene-primary,city-messene,-369,600,approximate,display_cutoff,approximate,occupation_window,1,369 π.Χ.–600 μ.Χ. (όριο άτλαντα),369 BCE–600 CE (atlas display cutoff),Το 600 μ.Χ. είναι το συμβατικό άνω όριο της παρούσας αρχαίας χρονογραμμής και όχι χρονολογία καταστροφής ή εγκατάλειψης.,"The year 600 CE is the conventional upper limit of this ancient timeline, not a date of destruction or abandonment.",src-pleiades-570479,reviewed
chronology-city-mytilene-primary,city-mytilene,-1050,600,approximate,display_cutoff,approximate,occupation_window,1,1050 π.Χ.–600 μ.Χ. (όριο άτλαντα),1050 BCE–600 CE (atlas display cutoff),Το 600 μ.Χ. είναι το συμβατικό άνω όριο της παρούσας αρχαίας χρονογραμμής και όχι χρονολογία καταστροφής ή εγκατάλειψης.,"The year 600 CE is the conventional upper limit of this ancient timeline, not a date of destruction or abandonment.",src-pleiades-550763,reviewed
chronology-city-naxos-cyclades-primary,city-naxos-cyclades,-1000,600,approximate,display_cutoff,approximate,occupation_window,1,1000 π.Χ.–600 μ.Χ. (όριο άτλαντα),1000 BCE–600 CE (atlas display cutoff),Το 600 μ.Χ. είναι το συμβατικό άνω όριο της παρούσας αρχαίας χρονογραμμής και όχι χρονολογία καταστροφής ή εγκατάλειψης.,"The year 600 CE is the conventional upper limit of this ancient timeline, not a date of destruction or abandonment.",src-pleiades-599821,reviewed
chronology-city-olynthus-primary,city-olynthus,-650,-348,approximate,approximate,approximate,occupation_window,0,650 π.Χ.–348 π.Χ.,650 BCE–348 BCE,,,src-pleiades-491678,reviewed
chronology-city-patrae-primary,city-patrae,-1000,600,approximate,display_cutoff,approximate,occupation_window,1,1000 π.Χ.–600 μ.Χ. (όριο άτλαντα),1000 BCE–600 CE (atlas display cutoff),Το 600 μ.Χ. είναι το συμβατικό άνω όριο της παρούσας αρχαίας χρονογραμμής και όχι χρονολογία καταστροφής ή εγκατάλειψης.,"The year 600 CE is the conventional upper limit of this ancient timeline, not a date of destruction or abandonment.",src-pleiades-570567,reviewed
chronology-city-pella-primary,city-pella,-500,600,approximate,display_cutoff,approximate,occupation_window,1,500 π.Χ.–600 μ.Χ. (όριο άτλαντα),500 BCE–600 CE (atlas display cutoff),Το 600 μ.Χ. είναι το συμβατικό άνω όριο της παρούσας αρχαίας χρονογραμμής και όχι χρονολογία καταστροφής ή εγκατάλειψης.,"The year 600 CE is the conventional upper limit of this ancient timeline, not a date of destruction or abandonment.",src-pleiades-491687,reviewed
chronology-city-pergamum-primary,city-pergamum,-400,700,approximate,approximate,approximate,occupation_window,0,400 π.Χ.–700 μ.Χ.,400 BCE–700 CE,,,src-pleiades-550812,reviewed
chronology-city-pherae-thessaly-primary,city-pherae-thessaly,-900,600,approximate,display_cutoff,approximate,occupation_window,1,900 π.Χ.–600 μ.Χ. (όριο άτλαντα),900 BCE–600 CE (atlas display cutoff),Το 600 μ.Χ. είναι το συμβατικό άνω όριο της παρούσας αρχαίας χρονογραμμής και όχι χρονολογία καταστροφής ή εγκατάλειψης.,"The year 600 CE is the conventional upper limit of this ancient timeline, not a date of destruction or abandonment.",src-pleiades-541044,reviewed
chronology-city-piraeus-primary,city-piraeus,-493,600,approximate,display_cutoff,approximate,occupation_window,1,493 π.Χ.–600 μ.Χ. (όριο άτλαντα),493 BCE–600 CE (atlas display cutoff),Το 600 μ.Χ. είναι το συμβατικό άνω όριο της παρούσας αρχαίας χρονογραμμής και όχι χρονολογία καταστροφής ή εγκατάλειψης.,"The year 600 CE is the conventional upper limit of this ancient timeline, not a date of destruction or abandonment.",src-pleiades-580062,reviewed
chronology-city-ptolemais-cyrenaica-primary,city-ptolemais-cyrenaica,-300,600,approximate,display_cutoff,approximate,occupation_window,1,300 π.Χ.–600 μ.Χ. (όριο άτλαντα),300 BCE–600 CE (atlas display cutoff),Το 600 μ.Χ. είναι το συμβατικό άνω όριο της παρούσας αρχαίας χρονογραμμής και όχι χρονολογία καταστροφής ή εγκατάλειψης.,"The year 600 CE is the conventional upper limit of this ancient timeline, not a date of destruction or abandonment.",src-pleiades-373879,needs_review
chronology-city-pydna-primary,city-pydna,-700,600,approximate,display_cutoff,approximate,occupation_window,1,700 π.Χ.–600 μ.Χ. (όριο άτλαντα),700 BCE–600 CE (atlas display cutoff),Το 600 μ.Χ. είναι το συμβατικό άνω όριο της παρούσας αρχαίας χρονογραμμής και όχι χρονολογία καταστροφής ή εγκατάλειψης.,"The year 600 CE is the conventional upper limit of this ancient timeline, not a date of destruction or abandonment.",src-pleiades-491703,reviewed
chronology-city-rhodes-city-primary,city-rhodes-city,-408,600,approximate,display_cutoff,approximate,occupation_window,1,408 π.Χ.–600 μ.Χ. (όριο άτλαντα),408 BCE–600 CE (atlas display cutoff),Το 600 μ.Χ. είναι το συμβατικό άνω όριο της παρούσας αρχαίας χρονογραμμής και όχι χρονολογία καταστροφής ή εγκατάλειψης.,"The year 600 CE is the conventional upper limit of this ancient timeline, not a date of destruction or abandonment.",src-pleiades-590030,reviewed
chronology-city-samos-city-primary,city-samos-city,-1000,600,approximate,display_cutoff,approximate,occupation_window,1,1000 π.Χ.–600 μ.Χ. (όριο άτλαντα),1000 BCE–600 CE (atlas display cutoff),Το 600 μ.Χ. είναι το συμβατικό άνω όριο της παρούσας αρχαίας χρονογραμμής και όχι χρονολογία καταστροφής ή εγκατάλειψης.,"The year 600 CE is the conventional upper limit of this ancient timeline, not a date of destruction or abandonment.",src-pleiades-599925,reviewed
chronology-city-sicyon-primary,city-sicyon,-1000,600,approximate,display_cutoff,approximate,occupation_window,1,1000 π.Χ.–600 μ.Χ. (όριο άτλαντα),1000 BCE–600 CE (atlas display cutoff),Το 600 μ.Χ. είναι το συμβατικό άνω όριο της παρούσας αρχαίας χρονογραμμής και όχι χρονολογία καταστροφής ή εγκατάλειψης.,"The year 600 CE is the conventional upper limit of this ancient timeline, not a date of destruction or abandonment.",src-pleiades-570668,reviewed
chronology-city-smyrna-primary,city-smyrna,-300,600,approximate,display_cutoff,approximate,occupation_window,1,300 π.Χ.–600 μ.Χ. (όριο άτλαντα),300 BCE–600 CE (atlas display cutoff),Το 600 μ.Χ. είναι το συμβατικό άνω όριο της παρούσας αρχαίας χρονογραμμής και όχι χρονολογία καταστροφής ή εγκατάλειψης.,"The year 600 CE is the conventional upper limit of this ancient timeline, not a date of destruction or abandonment.",src-pleiades-550893,reviewed
chronology-city-sparta-primary,city-sparta,-950,600,approximate,display_cutoff,approximate,occupation_window,1,950 π.Χ.–600 μ.Χ. (όριο άτλαντα),950 BCE–600 CE (atlas display cutoff),Το 600 μ.Χ. είναι το συμβατικό άνω όριο της παρούσας αρχαίας χρονογραμμής και όχι χρονολογία καταστροφής ή εγκατάλειψης.,"The year 600 CE is the conventional upper limit of this ancient timeline, not a date of destruction or abandonment.",src-pleiades-570685,reviewed
chronology-city-tegea-primary,city-tegea,-900,600,approximate,display_cutoff,approximate,occupation_window,1,900 π.Χ.–600 μ.Χ. (όριο άτλαντα),900 BCE–600 CE (atlas display cutoff),Το 600 μ.Χ. είναι το συμβατικό άνω όριο της παρούσας αρχαίας χρονογραμμής και όχι χρονολογία καταστροφής ή εγκατάλειψης.,"The year 600 CE is the conventional upper limit of this ancient timeline, not a date of destruction or abandonment.",src-pleiades-570707,reviewed
chronology-city-thebes-boeotia-primary,city-thebes-boeotia,-1400,600,approximate,display_cutoff,approximate,occupation_window,1,1400 π.Χ.–600 μ.Χ. (όριο άτλαντα),1400 BCE–600 CE (atlas display cutoff),Το 600 μ.Χ. είναι το συμβατικό άνω όριο της παρούσας αρχαίας χρονογραμμής και όχι χρονολογία καταστροφής ή εγκατάλειψης.,"The year 600 CE is the conventional upper limit of this ancient timeline, not a date of destruction or abandonment.",src-pleiades-541138,reviewed
chronology-city-thera-city-primary,city-thera-city,-900,600,approximate,display_cutoff,approximate,occupation_window,1,900 π.Χ.–600 μ.Χ. (όριο άτλαντα),900 BCE–600 CE (atlas display cutoff),Το 600 μ.Χ. είναι το συμβατικό άνω όριο της παρούσας αρχαίας χρονογραμμής και όχι χρονολογία καταστροφής ή εγκατάλειψης.,"The year 600 CE is the conventional upper limit of this ancient timeline, not a date of destruction or abandonment.",src-pleiades-599971,reviewed
chronology-city-thessalonica-primary,city-thessalonica,-315,600,approximate,display_cutoff,approximate,occupation_window,1,315 π.Χ.–600 μ.Χ. (όριο άτλαντα),315 BCE–600 CE (atlas display cutoff),Το 600 μ.Χ. είναι το συμβατικό άνω όριο της παρούσας αρχαίας χρονογραμμής και όχι χρονολογία καταστροφής ή εγκατάλειψης.,"The year 600 CE is the conventional upper limit of this ancient timeline, not a date of destruction or abandonment.",src-pleiades-491741,reviewed
chronology-colony-abydos-primary,colony-abydos,-670,600,approximate,display_cutoff,approximate,occupation_window,1,670 π.Χ.–600 μ.Χ. (όριο άτλαντα),670 BCE–600 CE (atlas display cutoff),Το 600 μ.Χ. είναι το συμβατικό άνω όριο της παρούσας αρχαίας χρονογραμμής και όχι χρονολογία καταστροφής ή εγκατάλειψης.,"The year 600 CE is the conventional upper limit of this ancient timeline, not a date of destruction or abandonment.",src-pleiades-501325,reviewed
chronology-colony-akragas-primary,colony-akragas,-580,600,approximate,display_cutoff,approximate,occupation_window,1,580 π.Χ.–600 μ.Χ. (όριο άτλαντα),580 BCE–600 CE (atlas display cutoff),Το 600 μ.Χ. είναι το συμβατικό άνω όριο της παρούσας αρχαίας χρονογραμμής και όχι χρονολογία καταστροφής ή εγκατάλειψης.,"The year 600 CE is the conventional upper limit of this ancient timeline, not a date of destruction or abandonment.",src-pleiades-462086,reviewed
chronology-colony-ambracia-primary,colony-ambracia,-625,600,approximate,display_cutoff,approximate,occupation_window,1,625 π.Χ.–600 μ.Χ. (όριο άτλαντα),625 BCE–600 CE (atlas display cutoff),Το 600 μ.Χ. είναι το συμβατικό άνω όριο της παρούσας αρχαίας χρονογραμμής και όχι χρονολογία καταστροφής ή εγκατάλειψης.,"The year 600 CE is the conventional upper limit of this ancient timeline, not a date of destruction or abandonment.",src-pleiades-530794,reviewed
chronology-colony-amisus-primary,colony-amisus,-564,600,approximate,display_cutoff,approximate,occupation_window,1,564 π.Χ.–600 μ.Χ. (όριο άτλαντα),564 BCE–600 CE (atlas display cutoff),Το 600 μ.Χ. είναι το συμβατικό άνω όριο της παρούσας αρχαίας χρονογραμμής και όχι χρονολογία καταστροφής ή εγκατάλειψης.,"The year 600 CE is the conventional upper limit of this ancient timeline, not a date of destruction or abandonment.",src-pleiades-857024,reviewed
chronology-colony-amphipolis-primary,colony-amphipolis,-437,600,approximate,display_cutoff,approximate,occupation_window,1,437 π.Χ.–600 μ.Χ. (όριο άτλαντα),437 BCE–600 CE (atlas display cutoff),Το 600 μ.Χ. είναι το συμβατικό άνω όριο της παρούσας αρχαίας χρονογραμμής και όχι χρονολογία καταστροφής ή εγκατάλειψης.,"The year 600 CE is the conventional upper limit of this ancient timeline, not a date of destruction or abandonment.",src-pleiades-501347,reviewed
chronology-colony-ancona-primary,colony-ancona,-387,600,approximate,display_cutoff,approximate,occupation_window,1,387 π.Χ.–600 μ.Χ. (όριο άτλαντα),387 BCE–600 CE (atlas display cutoff),Το 600 μ.Χ. είναι το συμβατικό άνω όριο της παρούσας αρχαίας χρονογραμμής και όχι χρονολογία καταστροφής ή εγκατάλειψης.,"The year 600 CE is the conventional upper limit of this ancient timeline, not a date of destruction or abandonment.",src-pleiades-413014,reviewed
chronology-colony-apollonia-cyrenaica-primary,colony-apollonia-cyrenaica,-600,600,approximate,display_cutoff,approximate,occupation_window,1,600 π.Χ.–600 μ.Χ. (όριο άτλαντα),600 BCE–600 CE (atlas display cutoff),Το 600 μ.Χ. είναι το συμβατικό άνω όριο της παρούσας αρχαίας χρονογραμμής και όχι χρονολογία καταστροφής ή εγκατάλειψης.,"The year 600 CE is the conventional upper limit of this ancient timeline, not a date of destruction or abandonment.",src-pleiades-373732,reviewed
chronology-colony-apollonia-illyria-primary,colony-apollonia-illyria,-588,600,approximate,display_cutoff,approximate,occupation_window,1,588 π.Χ.–600 μ.Χ. (όριο άτλαντα),588 BCE–600 CE (atlas display cutoff),Το 600 μ.Χ. είναι το συμβατικό άνω όριο της παρούσας αρχαίας χρονογραμμής και όχι χρονολογία καταστροφής ή εγκατάλειψης.,"The year 600 CE is the conventional upper limit of this ancient timeline, not a date of destruction or abandonment.",src-pleiades-481728,reviewed
chronology-colony-apollonia-pontica-primary,colony-apollonia-pontica,-610,600,approximate,display_cutoff,approximate,occupation_window,1,610 π.Χ.–600 μ.Χ. (όριο άτλαντα),610 BCE–600 CE (atlas display cutoff),Το 600 μ.Χ. είναι το συμβατικό άνω όριο της παρούσας αρχαίας χρονογραμμής και όχι χρονολογία καταστροφής ή εγκατάλειψης.,"The year 600 CE is the conventional upper limit of this ancient timeline, not a date of destruction or abandonment.",src-pleiades-216706,reviewed
chronology-colony-assos-primary,colony-assos,-1000,600,approximate,display_cutoff,approximate,occupation_window,1,1000 π.Χ.–600 μ.Χ. (όριο άτλαντα),1000 BCE–600 CE (atlas display cutoff),Το 600 μ.Χ. είναι το συμβατικό άνω όριο της παρούσας αρχαίας χρονογραμμής και όχι χρονολογία καταστροφής ή εγκατάλειψης.,"The year 600 CE is the conventional upper limit of this ancient timeline, not a date of destruction or abandonment.",src-pleiades-550463,reviewed
chronology-colony-barca-cyrenaica-primary,colony-barca-cyrenaica,-560,600,approximate,display_cutoff,approximate,occupation_window,1,560 π.Χ.–600 μ.Χ. (όριο άτλαντα),560 BCE–600 CE (atlas display cutoff),Το 600 μ.Χ. είναι το συμβατικό άνω όριο της παρούσας αρχαίας χρονογραμμής και όχι χρονολογία καταστροφής ή εγκατάλειψης.,"The year 600 CE is the conventional upper limit of this ancient timeline, not a date of destruction or abandonment.",src-pleiades-373750,reviewed
chronology-colony-byzantium-primary,colony-byzantium,-657,330,approximate,approximate,approximate,occupation_window,0,657 π.Χ.–330 μ.Χ.,657 BCE–330 CE,,,src-pleiades-520985,reviewed
chronology-colony-callatis-primary,colony-callatis,-500,600,approximate,display_cutoff,approximate,occupation_window,1,500 π.Χ.–600 μ.Χ. (όριο άτλαντα),500 BCE–600 CE (atlas display cutoff),Το 600 μ.Χ. είναι το συμβατικό άνω όριο της παρούσας αρχαίας χρονογραμμής και όχι χρονολογία καταστροφής ή εγκατάλειψης.,"The year 600 CE is the conventional upper limit of this ancient timeline, not a date of destruction or abandonment.",src-pleiades-216744,reviewed
chronology-colony-catana-primary,colony-catana,-729,600,approximate,display_cutoff,approximate,occupation_window,1,729 π.Χ.–600 μ.Χ. (όριο άτλαντα),729 BCE–600 CE (atlas display cutoff),Το 600 μ.Χ. είναι το συμβατικό άνω όριο της παρούσας αρχαίας χρονογραμμής και όχι χρονολογία καταστροφής ή εγκατάλειψης.,"The year 600 CE is the conventional upper limit of this ancient timeline, not a date of destruction or abandonment.",src-pleiades-462270,reviewed
chronology-colony-chalcedon-primary,colony-chalcedon,-685,600,approximate,display_cutoff,approximate,occupation_window,1,685 π.Χ.–600 μ.Χ. (όριο άτλαντα),685 BCE–600 CE (atlas display cutoff),Το 600 μ.Χ. είναι το συμβατικό άνω όριο της παρούσας αρχαίας χρονογραμμής και όχι χρονολογία καταστροφής ή εγκατάλειψης.,"The year 600 CE is the conventional upper limit of this ancient timeline, not a date of destruction or abandonment.",src-pleiades-520988,reviewed
chronology-colony-chersonesus-taurica-primary,colony-chersonesus-taurica,-422,600,approximate,display_cutoff,approximate,occupation_window,1,422 π.Χ.–600 μ.Χ. (όριο άτλαντα),422 BCE–600 CE (atlas display cutoff),Το 600 μ.Χ. είναι το συμβατικό άνω όριο της παρούσας αρχαίας χρονογραμμής και όχι χρονολογία καταστροφής ή εγκατάλειψης.,"The year 600 CE is the conventional upper limit of this ancient timeline, not a date of destruction or abandonment.",src-pleiades-226564,reviewed
chronology-colony-clazomenae-primary,colony-clazomenae,-1000,600,approximate,display_cutoff,approximate,occupation_window,1,1000 π.Χ.–600 μ.Χ. (όριο άτλαντα),1000 BCE–600 CE (atlas display cutoff),Το 600 μ.Χ. είναι το συμβατικό άνω όριο της παρούσας αρχαίας χρονογραμμής και όχι χρονολογία καταστροφής ή εγκατάλειψης.,"The year 600 CE is the conventional upper limit of this ancient timeline, not a date of destruction or abandonment.",src-pleiades-550651,reviewed
chronology-colony-cnidus-primary,colony-cnidus,-360,700,approximate,approximate,approximate,occupation_window,0,360 π.Χ.–700 μ.Χ.,360 BCE–700 CE,,,src-pleiades-599575,reviewed
chronology-colony-colophon-primary,colony-colophon,-1050,600,approximate,display_cutoff,approximate,occupation_window,1,1050 π.Χ.–600 μ.Χ. (όριο άτλαντα),1050 BCE–600 CE (atlas display cutoff),Το 600 μ.Χ. είναι το συμβατικό άνω όριο της παρούσας αρχαίας χρονογραμμής και όχι χρονολογία καταστροφής ή εγκατάλειψης.,"The year 600 CE is the conventional upper limit of this ancient timeline, not a date of destruction or abandonment.",src-pleiades-599577,reviewed
chronology-colony-corcyra-primary,colony-corcyra,-734,600,approximate,display_cutoff,approximate,occupation_window,1,734 π.Χ.–600 μ.Χ. (όριο άτλαντα),734 BCE–600 CE (atlas display cutoff),Το 600 μ.Χ. είναι το συμβατικό άνω όριο της παρούσας αρχαίας χρονογραμμής και όχι χρονολογία καταστροφής ή εγκατάλειψης.,"The year 600 CE is the conventional upper limit of this ancient timeline, not a date of destruction or abandonment.",src-pleiades-530834,reviewed
chronology-colony-croton-primary,colony-croton,-710,600,approximate,display_cutoff,approximate,occupation_window,1,710 π.Χ.–600 μ.Χ. (όριο άτλαντα),710 BCE–600 CE (atlas display cutoff),Το 600 μ.Χ. είναι το συμβατικό άνω όριο της παρούσας αρχαίας χρονογραμμής και όχι χρονολογία καταστροφής ή εγκατάλειψης.,"The year 600 CE is the conventional upper limit of this ancient timeline, not a date of destruction or abandonment.",src-pleiades-452317,reviewed
chronology-colony-cumae-campania-primary,colony-cumae-campania,-750,600,approximate,display_cutoff,approximate,occupation_window,1,750 π.Χ.–600 μ.Χ. (όριο άτλαντα),750 BCE–600 CE (atlas display cutoff),Το 600 μ.Χ. είναι το συμβατικό άνω όριο της παρούσας αρχαίας χρονογραμμής και όχι χρονολογία καταστροφής ή εγκατάλειψης.,"The year 600 CE is the conventional upper limit of this ancient timeline, not a date of destruction or abandonment.",src-pleiades-432808,reviewed
chronology-colony-cyme-aeolis-primary,colony-cyme-aeolis,-1050,600,approximate,display_cutoff,approximate,occupation_window,1,1050 π.Χ.–600 μ.Χ. (όριο άτλαντα),1050 BCE–600 CE (atlas display cutoff),Το 600 μ.Χ. είναι το συμβατικό άνω όριο της παρούσας αρχαίας χρονογραμμής και όχι χρονολογία καταστροφής ή εγκατάλειψης.,"The year 600 CE is the conventional upper limit of this ancient timeline, not a date of destruction or abandonment.",src-pleiades-550506,reviewed
chronology-colony-cyrene-primary,colony-cyrene,-631,600,approximate,display_cutoff,approximate,occupation_window,1,631 π.Χ.–600 μ.Χ. (όριο άτλαντα),631 BCE–600 CE (atlas display cutoff),Το 600 μ.Χ. είναι το συμβατικό άνω όριο της παρούσας αρχαίας χρονογραμμής και όχι χρονολογία καταστροφής ή εγκατάλειψης.,"The year 600 CE is the conventional upper limit of this ancient timeline, not a date of destruction or abandonment.",src-pleiades-373778,reviewed
chronology-colony-cyzicus-primary,colony-cyzicus,-756,600,approximate,display_cutoff,approximate,occupation_window,1,756 π.Χ.–600 μ.Χ. (όριο άτλαντα),756 BCE–600 CE (atlas display cutoff),Το 600 μ.Χ. είναι το συμβατικό άνω όριο της παρούσας αρχαίας χρονογραμμής και όχι χρονολογία καταστροφής ή εγκατάλειψης.,"The year 600 CE is the conventional upper limit of this ancient timeline, not a date of destruction or abandonment.",src-pleiades-511218,reviewed
chronology-colony-dioscurias-primary,colony-dioscurias,-550,600,approximate,display_cutoff,approximate,occupation_window,1,550 π.Χ.–600 μ.Χ. (όριο άτλαντα),550 BCE–600 CE (atlas display cutoff),Το 600 μ.Χ. είναι το συμβατικό άνω όριο της παρούσας αρχαίας χρονογραμμής και όχι χρονολογία καταστροφής ή εγκατάλειψης.,"The year 600 CE is the conventional upper limit of this ancient timeline, not a date of destruction or abandonment.",src-pleiades-857107,reviewed
chronology-colony-elea-velia-primary,colony-elea-velia,-540,600,approximate,display_cutoff,approximate,occupation_window,1,540 π.Χ.–600 μ.Χ. (όριο άτλαντα),540 BCE–600 CE (atlas display cutoff),Το 600 μ.Χ. είναι το συμβατικό άνω όριο της παρούσας αρχαίας χρονογραμμής και όχι χρονολογία καταστροφής ή εγκατάλειψης.,"The year 600 CE is the conventional upper limit of this ancient timeline, not a date of destruction or abandonment.",src-pleiades-452488,reviewed
chronology-colony-emporion-iberia-primary,colony-emporion-iberia,-575,600,approximate,display_cutoff,approximate,occupation_window,1,575 π.Χ.–600 μ.Χ. (όριο άτλαντα),575 BCE–600 CE (atlas display cutoff),Το 600 μ.Χ. είναι το συμβατικό άνω όριο της παρούσας αρχαίας χρονογραμμής και όχι χρονολογία καταστροφής ή εγκατάλειψης.,"The year 600 CE is the conventional upper limit of this ancient timeline, not a date of destruction or abandonment.",src-pleiades-246382,reviewed
chronology-colony-ephesus-primary,colony-ephesus,-1050,600,approximate,display_cutoff,approximate,occupation_window,1,1050 π.Χ.–600 μ.Χ. (όριο άτλαντα),1050 BCE–600 CE (atlas display cutoff),Το 600 μ.Χ. είναι το συμβατικό άνω όριο της παρούσας αρχαίας χρονογραμμής και όχι χρονολογία καταστροφής ή εγκατάλειψης.,"The year 600 CE is the conventional upper limit of this ancient timeline, not a date of destruction or abandonment.",src-pleiades-599612,reviewed
chronology-colony-epidamnos-primary,colony-epidamnos,-627,600,approximate,display_cutoff,approximate,occupation_window,1,627 π.Χ.–600 μ.Χ. (όριο άτλαντα),627 BCE–600 CE (atlas display cutoff),Το 600 μ.Χ. είναι το συμβατικό άνω όριο της παρούσας αρχαίας χρονογραμμής και όχι χρονολογία καταστροφής ή εγκατάλειψης.,"The year 600 CE is the conventional upper limit of this ancient timeline, not a date of destruction or abandonment.",src-pleiades-481818,reviewed
chronology-colony-erythrae-ionia-primary,colony-erythrae-ionia,-1000,600,approximate,display_cutoff,approximate,occupation_window,1,1000 π.Χ.–600 μ.Χ. (όριο άτλαντα),1000 BCE–600 CE (atlas display cutoff),Το 600 μ.Χ. είναι το συμβατικό άνω όριο της παρούσας αρχαίας χρονογραμμής και όχι χρονολογία καταστροφής ή εγκατάλειψης.,"The year 600 CE is the conventional upper limit of this ancient timeline, not a date of destruction or abandonment.",src-pleiades-550535,reviewed
chronology-colony-euesperides-primary,colony-euesperides,-520,-250,approximate,approximate,approximate,occupation_window,0,520 π.Χ.–250 π.Χ.,520 BCE–250 BCE,,,src-pleiades-373786,reviewed
chronology-colony-gela-primary,colony-gela,-688,600,approximate,display_cutoff,approximate,occupation_window,1,688 π.Χ.–600 μ.Χ. (όριο άτλαντα),688 BCE–600 CE (atlas display cutoff),Το 600 μ.Χ. είναι το συμβατικό άνω όριο της παρούσας αρχαίας χρονογραμμής και όχι χρονολογία καταστροφής ή εγκατάλειψης.,"The year 600 CE is the conventional upper limit of this ancient timeline, not a date of destruction or abandonment.",src-pleiades-462214,reviewed
chronology-colony-halicarnassus-primary,colony-halicarnassus,-1000,600,approximate,display_cutoff,approximate,occupation_window,1,1000 π.Χ.–600 μ.Χ. (όριο άτλαντα),1000 BCE–600 CE (atlas display cutoff),Το 600 μ.Χ. είναι το συμβατικό άνω όριο της παρούσας αρχαίας χρονογραμμής και όχι χρονολογία καταστροφής ή εγκατάλειψης.,"The year 600 CE is the conventional upper limit of this ancient timeline, not a date of destruction or abandonment.",src-pleiades-599636,reviewed
chronology-colony-heraclea-pontica-primary,colony-heraclea-pontica,-560,600,approximate,display_cutoff,approximate,occupation_window,1,560 π.Χ.–600 μ.Χ. (όριο άτλαντα),560 BCE–600 CE (atlas display cutoff),Το 600 μ.Χ. είναι το συμβατικό άνω όριο της παρούσας αρχαίας χρονογραμμής και όχι χρονολογία καταστροφής ή εγκατάλειψης.,"The year 600 CE is the conventional upper limit of this ancient timeline, not a date of destruction or abandonment.",src-pleiades-844944,reviewed
chronology-colony-himera-primary,colony-himera,-648,-409,approximate,approximate,approximate,occupation_window,0,648 π.Χ.–409 π.Χ.,648 BCE–409 BCE,,,src-pleiades-462244,reviewed
chronology-colony-histria-pontica-primary,colony-histria-pontica,-657,700,approximate,approximate,approximate,occupation_window,0,657 π.Χ.–700 μ.Χ.,657 BCE–700 CE,,,src-pleiades-216839,reviewed
chronology-colony-iasos-primary,colony-iasos,-1000,600,approximate,display_cutoff,approximate,occupation_window,1,1000 π.Χ.–600 μ.Χ. (όριο άτλαντα),1000 BCE–600 CE (atlas display cutoff),Το 600 μ.Χ. είναι το συμβατικό άνω όριο της παρούσας αρχαίας χρονογραμμής και όχι χρονολογία καταστροφής ή εγκατάλειψης.,"The year 600 CE is the conventional upper limit of this ancient timeline, not a date of destruction or abandonment.",src-pleiades-599664,reviewed
chronology-colony-issa-vis-primary,colony-issa-vis,-397,600,approximate,display_cutoff,approximate,occupation_window,1,397 π.Χ.–600 μ.Χ. (όριο άτλαντα),397 BCE–600 CE (atlas display cutoff),Το 600 μ.Χ. είναι το συμβατικό άνω όριο της παρούσας αρχαίας χρονογραμμής και όχι χρονολογία καταστροφής ή εγκατάλειψης.,"The year 600 CE is the conventional upper limit of this ancient timeline, not a date of destruction or abandonment.",src-armus-4dde844bac8f,needs_review
chronology-colony-lampsacus-primary,colony-lampsacus,-650,600,approximate,display_cutoff,approximate,occupation_window,1,650 π.Χ.–600 μ.Χ. (όριο άτλαντα),650 BCE–600 CE (atlas display cutoff),Το 600 μ.Χ. είναι το συμβατικό άνω όριο της παρούσας αρχαίας χρονογραμμής και όχι χρονολογία καταστροφής ή εγκατάλειψης.,"The year 600 CE is the conventional upper limit of this ancient timeline, not a date of destruction or abandonment.",src-pleiades-501570,reviewed
chronology-colony-leontinoi-primary,colony-leontinoi,-729,600,approximate,display_cutoff,approximate,occupation_window,1,729 π.Χ.–600 μ.Χ. (όριο άτλαντα),729 BCE–600 CE (atlas display cutoff),Το 600 μ.Χ. είναι το συμβατικό άνω όριο της παρούσας αρχαίας χρονογραμμής και όχι χρονολογία καταστροφής ή εγκατάλειψης.,"The year 600 CE is the conventional upper limit of this ancient timeline, not a date of destruction or abandonment.",src-pleiades-462279,reviewed
chronology-colony-locri-epizephyrii-primary,colony-locri-epizephyrii,-680,600,approximate,display_cutoff,approximate,occupation_window,1,680 π.Χ.–600 μ.Χ. (όριο άτλαντα),680 BCE–600 CE (atlas display cutoff),Το 600 μ.Χ. είναι το συμβατικό άνω όριο της παρούσας αρχαίας χρονογραμμής και όχι χρονολογία καταστροφής ή εγκατάλειψης.,"The year 600 CE is the conventional upper limit of this ancient timeline, not a date of destruction or abandonment.",src-pleiades-452369,reviewed
chronology-colony-magnesia-maeander-primary,colony-magnesia-maeander,-1000,600,approximate,display_cutoff,approximate,occupation_window,1,1000 π.Χ.–600 μ.Χ. (όριο άτλαντα),1000 BCE–600 CE (atlas display cutoff),Το 600 μ.Χ. είναι το συμβατικό άνω όριο της παρούσας αρχαίας χρονογραμμής και όχι χρονολογία καταστροφής ή εγκατάλειψης.,"The year 600 CE is the conventional upper limit of this ancient timeline, not a date of destruction or abandonment.",src-pleiades-599778,reviewed
chronology-colony-massalia-primary,colony-massalia,-600,600,approximate,display_cutoff,approximate,occupation_window,1,600 π.Χ.–600 μ.Χ. (όριο άτλαντα),600 BCE–600 CE (atlas display cutoff),Το 600 μ.Χ. είναι το συμβατικό άνω όριο της παρούσας αρχαίας χρονογραμμής και όχι χρονολογία καταστροφής ή εγκατάλειψης.,"The year 600 CE is the conventional upper limit of this ancient timeline, not a date of destruction or abandonment.",src-pleiades-148127,reviewed
chronology-colony-megara-hyblaea-primary,colony-megara-hyblaea,-728,-483,approximate,approximate,approximate,occupation_window,0,728 π.Χ.–483 π.Χ.,728 BCE–483 BCE,,,src-pleiades-462307,reviewed
chronology-colony-mesembria-primary,colony-mesembria,-510,600,approximate,display_cutoff,approximate,occupation_window,1,510 π.Χ.–600 μ.Χ. (όριο άτλαντα),510 BCE–600 CE (atlas display cutoff),Το 600 μ.Χ. είναι το συμβατικό άνω όριο της παρούσας αρχαίας χρονογραμμής και όχι χρονολογία καταστροφής ή εγκατάλειψης.,"The year 600 CE is the conventional upper limit of this ancient timeline, not a date of destruction or abandonment.",src-pleiades-216882,reviewed
chronology-colony-metapontum-primary,colony-metapontum,-700,600,approximate,display_cutoff,approximate,occupation_window,1,700 π.Χ.–600 μ.Χ. (όριο άτλαντα),700 BCE–600 CE (atlas display cutoff),Το 600 μ.Χ. είναι το συμβατικό άνω όριο της παρούσας αρχαίας χρονογραμμής και όχι χρονολογία καταστροφής ή εγκατάλειψης.,"The year 600 CE is the conventional upper limit of this ancient timeline, not a date of destruction or abandonment.",src-pleiades-442658,reviewed
chronology-colony-miletus-primary,colony-miletus,-1050,600,approximate,display_cutoff,approximate,occupation_window,1,1050 π.Χ.–600 μ.Χ. (όριο άτλαντα),1050 BCE–600 CE (atlas display cutoff),Το 600 μ.Χ. είναι το συμβατικό άνω όριο της παρούσας αρχαίας χρονογραμμής και όχι χρονολογία καταστροφής ή εγκατάλειψης.,"The year 600 CE is the conventional upper limit of this ancient timeline, not a date of destruction or abandonment.",src-pleiades-599799,reviewed
chronology-colony-myrina-aeolis-primary,colony-myrina-aeolis,-1000,600,approximate,display_cutoff,approximate,occupation_window,1,1000 π.Χ.–600 μ.Χ. (όριο άτλαντα),1000 BCE–600 CE (atlas display cutoff),Το 600 μ.Χ. είναι το συμβατικό άνω όριο της παρούσας αρχαίας χρονογραμμής και όχι χρονολογία καταστροφής ή εγκατάλειψης.,"The year 600 CE is the conventional upper limit of this ancient timeline, not a date of destruction or abandonment.",src-pleiades-550756,needs_review
chronology-colony-naucratis-primary,colony-naucratis,-620,600,approximate,display_cutoff,approximate,occupation_window,1,620 π.Χ.–600 μ.Χ. (όριο άτλαντα),620 BCE–600 CE (atlas display cutoff),Το 600 μ.Χ. είναι το συμβατικό άνω όριο της παρούσας αρχαίας χρονογραμμής και όχι χρονολογία καταστροφής ή εγκατάλειψης.,"The year 600 CE is the conventional upper limit of this ancient timeline, not a date of destruction or abandonment.",src-pleiades-727169,reviewed
chronology-colony-naxos-sicily-primary,colony-naxos-sicily,-734,-403,approximate,approximate,approximate,occupation_window,0,734 π.Χ.–403 π.Χ.,734 BCE–403 BCE,,,src-pleiades-462386,reviewed
chronology-colony-neapolis-campania-primary,colony-neapolis-campania,-600,600,approximate,display_cutoff,approximate,occupation_window,1,600 π.Χ.–600 μ.Χ. (όριο άτλαντα),600 BCE–600 CE (atlas display cutoff),Το 600 μ.Χ. είναι το συμβατικό άνω όριο της παρούσας αρχαίας χρονογραμμής και όχι χρονολογία καταστροφής ή εγκατάλειψης.,"The year 600 CE is the conventional upper limit of this ancient timeline, not a date of destruction or abandonment.",src-pleiades-433014,reviewed
chronology-colony-odessos-primary,colony-odessos,-580,600,approximate,display_cutoff,approximate,occupation_window,1,580 π.Χ.–600 μ.Χ. (όριο άτλαντα),580 BCE–600 CE (atlas display cutoff),Το 600 μ.Χ. είναι το συμβατικό άνω όριο της παρούσας αρχαίας χρονογραμμής και όχι χρονολογία καταστροφής ή εγκατάλειψης.,"The year 600 CE is the conventional upper limit of this ancient timeline, not a date of destruction or abandonment.",src-pleiades-216904,reviewed
chronology-colony-olbia-pontica-primary,colony-olbia-pontica,-590,370,approximate,approximate,approximate,occupation_window,0,590 π.Χ.–370 μ.Χ.,590 BCE–370 CE,,,src-pleiades-226546,reviewed
chronology-colony-panticapaeum-primary,colony-panticapaeum,-600,600,approximate,display_cutoff,approximate,occupation_window,1,600 π.Χ.–600 μ.Χ. (όριο άτλαντα),600 BCE–600 CE (atlas display cutoff),Το 600 μ.Χ. είναι το συμβατικό άνω όριο της παρούσας αρχαίας χρονογραμμής και όχι χρονολογία καταστροφής ή εγκατάλειψης.,"The year 600 CE is the conventional upper limit of this ancient timeline, not a date of destruction or abandonment.",src-pleiades-854719,reviewed
chronology-colony-phanagoria-primary,colony-phanagoria,-540,600,approximate,display_cutoff,approximate,occupation_window,1,540 π.Χ.–600 μ.Χ. (όριο άτλαντα),540 BCE–600 CE (atlas display cutoff),Το 600 μ.Χ. είναι το συμβατικό άνω όριο της παρούσας αρχαίας χρονογραμμής και όχι χρονολογία καταστροφής ή εγκατάλειψης.,"The year 600 CE is the conventional upper limit of this ancient timeline, not a date of destruction or abandonment.",src-pleiades-854724,reviewed
chronology-colony-pharos-hvar-primary,colony-pharos-hvar,-385,600,approximate,display_cutoff,approximate,occupation_window,1,385 π.Χ.–600 μ.Χ. (όριο άτλαντα),385 BCE–600 CE (atlas display cutoff),Το 600 μ.Χ. είναι το συμβατικό άνω όριο της παρούσας αρχαίας χρονογραμμής και όχι χρονολογία καταστροφής ή εγκατάλειψης.,"The year 600 CE is the conventional upper limit of this ancient timeline, not a date of destruction or abandonment.",src-pleiades-197433,reviewed
chronology-colony-phaselis-primary,colony-phaselis,-690,600,approximate,display_cutoff,approximate,occupation_window,1,690 π.Χ.–600 μ.Χ. (όριο άτλαντα),690 BCE–600 CE (atlas display cutoff),Το 600 μ.Χ. είναι το συμβατικό άνω όριο της παρούσας αρχαίας χρονογραμμής και όχι χρονολογία καταστροφής ή εγκατάλειψης.,"The year 600 CE is the conventional upper limit of this ancient timeline, not a date of destruction or abandonment.",src-pleiades-639051,reviewed
chronology-colony-phasis-city-primary,colony-phasis-city,-600,600,approximate,display_cutoff,approximate,occupation_window,1,600 π.Χ.–600 μ.Χ. (όριο άτλαντα),600 BCE–600 CE (atlas display cutoff),Το 600 μ.Χ. είναι το συμβατικό άνω όριο της παρούσας αρχαίας χρονογραμμής και όχι χρονολογία καταστροφής ή εγκατάλειψης.,"The year 600 CE is the conventional upper limit of this ancient timeline, not a date of destruction or abandonment.",src-pleiades-857275,needs_review
chronology-colony-philippi-primary,colony-philippi,-360,600,approximate,display_cutoff,approximate,occupation_window,1,360 π.Χ.–600 μ.Χ. (όριο άτλαντα),360 BCE–600 CE (atlas display cutoff),Το 600 μ.Χ. είναι το συμβατικό άνω όριο της παρούσας αρχαίας χρονογραμμής και όχι χρονολογία καταστροφής ή εγκατάλειψης.,"The year 600 CE is the conventional upper limit of this ancient timeline, not a date of destruction or abandonment.",src-pleiades-501482,reviewed
chronology-colony-phocaea-primary,colony-phocaea,-1000,600,approximate,display_cutoff,approximate,occupation_window,1,1000 π.Χ.–600 μ.Χ. (όριο άτλαντα),1000 BCE–600 CE (atlas display cutoff),Το 600 μ.Χ. είναι το συμβατικό άνω όριο της παρούσας αρχαίας χρονογραμμής και όχι χρονολογία καταστροφής ή εγκατάλειψης.,"The year 600 CE is the conventional upper limit of this ancient timeline, not a date of destruction or abandonment.",src-pleiades-550823,reviewed
chronology-colony-poseidonia-primary,colony-poseidonia,-600,600,approximate,display_cutoff,approximate,occupation_window,1,600 π.Χ.–600 μ.Χ. (όριο άτλαντα),600 BCE–600 CE (atlas display cutoff),Το 600 μ.Χ. είναι το συμβατικό άνω όριο της παρούσας αρχαίας χρονογραμμής και όχι χρονολογία καταστροφής ή εγκατάλειψης.,"The year 600 CE is the conventional upper limit of this ancient timeline, not a date of destruction or abandonment.",src-pleiades-442733,reviewed
chronology-colony-priene-primary,colony-priene,-1050,600,approximate,display_cutoff,approximate,occupation_window,1,1050 π.Χ.–600 μ.Χ. (όριο άτλαντα),1050 BCE–600 CE (atlas display cutoff),Το 600 μ.Χ. είναι το συμβατικό άνω όριο της παρούσας αρχαίας χρονογραμμής και όχι χρονολογία καταστροφής ή εγκατάλειψης.,"The year 600 CE is the conventional upper limit of this ancient timeline, not a date of destruction or abandonment.",src-pleiades-599905,reviewed
chronology-colony-rhegion-primary,colony-rhegion,-720,600,approximate,display_cutoff,approximate,occupation_window,1,720 π.Χ.–600 μ.Χ. (όριο άτλαντα),720 BCE–600 CE (atlas display cutoff),Το 600 μ.Χ. είναι το συμβατικό άνω όριο της παρούσας αρχαίας χρονογραμμής και όχι χρονολογία καταστροφής ή εγκατάλειψης.,"The year 600 CE is the conventional upper limit of this ancient timeline, not a date of destruction or abandonment.",src-pleiades-452416,reviewed
chronology-colony-selinus-primary,colony-selinus,-628,-250,approximate,approximate,approximate,occupation_window,0,628 π.Χ.–250 π.Χ.,628 BCE–250 BCE,,,src-pleiades-462489,reviewed
chronology-colony-sinope-primary,colony-sinope,-630,600,approximate,display_cutoff,approximate,occupation_window,1,630 π.Χ.–600 μ.Χ. (όριο άτλαντα),630 BCE–600 CE (atlas display cutoff),Το 600 μ.Χ. είναι το συμβατικό άνω όριο της παρούσας αρχαίας χρονογραμμής και όχι χρονολογία καταστροφής ή εγκατάλειψης.,"The year 600 CE is the conventional upper limit of this ancient timeline, not a date of destruction or abandonment.",src-pleiades-857321,reviewed
chronology-colony-sybaris-primary,colony-sybaris,-720,-510,approximate,approximate,approximate,occupation_window,0,720 π.Χ.–510 π.Χ.,720 BCE–510 BCE,,,src-pleiades-452457,reviewed
chronology-colony-syracuse-primary,colony-syracuse,-734,600,approximate,display_cutoff,approximate,occupation_window,1,734 π.Χ.–600 μ.Χ. (όριο άτλαντα),734 BCE–600 CE (atlas display cutoff),Το 600 μ.Χ. είναι το συμβατικό άνω όριο της παρούσας αρχαίας χρονογραμμής και όχι χρονολογία καταστροφής ή εγκατάλειψης.,"The year 600 CE is the conventional upper limit of this ancient timeline, not a date of destruction or abandonment.",src-pleiades-462503,reviewed
chronology-colony-tanais-primary,colony-tanais,-300,375,approximate,approximate,approximate,occupation_window,0,300 π.Χ.–375 μ.Χ.,300 BCE–375 CE,,,src-pleiades-825397,reviewed
chronology-colony-taras-primary,colony-taras,-706,600,approximate,display_cutoff,approximate,occupation_window,1,706 π.Χ.–600 μ.Χ. (όριο άτλαντα),706 BCE–600 CE (atlas display cutoff),Το 600 μ.Χ. είναι το συμβατικό άνω όριο της παρούσας αρχαίας χρονογραμμής και όχι χρονολογία καταστροφής ή εγκατάλειψης.,"The year 600 CE is the conventional upper limit of this ancient timeline, not a date of destruction or abandonment.",src-pleiades-442810,reviewed
chronology-colony-taucheira-primary,colony-taucheira,-620,600,approximate,display_cutoff,approximate,occupation_window,1,620 π.Χ.–600 μ.Χ. (όριο άτλαντα),620 BCE–600 CE (atlas display cutoff),Το 600 μ.Χ. είναι το συμβατικό άνω όριο της παρούσας αρχαίας χρονογραμμής και όχι χρονολογία καταστροφής ή εγκατάλειψης.,"The year 600 CE is the conventional upper limit of this ancient timeline, not a date of destruction or abandonment.",src-pleiades-373736,reviewed
chronology-colony-teos-primary,colony-teos,-1000,600,approximate,display_cutoff,approximate,occupation_window,1,1000 π.Χ.–600 μ.Χ. (όριο άτλαντα),1000 BCE–600 CE (atlas display cutoff),Το 600 μ.Χ. είναι το συμβατικό άνω όριο της παρούσας αρχαίας χρονογραμμής και όχι χρονολογία καταστροφής ή εγκατάλειψης.,"The year 600 CE is the conventional upper limit of this ancient timeline, not a date of destruction or abandonment.",src-pleiades-550913,reviewed
chronology-colony-theodosia-crimea-primary,colony-theodosia-crimea,-600,600,approximate,display_cutoff,approximate,occupation_window,1,600 π.Χ.–600 μ.Χ. (όριο άτλαντα),600 BCE–600 CE (atlas display cutoff),Το 600 μ.Χ. είναι το συμβατικό άνω όριο της παρούσας αρχαίας χρονογραμμής και όχι χρονολογία καταστροφής ή εγκατάλειψης.,"The year 600 CE is the conventional upper limit of this ancient timeline, not a date of destruction or abandonment.",src-pleiades-854743,reviewed
chronology-colony-tomis-primary,colony-tomis,-600,600,approximate,display_cutoff,approximate,occupation_window,1,600 π.Χ.–600 μ.Χ. (όριο άτλαντα),600 BCE–600 CE (atlas display cutoff),Το 600 μ.Χ. είναι το συμβατικό άνω όριο της παρούσας αρχαίας χρονογραμμής και όχι χρονολογία καταστροφής ή εγκατάλειψης.,"The year 600 CE is the conventional upper limit of this ancient timeline, not a date of destruction or abandonment.",src-pleiades-217016,reviewed
chronology-colony-tragurion-primary,colony-tragurion,-300,600,approximate,display_cutoff,approximate,occupation_window,1,300 π.Χ.–600 μ.Χ. (όριο άτλαντα),300 BCE–600 CE (atlas display cutoff),Το 600 μ.Χ. είναι το συμβατικό άνω όριο της παρούσας αρχαίας χρονογραμμής και όχι χρονολογία καταστροφής ή εγκατάλειψης.,"The year 600 CE is the conventional upper limit of this ancient timeline, not a date of destruction or abandonment.",src-pleiades-197555,reviewed
chronology-colony-trapezus-primary,colony-trapezus,-756,600,approximate,display_cutoff,approximate,occupation_window,1,756 π.Χ.–600 μ.Χ. (όριο άτλαντα),756 BCE–600 CE (atlas display cutoff),Το 600 μ.Χ. είναι το συμβατικό άνω όριο της παρούσας αρχαίας χρονογραμμής και όχι χρονολογία καταστροφής ή εγκατάλειψης.,"The year 600 CE is the conventional upper limit of this ancient timeline, not a date of destruction or abandonment.",src-pleiades-857359,reviewed
chronology-colony-tyras-primary,colony-tyras,-600,375,approximate,approximate,approximate,occupation_window,0,600 π.Χ.–375 μ.Χ.,600 BCE–375 CE,,,src-pleiades-226800,reviewed
chronology-colony-zancle-messana-primary,colony-zancle-messana,-730,600,approximate,display_cutoff,approximate,occupation_window,1,730 π.Χ.–600 μ.Χ. (όριο άτλαντα),730 BCE–600 CE (atlas display cutoff),Το 600 μ.Χ. είναι το συμβατικό άνω όριο της παρούσας αρχαίας χρονογραμμής και όχι χρονολογία καταστροφής ή εγκατάλειψης.,"The year 600 CE is the conventional upper limit of this ancient timeline, not a date of destruction or abandonment.",src-pleiades-462538,reviewed
chronology-kingdom-alexander-empire-primary,kingdom-alexander-empire,-336,-323,exact,exact,exact,political_phase,0,336 π.Χ.–323 π.Χ.,336 BCE–323 BCE,,,src-metmuseum-89019924e8c3,reviewed
chronology-kingdom-athens-mycenaean-primary,kingdom-athens-mycenaean,-1400,-1100,approximate,approximate,broad_range,political_phase,0,1400 π.Χ.–1100 π.Χ.,1400 BCE–1100 BCE,,,src-whc-228f1be9c035,reviewed
chronology-kingdom-attalid-pergamon-primary,kingdom-attalid-pergamon,-283,-133,uncertain,uncertain,mixed,political_phase,0,283 π.Χ.–133 π.Χ.,283 BCE–133 BCE,Το διάστημα συμπυκνώνει αμφισβητούμενες ή μη συνεχείς ιστορικές φάσεις· απαιτείται λεπτομερέστερη διάσπαση πριν από αυστηρή χρονική ανάλυση.,This interval compresses disputed or discontinuous historical phases; it must be divided more finely before rigorous chronological analysis.,src-metmuseum-50fe20dc493f,needs_review
chronology-kingdom-bithynia-primary,kingdom-bithynia,-297,-74,exact,exact,exact,political_phase,0,297 π.Χ.–74 π.Χ.,297 BCE–74 BCE,,,src-attalus-1b40f4436114,reviewed
chronology-kingdom-bosporus-archaeanactid-primary,kingdom-bosporus-archaeanactid,-480,-438,approximate,approximate,approximate,political_phase,0,480 π.Χ.–438 π.Χ.,480 BCE–438 BCE,,,src-iranicaonline-4a607235e191,reviewed
chronology-kingdom-bosporus-mithridatic-primary,kingdom-bosporus-mithridatic,-107,-63,approximate,approximate,approximate,political_phase,0,107 π.Χ.–63 π.Χ.,107 BCE–63 BCE,,,src-iranicaonline-4a607235e191,reviewed
chronology-kingdom-bosporus-spartocid-primary,kingdom-bosporus-spartocid,-438,-107,approximate,approximate,approximate,political_phase,0,438 π.Χ.–107 π.Χ.,438 BCE–107 BCE,,,src-encyclopediaofukraine-237e86aa1350,reviewed
chronology-kingdom-cappadocia-ariarathid-primary,kingdom-cappadocia-ariarathid,-331,-96,approximate,approximate,approximate,political_phase,0,331 π.Χ.–96 π.Χ.,331 BCE–96 BCE,,,src-iranicaonline-0624b0b64cf3,reviewed
chronology-kingdom-cappadocia-late-client-primary,kingdom-cappadocia-late-client,-95,17,uncertain,uncertain,mixed,political_phase,0,95 π.Χ.–17 μ.Χ.,95 BCE–17 CE,Το διάστημα συμπυκνώνει αμφισβητούμενες ή μη συνεχείς ιστορικές φάσεις· απαιτείται λεπτομερέστερη διάσπαση πριν από αυστηρή χρονική ανάλυση.,This interval compresses disputed or discontinuous historical phases; it must be divided more finely before rigorous chronological analysis.,src-iranicaonline-0624b0b64cf3,needs_review
chronology-kingdom-commagene-primary,kingdom-commagene,-163,72,uncertain,uncertain,mixed,political_phase,0,163 π.Χ.–72 μ.Χ.,163 BCE–72 CE,Το διάστημα συμπυκνώνει αμφισβητούμενες ή μη συνεχείς ιστορικές φάσεις· απαιτείται λεπτομερέστερη διάσπαση πριν από αυστηρή χρονική ανάλυση.,This interval compresses disputed or discontinuous historical phases; it must be divided more finely before rigorous chronological analysis.,src-whc-758c2c416617,needs_review
chronology-kingdom-cyrene-battiad-primary,kingdom-cyrene-battiad,-631,-440,approximate,approximate,approximate,political_phase,0,631 π.Χ.–440 π.Χ.,631 BCE–440 BCE,,,src-whc-52a1efeb60e3,reviewed
chronology-kingdom-cyrene-magas-primary,kingdom-cyrene-magas,-276,-250,approximate,approximate,approximate,political_phase,0,276 π.Χ.–250 π.Χ.,276 BCE–250 BCE,,,src-persee-a9866e5e43d7,reviewed
chronology-kingdom-epirus-aeacid-primary,kingdom-epirus-aeacid,-390,-231,approximate,approximate,approximate,political_phase,0,390 π.Χ.–231 π.Χ.,390 BCE–231 BCE,,,src-cambridge-96106a304cc6,reviewed
chronology-kingdom-greco-bactrian-diodotid-primary,kingdom-greco-bactrian-diodotid,-256,-235,approximate,approximate,approximate,political_phase,0,256 π.Χ.–235 π.Χ.,256 BCE–235 BCE,,,src-metmuseum-50fe20dc493f,reviewed
chronology-kingdom-greco-bactrian-eucratid-primary,kingdom-greco-bactrian-eucratid,-171,-130,approximate,approximate,approximate,political_phase,0,171 π.Χ.–130 π.Χ.,171 BCE–130 BCE,,,src-iranicaonline-2bb61f112fc3,reviewed
chronology-kingdom-greco-bactrian-euthydemid-primary,kingdom-greco-bactrian-euthydemid,-235,-171,approximate,approximate,approximate,political_phase,0,235 π.Χ.–171 π.Χ.,235 BCE–171 BCE,,,src-iranicaonline-d4697d4d5c1a,reviewed
chronology-kingdom-indo-greek-early-primary,kingdom-indo-greek-early,-200,-165,uncertain,uncertain,disputed,political_phase,0,200 π.Χ.–165 π.Χ.,200 BCE–165 BCE,Το διάστημα συμπυκνώνει αμφισβητούμενες ή μη συνεχείς ιστορικές φάσεις· απαιτείται λεπτομερέστερη διάσπαση πριν από αυστηρή χρονική ανάλυση.,This interval compresses disputed or discontinuous historical phases; it must be divided more finely before rigorous chronological analysis.,src-iranicaonline-612dff96c99c,needs_review
chronology-kingdom-indo-greek-late-primary,kingdom-indo-greek-late,-130,10,uncertain,uncertain,disputed,political_phase,0,130 π.Χ.–10 μ.Χ.,130 BCE–10 CE,Το διάστημα συμπυκνώνει αμφισβητούμενες ή μη συνεχείς ιστορικές φάσεις· απαιτείται λεπτομερέστερη διάσπαση πριν από αυστηρή χρονική ανάλυση.,This interval compresses disputed or discontinuous historical phases; it must be divided more finely before rigorous chronological analysis.,src-iranicaonline-612dff96c99c,needs_review
chronology-kingdom-indo-greek-menandrid-primary,kingdom-indo-greek-menandrid,-165,-130,approximate,approximate,approximate,political_phase,0,165 π.Χ.–130 π.Χ.,165 BCE–130 BCE,,,src-iranicaonline-612dff96c99c,reviewed
chronology-kingdom-iolcos-palatial-primary,kingdom-iolcos-palatial,-1400,-1200,approximate,approximate,broad_range,political_phase,0,1400 π.Χ.–1200 π.Χ.,1400 BCE–1200 BCE,,,src-odysseus-589898851f92,reviewed
chronology-kingdom-knossos-mycenaean-primary,kingdom-knossos-mycenaean,-1450,-1375,approximate,approximate,approximate,political_phase,0,1450 π.Χ.–1375 π.Χ.,1450 BCE–1375 BCE,,,src-odysseus-9e3ae0cba911,reviewed
chronology-kingdom-lysimachid-primary,kingdom-lysimachid,-306,-281,exact,exact,exact,political_phase,0,306 π.Χ.–281 π.Χ.,306 BCE–281 BCE,,,src-pleiades-501458,reviewed
chronology-kingdom-macedon-antigonid-primary,kingdom-macedon-antigonid,-277,-168,approximate,approximate,approximate,political_phase,0,277 π.Χ.–168 π.Χ.,277 BCE–168 BCE,,,src-metmuseum-50fe20dc493f,reviewed
chronology-kingdom-macedon-argead-primary,kingdom-macedon-argead,-700,-336,approximate,approximate,approximate,political_phase,0,700 π.Χ.–336 π.Χ.,700 BCE–336 BCE,,,src-whc-fd006971700c,reviewed
chronology-kingdom-macedon-kassandrid-primary,kingdom-macedon-kassandrid,-305,-294,exact,exact,exact,political_phase,0,305 π.Χ.–294 π.Χ.,305 BCE–294 BCE,,,src-metmuseum-50fe20dc493f,reviewed
chronology-kingdom-mycenae-palatial-primary,kingdom-mycenae-palatial,-1600,-1100,approximate,approximate,broad_range,political_phase,0,1600 π.Χ.–1100 π.Χ.,1600 BCE–1100 BCE,,,src-whc-6306f630553d,reviewed
chronology-kingdom-orchomenos-palatial-primary,kingdom-orchomenos-palatial,-1400,-1200,approximate,approximate,broad_range,political_phase,0,1400 π.Χ.–1200 π.Χ.,1400 BCE–1200 BCE,,,src-mthv-715d665b63b5,reviewed
chronology-kingdom-paphos-cyprus-primary,kingdom-paphos-cyprus,-800,-312,approximate,approximate,broad_range,political_phase,0,800 π.Χ.–312 π.Χ.,800 BCE–312 BCE,,,src-websites-d5246844b076,reviewed
chronology-kingdom-pontus-mithridatid-primary,kingdom-pontus-mithridatid,-280,-63,approximate,approximate,approximate,political_phase,0,280 π.Χ.–63 π.Χ.,280 BCE–63 BCE,,,src-metmuseum-50fe20dc493f,reviewed
chronology-kingdom-ptolemaic-egypt-primary,kingdom-ptolemaic-egypt,-305,-30,exact,exact,exact,political_phase,0,305 π.Χ.–30 π.Χ.,305 BCE–30 BCE,,,src-metmuseum-9200258a95cb,reviewed
chronology-kingdom-pylos-palatial-primary,kingdom-pylos-palatial,-1450,-1180,approximate,approximate,broad_range,political_phase,0,1450 π.Χ.–1180 π.Χ.,1450 BCE–1180 BCE,,,src-odysseus-00e2d87ae4a8,reviewed
chronology-kingdom-salamis-cyprus-primary,kingdom-salamis-cyprus,-800,-311,approximate,approximate,broad_range,political_phase,0,800 π.Χ.–311 π.Χ.,800 BCE–311 BCE,,,src-uni-muenster-0a0030be4d2a,reviewed
chronology-kingdom-seleucid-primary,kingdom-seleucid,-312,-63,approximate,approximate,approximate,political_phase,0,312 π.Χ.–63 π.Χ.,312 BCE–63 BCE,,,src-metmuseum-31540f5687cf,reviewed
chronology-kingdom-syracuse-agathocles-primary,kingdom-syracuse-agathocles,-304,-289,exact,exact,exact,political_phase,0,304 π.Χ.–289 π.Χ.,304 BCE–289 BCE,,,src-britishmuseum-073d3f0a8ae4,reviewed
chronology-kingdom-syracuse-hieron-ii-primary,kingdom-syracuse-hieron-ii,-269,-215,approximate,approximate,approximate,political_phase,0,269 π.Χ.–215 π.Χ.,269 BCE–215 BCE,,,src-britishmuseum-d101eb623c92,reviewed
chronology-kingdom-thebes-palatial-primary,kingdom-thebes-palatial,-1400,-1200,approximate,approximate,broad_range,political_phase,0,1400 π.Χ.–1200 π.Χ.,1400 BCE–1200 BCE,,,src-mthv-715d665b63b5,reviewed
chronology-kingdom-tiryns-palatial-primary,kingdom-tiryns-palatial,-1600,-1050,approximate,approximate,broad_range,political_phase,0,1600 π.Χ.–1050 π.Χ.,1600 BCE–1050 BCE,,,src-whc-6306f630553d,reviewed
chronology-sanctuary-aegina-aphaia-sanctuary-primary,sanctuary-aegina-aphaia-sanctuary,-1300,300,approximate,approximate,approximate,cult_activity_window,0,1300 π.Χ.–300 μ.Χ.,1300 BCE–300 CE,Το τελικό έτος είναι προσεγγιστικό όριο της κύριας αρχαίας λατρευτικής χρήσης και χρειάζεται ανάλυση σε επιμέρους φάσεις για λεπτομερή χρονογραμμή.,The final year is an approximate boundary for the principal period of ancient cult activity; a detailed timeline should separate the individual phases.,src-pleiades-579872,reviewed
chronology-sanctuary-akragas-concordia-temple-sanctuary-primary,sanctuary-akragas-concordia-temple-sanctuary,-440,400,approximate,approximate,approximate,cult_activity_window,0,440 π.Χ.–400 μ.Χ.,440 BCE–400 CE,Το τελικό έτος είναι προσεγγιστικό όριο της κύριας αρχαίας λατρευτικής χρήσης και χρειάζεται ανάλυση σε επιμέρους φάσεις για λεπτομερή χρονογραμμή.,The final year is an approximate boundary for the principal period of ancient cult activity; a detailed timeline should separate the individual phases.,src-pleiades-943504072,needs_review
chronology-sanctuary-alexandria-serapeum-primary,sanctuary-alexandria-serapeum,-280,391,approximate,approximate,approximate,cult_activity_window,0,280 π.Χ.–391 μ.Χ.,280 BCE–391 CE,,,src-pleiades-182618516,reviewed
chronology-sanctuary-amyklaion-apollo-sanctuary-primary,sanctuary-amyklaion-apollo-sanctuary,-800,400,approximate,approximate,approximate,cult_activity_window,0,800 π.Χ.–400 μ.Χ.,800 BCE–400 CE,Το τελικό έτος είναι προσεγγιστικό όριο της κύριας αρχαίας λατρευτικής χρήσης και χρειάζεται ανάλυση σε επιμέρους φάσεις για λεπτομερή χρονογραμμή.,The final year is an approximate boundary for the principal period of ancient cult activity; a detailed timeline should separate the individual phases.,src-pleiades-73644851,reviewed
chronology-sanctuary-aphrodisias-aphrodite-sanctuary-primary,sanctuary-aphrodisias-aphrodite-sanctuary,-600,500,approximate,approximate,approximate,cult_activity_window,0,600 π.Χ.–500 μ.Χ.,600 BCE–500 CE,,,src-aphrodisias-excavations-68b8b8553e48,reviewed
chronology-sanctuary-apollonia-pontica-apollo-ietros-sanctuary-primary,sanctuary-apollonia-pontica-apollo-ietros-sanctuary,-560,-72,approximate,approximate,approximate,cult_activity_window,0,560 π.Χ.–72 π.Χ.,560 BCE–72 BCE,,,src-pleiades-216706,needs_review
chronology-sanctuary-argive-heraion-primary,sanctuary-argive-heraion,-800,400,approximate,approximate,approximate,cult_activity_window,0,800 π.Χ.–400 μ.Χ.,800 BCE–400 CE,Το τελικό έτος είναι προσεγγιστικό όριο της κύριας αρχαίας λατρευτικής χρήσης και χρειάζεται ανάλυση σε επιμέρους φάσεις για λεπτομερή χρονογραμμή.,The final year is an approximate boundary for the principal period of ancient cult activity; a detailed timeline should separate the individual phases.,src-pleiades-570289,reviewed
chronology-sanctuary-athens-acropolis-sacred-center-primary,sanctuary-athens-acropolis-sacred-center,-1300,529,approximate,approximate,approximate,cult_activity_window,0,1300 π.Χ.–529 μ.Χ.,1300 BCE–529 CE,,,src-pleiades-638356144,reviewed
chronology-sanctuary-bassae-apollo-epikourios-primary,sanctuary-bassae-apollo-epikourios,-600,400,approximate,approximate,approximate,cult_activity_window,0,600 π.Χ.–400 μ.Χ.,600 BCE–400 CE,Το τελικό έτος είναι προσεγγιστικό όριο της κύριας αρχαίας λατρευτικής χρήσης και χρειάζεται ανάλυση σε επιμέρους φάσεις για λεπτομερή χρονογραμμή.,The final year is an approximate boundary for the principal period of ancient cult activity; a detailed timeline should separate the individual phases.,src-pleiades-570148,reviewed
chronology-sanctuary-brauron-artemis-sanctuary-primary,sanctuary-brauron-artemis-sanctuary,-800,-300,approximate,approximate,approximate,cult_activity_window,0,800 π.Χ.–300 π.Χ.,800 BCE–300 BCE,,,src-pleiades-579879,reviewed
chronology-sanctuary-chersonesos-parthenos-sanctuary-primary,sanctuary-chersonesos-parthenos-sanctuary,-400,300,approximate,approximate,approximate,cult_activity_window,0,400 π.Χ.–300 μ.Χ.,400 BCE–300 CE,Το τελικό έτος είναι προσεγγιστικό όριο της κύριας αρχαίας λατρευτικής χρήσης και χρειάζεται ανάλυση σε επιμέρους φάσεις για λεπτομερή χρονογραμμή.,The final year is an approximate boundary for the principal period of ancient cult activity; a detailed timeline should separate the individual phases.,src-whc-329a28f5c851,needs_review
chronology-sanctuary-claros-apollo-oracle-primary,sanctuary-claros-apollo-oracle,-700,400,approximate,approximate,approximate,cult_activity_window,0,700 π.Χ.–400 μ.Χ.,700 BCE–400 CE,Το τελικό έτος είναι προσεγγιστικό όριο της κύριας αρχαίας λατρευτικής χρήσης και χρειάζεται ανάλυση σε επιμέρους φάσεις για λεπτομερή χρονογραμμή.,The final year is an approximate boundary for the principal period of ancient cult activity; a detailed timeline should separate the individual phases.,src-pleiades-599719,reviewed
chronology-sanctuary-crete-idaion-antron-primary,sanctuary-crete-idaion-antron,-2000,400,approximate,approximate,approximate,cult_activity_window,0,2000 π.Χ.–400 μ.Χ.,2000 BCE–400 CE,Το τελικό έτος είναι προσεγγιστικό όριο της κύριας αρχαίας λατρευτικής χρήσης και χρειάζεται ανάλυση σε επιμέρους φάσεις για λεπτομερή χρονογραμμή.,The final year is an approximate boundary for the principal period of ancient cult activity; a detailed timeline should separate the individual phases.,src-pleiades-589817,reviewed
chronology-sanctuary-crete-iuktas-peak-sanctuary-primary,sanctuary-crete-iuktas-peak-sanctuary,-2000,-1100,approximate,approximate,approximate,cult_activity_window,0,2000 π.Χ.–1100 π.Χ.,2000 BCE–1100 BCE,,,src-pleiades-559217802,reviewed
chronology-sanctuary-croton-hera-lacinia-sanctuary-primary,sanctuary-croton-hera-lacinia-sanctuary,-700,300,approximate,approximate,approximate,cult_activity_window,0,700 π.Χ.–300 μ.Χ.,700 BCE–300 CE,Το τελικό έτος είναι προσεγγιστικό όριο της κύριας αρχαίας λατρευτικής χρήσης και χρειάζεται ανάλυση σε επιμέρους φάσεις για λεπτομερή χρονογραμμή.,The final year is an approximate boundary for the principal period of ancient cult activity; a detailed timeline should separate the individual phases.,src-pleiades-452332,reviewed
chronology-sanctuary-cyrene-apollo-sanctuary-primary,sanctuary-cyrene-apollo-sanctuary,-700,200,approximate,approximate,approximate,cult_activity_window,0,700 π.Χ.–200 μ.Χ.,700 BCE–200 CE,,,src-pleiades-464482220,reviewed
chronology-sanctuary-cyrene-zeus-sanctuary-primary,sanctuary-cyrene-zeus-sanctuary,-500,365,approximate,approximate,approximate,cult_activity_window,0,500 π.Χ.–365 μ.Χ.,500 BCE–365 CE,,,src-pleiades-103565779,reviewed
chronology-sanctuary-delos-apollo-sanctuary-primary,sanctuary-delos-apollo-sanctuary,-900,400,approximate,approximate,approximate,cult_activity_window,0,900 π.Χ.–400 μ.Χ.,900 BCE–400 CE,Το τελικό έτος είναι προσεγγιστικό όριο της κύριας αρχαίας λατρευτικής χρήσης και χρειάζεται ανάλυση σε επιμέρους φάσεις για λεπτομερή χρονογραμμή.,The final year is an approximate boundary for the principal period of ancient cult activity; a detailed timeline should separate the individual phases.,src-pleiades-599506,reviewed
chronology-sanctuary-delphi-apollo-sanctuary-primary,sanctuary-delphi-apollo-sanctuary,-800,390,approximate,approximate,approximate,cult_activity_window,0,800 π.Χ.–390 μ.Χ.,800 BCE–390 CE,,,src-pleiades-540726,reviewed
chronology-sanctuary-delphi-athena-pronaia-sanctuary-primary,sanctuary-delphi-athena-pronaia-sanctuary,-700,390,approximate,approximate,approximate,cult_activity_window,0,700 π.Χ.–390 μ.Χ.,700 BCE–390 CE,,,src-pleiades-513711610,reviewed
chronology-sanctuary-despotiko-apollo-sanctuary-primary,sanctuary-despotiko-apollo-sanctuary,-750,200,approximate,approximate,approximate,cult_activity_window,0,750 π.Χ.–200 μ.Χ.,750 BCE–200 CE,,,src-pleiades-854812387,reviewed
chronology-sanctuary-didyma-apollo-oracle-primary,sanctuary-didyma-apollo-oracle,-800,400,approximate,approximate,approximate,cult_activity_window,0,800 π.Χ.–400 μ.Χ.,800 BCE–400 CE,Το τελικό έτος είναι προσεγγιστικό όριο της κύριας αρχαίας λατρευτικής χρήσης και χρειάζεται ανάλυση σε επιμέρους φάσεις για λεπτομερή χρονογραμμή.,The final year is an approximate boundary for the principal period of ancient cult activity; a detailed timeline should separate the individual phases.,src-pleiades-599593,reviewed
chronology-sanctuary-dodona-zeus-oracle-primary,sanctuary-dodona-zeus-oracle,-1200,392,approximate,approximate,approximate,cult_activity_window,0,1200 π.Χ.–392 μ.Χ.,1200 BCE–392 CE,,,src-pleiades-530843,reviewed
chronology-sanctuary-eleusis-demeter-sanctuary-primary,sanctuary-eleusis-demeter-sanctuary,-1400,392,approximate,approximate,approximate,cult_activity_window,0,1400 π.Χ.–392 μ.Χ.,1400 BCE–392 CE,,,src-pleiades-579910,reviewed
chronology-sanctuary-ephesus-artemis-sanctuary-primary,sanctuary-ephesus-artemis-sanctuary,-800,401,approximate,approximate,approximate,cult_activity_window,0,800 π.Χ.–401 μ.Χ.,800 BCE–401 CE,,,src-pleiades-873985034,reviewed
chronology-sanctuary-epidauros-asklepios-sanctuary-primary,sanctuary-epidauros-asklepios-sanctuary,-600,400,approximate,approximate,approximate,cult_activity_window,0,600 π.Χ.–400 μ.Χ.,600 BCE–400 CE,Το τελικό έτος είναι προσεγγιστικό όριο της κύριας αρχαίας λατρευτικής χρήσης και χρειάζεται ανάλυση σε επιμέρους φάσεις για λεπτομερή χρονογραμμή.,The final year is an approximate boundary for the principal period of ancient cult activity; a detailed timeline should separate the individual phases.,src-pleiades-570127,reviewed
chronology-sanctuary-foce-del-sele-heraion-primary,sanctuary-foce-del-sele-heraion,-600,200,approximate,approximate,approximate,cult_activity_window,0,600 π.Χ.–200 μ.Χ.,600 BCE–200 CE,,,src-pleiades-442610,reviewed
chronology-sanctuary-golgoi-aphrodite-sanctuary-primary,sanctuary-golgoi-aphrodite-sanctuary,-700,300,approximate,approximate,approximate,cult_activity_window,0,700 π.Χ.–300 μ.Χ.,700 BCE–300 CE,Το τελικό έτος είναι προσεγγιστικό όριο της κύριας αρχαίας λατρευτικής χρήσης και χρειάζεται ανάλυση σε επιμέρους φάσεις για λεπτομερή χρονογραμμή.,The final year is an approximate boundary for the principal period of ancient cult activity; a detailed timeline should separate the individual phases.,src-pleiades-707470,needs_review
chronology-sanctuary-gyroulas-demeter-sanctuary-primary,sanctuary-gyroulas-demeter-sanctuary,-800,-300,approximate,approximate,approximate,cult_activity_window,0,800 π.Χ.–300 π.Χ.,800 BCE–300 BCE,,,src-pleiades-599631,reviewed
chronology-sanctuary-hierapolis-ploutonion-primary,sanctuary-hierapolis-ploutonion,-200,400,approximate,approximate,approximate,cult_activity_window,0,200 π.Χ.–400 μ.Χ.,200 BCE–400 CE,Το τελικό έτος είναι προσεγγιστικό όριο της κύριας αρχαίας λατρευτικής χρήσης και χρειάζεται ανάλυση σε επιμέρους φάσεις για λεπτομερή χρονογραμμή.,The final year is an approximate boundary for the principal period of ancient cult activity; a detailed timeline should separate the individual phases.,src-pleiades-232079424,reviewed
chronology-sanctuary-histria-sacred-zone-primary,sanctuary-histria-sacred-zone,-600,300,approximate,approximate,approximate,cult_activity_window,0,600 π.Χ.–300 μ.Χ.,600 BCE–300 CE,Το τελικό έτος είναι προσεγγιστικό όριο της κύριας αρχαίας λατρευτικής χρήσης και χρειάζεται ανάλυση σε επιμέρους φάσεις για λεπτομερή χρονογραμμή.,The final year is an approximate boundary for the principal period of ancient cult activity; a detailed timeline should separate the individual phases.,src-pleiades-216839,needs_review
chronology-sanctuary-hyria-dionysos-sanctuary-primary,sanctuary-hyria-dionysos-sanctuary,-800,400,approximate,approximate,approximate,cult_activity_window,0,800 π.Χ.–400 μ.Χ.,800 BCE–400 CE,Το τελικό έτος είναι προσεγγιστικό όριο της κύριας αρχαίας λατρευτικής χρήσης και χρειάζεται ανάλυση σε επιμέρους φάσεις για λεπτομερή χρονογραμμή.,The final year is an approximate boundary for the principal period of ancient cult activity; a detailed timeline should separate the individual phases.,src-pleiades-599661,reviewed
chronology-sanctuary-isthmia-poseidon-sanctuary-primary,sanctuary-isthmia-poseidon-sanctuary,-700,390,approximate,approximate,approximate,cult_activity_window,0,700 π.Χ.–390 μ.Χ.,700 BCE–390 CE,,,src-pleiades-570316,reviewed
chronology-sanctuary-kalapodi-artemis-apollo-sanctuary-primary,sanctuary-kalapodi-artemis-apollo-sanctuary,-1400,400,approximate,approximate,approximate,cult_activity_window,0,1400 π.Χ.–400 μ.Χ.,1400 BCE–400 CE,Το τελικό έτος είναι προσεγγιστικό όριο της κύριας αρχαίας λατρευτικής χρήσης και χρειάζεται ανάλυση σε επιμέρους φάσεις για λεπτομερή χρονογραμμή.,The final year is an approximate boundary for the principal period of ancient cult activity; a detailed timeline should separate the individual phases.,src-pleiades-955675680,reviewed
chronology-sanctuary-kos-asklepieion-primary,sanctuary-kos-asklepieion,-300,400,approximate,approximate,approximate,cult_activity_window,0,300 π.Χ.–400 μ.Χ.,300 BCE–400 CE,Το τελικό έτος είναι προσεγγιστικό όριο της κύριας αρχαίας λατρευτικής χρήσης και χρειάζεται ανάλυση σε επιμέρους φάσεις για λεπτομερή χρονογραμμή.,The final year is an approximate boundary for the principal period of ancient cult activity; a detailed timeline should separate the individual phases.,src-pleiades-599528,reviewed
chronology-sanctuary-kourion-apollo-hylates-sanctuary-primary,sanctuary-kourion-apollo-hylates-sanctuary,-800,365,approximate,approximate,approximate,cult_activity_window,0,800 π.Χ.–365 μ.Χ.,800 BCE–365 CE,,,src-pleiades-707476,reviewed
chronology-sanctuary-labraunda-zeus-sanctuary-primary,sanctuary-labraunda-zeus-sanctuary,-700,400,approximate,approximate,approximate,cult_activity_window,0,700 π.Χ.–400 μ.Χ.,700 BCE–400 CE,Το τελικό έτος είναι προσεγγιστικό όριο της κύριας αρχαίας λατρευτικής χρήσης και χρειάζεται ανάλυση σε επιμέρους φάσεις για λεπτομερή χρονογραμμή.,The final year is an approximate boundary for the principal period of ancient cult activity; a detailed timeline should separate the individual phases.,src-pleiades-599745,reviewed
chronology-sanctuary-lagina-hekate-sanctuary-primary,sanctuary-lagina-hekate-sanctuary,-300,400,approximate,approximate,approximate,cult_activity_window,0,300 π.Χ.–400 μ.Χ.,300 BCE–400 CE,Το τελικό έτος είναι προσεγγιστικό όριο της κύριας αρχαίας λατρευτικής χρήσης και χρειάζεται ανάλυση σε επιμέρους φάσεις για λεπτομερή χρονογραμμή.,The final year is an approximate boundary for the principal period of ancient cult activity; a detailed timeline should separate the individual phases.,src-pleiades-376215160,reviewed
chronology-sanctuary-lemnos-kabeirion-primary,sanctuary-lemnos-kabeirion,-700,400,approximate,approximate,approximate,cult_activity_window,0,700 π.Χ.–400 μ.Χ.,700 BCE–400 CE,Το τελικό έτος είναι προσεγγιστικό όριο της κύριας αρχαίας λατρευτικής χρήσης και χρειάζεται ανάλυση σε επιμέρους φάσεις για λεπτομερή χρονογραμμή.,The final year is an approximate boundary for the principal period of ancient cult activity; a detailed timeline should separate the individual phases.,src-pleiades-550604,reviewed
chronology-sanctuary-letoon-lycian-sanctuary-primary,sanctuary-letoon-lycian-sanctuary,-700,400,approximate,approximate,approximate,cult_activity_window,0,700 π.Χ.–400 μ.Χ.,700 BCE–400 CE,Το τελικό έτος είναι προσεγγιστικό όριο της κύριας αρχαίας λατρευτικής χρήσης και χρειάζεται ανάλυση σε επιμέρους φάσεις για λεπτομερή χρονογραμμή.,The final year is an approximate boundary for the principal period of ancient cult activity; a detailed timeline should separate the individual phases.,src-pleiades-638958,reviewed
chronology-sanctuary-lindos-athena-sanctuary-primary,sanctuary-lindos-athena-sanctuary,-900,400,approximate,approximate,approximate,cult_activity_window,0,900 π.Χ.–400 μ.Χ.,900 BCE–400 CE,Το τελικό έτος είναι προσεγγιστικό όριο της κύριας αρχαίας λατρευτικής χρήσης και χρειάζεται ανάλυση σε επιμέρους φάσεις για λεπτομερή χρονογραμμή.,The final year is an approximate boundary for the principal period of ancient cult activity; a detailed timeline should separate the individual phases.,src-pleiades-414067217,reviewed
chronology-sanctuary-locri-mannella-persephone-sanctuary-primary,sanctuary-locri-mannella-persephone-sanctuary,-650,-200,approximate,approximate,approximate,cult_activity_window,0,650 π.Χ.–200 π.Χ.,650 BCE–200 BCE,,,src-museoarcheologicoreggiocalabria-a34e7a2bfa16,reviewed
chronology-sanctuary-magnesia-artemis-leukophryene-primary,sanctuary-magnesia-artemis-leukophryene,-700,400,approximate,approximate,approximate,cult_activity_window,0,700 π.Χ.–400 μ.Χ.,700 BCE–400 CE,Το τελικό έτος είναι προσεγγιστικό όριο της κύριας αρχαίας λατρευτικής χρήσης και χρειάζεται ανάλυση σε επιμέρους φάσεις για λεπτομερή χρονογραμμή.,The final year is an approximate boundary for the principal period of ancient cult activity; a detailed timeline should separate the individual phases.,src-pleiades-599778,needs_review
chronology-sanctuary-menelaion-sparta-primary,sanctuary-menelaion-sparta,-700,200,approximate,approximate,approximate,cult_activity_window,0,700 π.Χ.–200 μ.Χ.,700 BCE–200 CE,,,src-pleiades-570477,reviewed
chronology-sanctuary-metapontum-tavole-palatine-heraion-primary,sanctuary-metapontum-tavole-palatine-heraion,-600,200,approximate,approximate,approximate,cult_activity_window,0,600 π.Χ.–200 μ.Χ.,600 BCE–200 CE,,,src-pleiades-442611,reviewed
chronology-sanctuary-mount-lykaion-zeus-sanctuary-primary,sanctuary-mount-lykaion-zeus-sanctuary,-1600,300,approximate,approximate,approximate,cult_activity_window,0,1600 π.Χ.–300 μ.Χ.,1600 BCE–300 CE,Το τελικό έτος είναι προσεγγιστικό όριο της κύριας αρχαίας λατρευτικής χρήσης και χρειάζεται ανάλυση σε επιμέρους φάσεις για λεπτομερή χρονογραμμή.,The final year is an approximate boundary for the principal period of ancient cult activity; a detailed timeline should separate the individual phases.,src-pleiades-570764,reviewed
chronology-sanctuary-naukratis-hellenion-primary,sanctuary-naukratis-hellenion,-570,100,approximate,approximate,approximate,cult_activity_window,0,570 π.Χ.–100 μ.Χ.,570 BCE–100 CE,,,src-britishmuseum-4626abd5cbdd,needs_review
chronology-sanctuary-nemea-zeus-sanctuary-primary,sanctuary-nemea-zeus-sanctuary,-600,300,approximate,approximate,approximate,cult_activity_window,0,600 π.Χ.–300 μ.Χ.,600 BCE–300 CE,Το τελικό έτος είναι προσεγγιστικό όριο της κύριας αρχαίας λατρευτικής χρήσης και χρειάζεται ανάλυση σε επιμέρους φάσεις για λεπτομερή χρονογραμμή.,The final year is an approximate boundary for the principal period of ancient cult activity; a detailed timeline should separate the individual phases.,src-pleiades-570504,reviewed
chronology-sanctuary-olbia-apollo-delphinios-sanctuary-primary,sanctuary-olbia-apollo-delphinios-sanctuary,-550,-55,approximate,approximate,approximate,cult_activity_window,0,550 π.Χ.–55 π.Χ.,550 BCE–55 BCE,,,src-penn-a97aa05ea214,needs_review
chronology-sanctuary-olympia-zeus-sanctuary-primary,sanctuary-olympia-zeus-sanctuary,-1000,393,approximate,approximate,approximate,cult_activity_window,0,1000 π.Χ.–393 μ.Χ.,1000 BCE–393 CE,,,src-pleiades-570531,reviewed
chronology-sanctuary-oropos-amphiareion-primary,sanctuary-oropos-amphiareion,-500,400,approximate,approximate,approximate,cult_activity_window,0,500 π.Χ.–400 μ.Χ.,500 BCE–400 CE,Το τελικό έτος είναι προσεγγιστικό όριο της κύριας αρχαίας λατρευτικής χρήσης και χρειάζεται ανάλυση σε επιμέρους φάσεις για λεπτομερή χρονογραμμή.,The final year is an approximate boundary for the principal period of ancient cult activity; a detailed timeline should separate the individual phases.,src-pleiades-540628,reviewed
chronology-sanctuary-palaepaphos-aphrodite-sanctuary-primary,sanctuary-palaepaphos-aphrodite-sanctuary,-1200,391,approximate,approximate,approximate,cult_activity_window,0,1200 π.Χ.–391 μ.Χ.,1200 BCE–391 CE,,,src-pleiades-828989863,reviewed
chronology-sanctuary-panionion-poseidon-sanctuary-primary,sanctuary-panionion-poseidon-sanctuary,-700,300,approximate,approximate,approximate,cult_activity_window,0,700 π.Χ.–300 μ.Χ.,700 BCE–300 CE,Το τελικό έτος είναι προσεγγιστικό όριο της κύριας αρχαίας λατρευτικής χρήσης και χρειάζεται ανάλυση σε επιμέρους φάσεις για λεπτομερή χρονογραμμή.,The final year is an approximate boundary for the principal period of ancient cult activity; a detailed timeline should separate the individual phases.,src-pleiades-599855,reviewed
chronology-sanctuary-pantikapaion-apollo-ietros-sanctuary-primary,sanctuary-pantikapaion-apollo-ietros-sanctuary,-550,300,approximate,approximate,approximate,cult_activity_window,0,550 π.Χ.–300 μ.Χ.,550 BCE–300 CE,Το τελικό έτος είναι προσεγγιστικό όριο της κύριας αρχαίας λατρευτικής χρήσης και χρειάζεται ανάλυση σε επιμέρους φάσεις για λεπτομερή χρονογραμμή.,The final year is an approximate boundary for the principal period of ancient cult activity; a detailed timeline should separate the individual phases.,src-pleiades-854719,needs_review
chronology-sanctuary-perachora-heraion-primary,sanctuary-perachora-heraion,-800,-146,approximate,approximate,approximate,cult_activity_window,0,800 π.Χ.–146 π.Χ.,800 BCE–146 BCE,,,src-pleiades-570288,reviewed
chronology-sanctuary-pergamon-asklepieion-primary,sanctuary-pergamon-asklepieion,-400,400,approximate,approximate,approximate,cult_activity_window,0,400 π.Χ.–400 μ.Χ.,400 BCE–400 CE,Το τελικό έτος είναι προσεγγιστικό όριο της κύριας αρχαίας λατρευτικής χρήσης και χρειάζεται ανάλυση σε επιμέρους φάσεις για λεπτομερή χρονογραμμή.,The final year is an approximate boundary for the principal period of ancient cult activity; a detailed timeline should separate the individual phases.,src-pleiades-550459,reviewed
chronology-sanctuary-priene-athena-polias-sanctuary-primary,sanctuary-priene-athena-polias-sanctuary,-350,400,approximate,approximate,approximate,cult_activity_window,0,350 π.Χ.–400 μ.Χ.,350 BCE–400 CE,Το τελικό έτος είναι προσεγγιστικό όριο της κύριας αρχαίας λατρευτικής χρήσης και χρειάζεται ανάλυση σε επιμέρους φάσεις για λεπτομερή χρονογραμμή.,The final year is an approximate boundary for the principal period of ancient cult activity; a detailed timeline should separate the individual phases.,src-pleiades-298577312,reviewed
chronology-sanctuary-rhodes-zeus-atabyrios-sanctuary-primary,sanctuary-rhodes-zeus-atabyrios-sanctuary,-700,400,approximate,approximate,approximate,cult_activity_window,0,700 π.Χ.–400 μ.Χ.,700 BCE–400 CE,Το τελικό έτος είναι προσεγγιστικό όριο της κύριας αρχαίας λατρευτικής χρήσης και χρειάζεται ανάλυση σε επιμέρους φάσεις για λεπτομερή χρονογραμμή.,The final year is an approximate boundary for the principal period of ancient cult activity; a detailed timeline should separate the individual phases.,src-pleiades-590099,reviewed
chronology-sanctuary-samos-heraion-primary,sanctuary-samos-heraion,-1000,400,approximate,approximate,approximate,cult_activity_window,0,1000 π.Χ.–400 μ.Χ.,1000 BCE–400 CE,Το τελικό έτος είναι προσεγγιστικό όριο της κύριας αρχαίας λατρευτικής χρήσης και χρειάζεται ανάλυση σε επιμέρους φάσεις για λεπτομερή χρονογραμμή.,The final year is an approximate boundary for the principal period of ancient cult activity; a detailed timeline should separate the individual phases.,src-pleiades-599641,reviewed
chronology-sanctuary-samothrace-great-gods-sanctuary-primary,sanctuary-samothrace-great-gods-sanctuary,-700,400,approximate,approximate,approximate,cult_activity_window,0,700 π.Χ.–400 μ.Χ.,700 BCE–400 CE,Το τελικό έτος είναι προσεγγιστικό όριο της κύριας αρχαίας λατρευτικής χρήσης και χρειάζεται ανάλυση σε επιμέρους φάσεις για λεπτομερή χρονογραμμή.,The final year is an approximate boundary for the principal period of ancient cult activity; a detailed timeline should separate the individual phases.,src-pleiades-501511,reviewed
chronology-sanctuary-sardis-artemis-sanctuary-primary,sanctuary-sardis-artemis-sanctuary,-550,400,approximate,approximate,approximate,cult_activity_window,0,550 π.Χ.–400 μ.Χ.,550 BCE–400 CE,Το τελικό έτος είναι προσεγγιστικό όριο της κύριας αρχαίας λατρευτικής χρήσης και χρειάζεται ανάλυση σε επιμέρους φάσεις για λεπτομερή χρονογραμμή.,The final year is an approximate boundary for the principal period of ancient cult activity; a detailed timeline should separate the individual phases.,src-pleiades-66376536,reviewed
chronology-sanctuary-segesta-doric-temple-sanctuary-primary,sanctuary-segesta-doric-temple-sanctuary,-430,-300,approximate,approximate,approximate,cult_activity_window,0,430 π.Χ.–300 π.Χ.,430 BCE–300 BCE,,,src-pleiades-963441586,needs_review
chronology-sanctuary-selinous-demeter-malophoros-sanctuary-primary,sanctuary-selinous-demeter-malophoros-sanctuary,-650,-250,approximate,approximate,approximate,cult_activity_window,0,650 π.Χ.–250 π.Χ.,650 BCE–250 BCE,,,src-pleiades-502577471,reviewed
chronology-sanctuary-siwa-amun-zeus-oracle-primary,sanctuary-siwa-amun-zeus-oracle,-650,400,approximate,approximate,approximate,cult_activity_window,0,650 π.Χ.–400 μ.Χ.,650 BCE–400 CE,Το τελικό έτος είναι προσεγγιστικό όριο της κύριας αρχαίας λατρευτικής χρήσης και χρειάζεται ανάλυση σε επιμέρους φάσεις για λεπτομερή χρονογραμμή.,The final year is an approximate boundary for the principal period of ancient cult activity; a detailed timeline should separate the individual phases.,src-pleiades-716520,reviewed
chronology-sanctuary-smintheion-apollo-sanctuary-primary,sanctuary-smintheion-apollo-sanctuary,-700,400,approximate,approximate,approximate,cult_activity_window,0,700 π.Χ.–400 μ.Χ.,700 BCE–400 CE,Το τελικό έτος είναι προσεγγιστικό όριο της κύριας αρχαίας λατρευτικής χρήσης και χρειάζεται ανάλυση σε επιμέρους φάσεις για λεπτομερή χρονογραμμή.,The final year is an approximate boundary for the principal period of ancient cult activity; a detailed timeline should separate the individual phases.,src-pleiades-550892,reviewed
chronology-sanctuary-sounion-poseidon-sanctuary-primary,sanctuary-sounion-poseidon-sanctuary,-700,300,approximate,approximate,approximate,cult_activity_window,0,700 π.Χ.–300 μ.Χ.,700 BCE–300 CE,Το τελικό έτος είναι προσεγγιστικό όριο της κύριας αρχαίας λατρευτικής χρήσης και χρειάζεται ανάλυση σε επιμέρους φάσεις για λεπτομερή χρονογραμμή.,The final year is an approximate boundary for the principal period of ancient cult activity; a detailed timeline should separate the individual phases.,src-pleiades-580086,reviewed
chronology-sanctuary-syracuse-apollo-sanctuary-primary,sanctuary-syracuse-apollo-sanctuary,-600,400,approximate,approximate,approximate,cult_activity_window,0,600 π.Χ.–400 μ.Χ.,600 BCE–400 CE,Το τελικό έτος είναι προσεγγιστικό όριο της κύριας αρχαίας λατρευτικής χρήσης και χρειάζεται ανάλυση σε επιμέρους φάσεις για λεπτομερή χρονογραμμή.,The final year is an approximate boundary for the principal period of ancient cult activity; a detailed timeline should separate the individual phases.,src-pleiades-418729933,reviewed
chronology-sanctuary-tegea-athena-alea-sanctuary-primary,sanctuary-tegea-athena-alea-sanctuary,-700,400,approximate,approximate,approximate,cult_activity_window,0,700 π.Χ.–400 μ.Χ.,700 BCE–400 CE,Το τελικό έτος είναι προσεγγιστικό όριο της κύριας αρχαίας λατρευτικής χρήσης και χρειάζεται ανάλυση σε επιμέρους φάσεις για λεπτομερή χρονογραμμή.,The final year is an approximate boundary for the principal period of ancient cult activity; a detailed timeline should separate the individual phases.,src-pleiades-372843530,reviewed
chronology-sanctuary-thermon-apollo-sanctuary-primary,sanctuary-thermon-apollo-sanctuary,-630,-100,approximate,approximate,approximate,cult_activity_window,0,630 π.Χ.–100 π.Χ.,630 BCE–100 BCE,,,src-pleiades-728329645,reviewed
chronology-sanctuary-tinos-poseidon-amphitrite-sanctuary-primary,sanctuary-tinos-poseidon-amphitrite-sanctuary,-350,300,approximate,approximate,approximate,cult_activity_window,0,350 π.Χ.–300 μ.Χ.,350 BCE–300 CE,Το τελικό έτος είναι προσεγγιστικό όριο της κύριας αρχαίας λατρευτικής χρήσης και χρειάζεται ανάλυση σε επιμέρους φάσεις για λεπτομερή χρονογραμμή.,The final year is an approximate boundary for the principal period of ancient cult activity; a detailed timeline should separate the individual phases.,src-pleiades-590006,reviewed
