external_id,entity_id,place_id,scheme,identifier,uri,match_type,source_id
ext-pleiades-city-aegina-city,city-aegina-city,,pleiades,579853,https://pleiades.stoa.org/places/579853,exact,src-pleiades-579853
ext-pleiades-city-aigai-macedonia,city-aigai-macedonia,,pleiades,491512,https://pleiades.stoa.org/places/491512,exact,src-pleiades-491512
ext-pleiades-city-alexandria-egypt,city-alexandria-egypt,,pleiades,727070,https://pleiades.stoa.org/places/727070,exact,src-pleiades-727070
ext-pleiades-city-antioch-orontes,city-antioch-orontes,,pleiades,658381,https://pleiades.stoa.org/places/658381,exact,src-pleiades-658381
ext-pleiades-city-argos,city-argos,,pleiades,570106,https://pleiades.stoa.org/places/570106,exact,src-pleiades-570106
ext-pleiades-city-athens-attica,city-athens-attica,,pleiades,579885,https://pleiades.stoa.org/places/579885,exact,src-pleiades-579885
ext-pleiades-city-chalcis-euboea,city-chalcis-euboea,,pleiades,540703,https://pleiades.stoa.org/places/540703,exact,src-pleiades-540703
ext-pleiades-city-chios-city,city-chios-city,,pleiades,550496,https://pleiades.stoa.org/places/550496,exact,src-pleiades-550496
ext-pleiades-city-corinth,city-corinth,,pleiades,570182,https://pleiades.stoa.org/places/570182,exact,src-pleiades-570182
ext-pleiades-city-demetrias,city-demetrias,,pleiades,540730,https://pleiades.stoa.org/places/540730,exact,src-pleiades-540730
ext-pleiades-city-dion,city-dion,,pleiades,491572,https://pleiades.stoa.org/places/491572,exact,src-pleiades-491572
ext-pleiades-city-epidaurus-city,city-epidaurus-city,,pleiades,570228,https://pleiades.stoa.org/places/570228,exact,src-pleiades-570228
ext-pleiades-city-eretria-euboea,city-eretria-euboea,,pleiades,579925,https://pleiades.stoa.org/places/579925,exact,src-pleiades-579925
ext-pleiades-city-gortyn,city-gortyn,,pleiades,589796,https://pleiades.stoa.org/places/589796,exact,src-pleiades-589796
ext-pleiades-city-knossos,city-knossos,,pleiades,589872,https://pleiades.stoa.org/places/589872,exact,src-pleiades-589872
ext-pleiades-city-kos-city,city-kos-city,,pleiades,599728,https://pleiades.stoa.org/places/599728,exact,src-pleiades-599728
ext-pleiades-city-larissa-thessaly,city-larissa-thessaly,,pleiades,540905,https://pleiades.stoa.org/places/540905,exact,src-pleiades-540905
ext-pleiades-city-lindos,city-lindos,,pleiades,589913,https://pleiades.stoa.org/places/589913,exact,src-pleiades-589913
ext-pleiades-city-mantinea,city-mantinea,,pleiades,570459,https://pleiades.stoa.org/places/570459,exact,src-pleiades-570459
ext-pleiades-city-megalopolis,city-megalopolis,,pleiades,570467,https://pleiades.stoa.org/places/570467,exact,src-pleiades-570467
ext-pleiades-city-megara,city-megara,,pleiades,570468,https://pleiades.stoa.org/places/570468,exact,src-pleiades-570468
ext-pleiades-city-messene,city-messene,,pleiades,570479,https://pleiades.stoa.org/places/570479,exact,src-pleiades-570479
ext-pleiades-city-mytilene,city-mytilene,,pleiades,550763,https://pleiades.stoa.org/places/550763,exact,src-pleiades-550763
ext-pleiades-city-naxos-cyclades,city-naxos-cyclades,,pleiades,599821,https://pleiades.stoa.org/places/599821,exact,src-pleiades-599821
ext-pleiades-city-olynthus,city-olynthus,,pleiades,491678,https://pleiades.stoa.org/places/491678,exact,src-pleiades-491678
ext-pleiades-city-patrae,city-patrae,,pleiades,570567,https://pleiades.stoa.org/places/570567,exact,src-pleiades-570567
ext-pleiades-city-pella,city-pella,,pleiades,491687,https://pleiades.stoa.org/places/491687,exact,src-pleiades-491687
ext-pleiades-city-pergamum,city-pergamum,,pleiades,550812,https://pleiades.stoa.org/places/550812,exact,src-pleiades-550812
ext-pleiades-city-pherae-thessaly,city-pherae-thessaly,,pleiades,541044,https://pleiades.stoa.org/places/541044,exact,src-pleiades-541044
ext-pleiades-city-piraeus,city-piraeus,,pleiades,580062,https://pleiades.stoa.org/places/580062,exact,src-pleiades-580062
ext-pleiades-city-ptolemais-cyrenaica,city-ptolemais-cyrenaica,,pleiades,373879,https://pleiades.stoa.org/places/373879,exact,src-pleiades-373879
ext-pleiades-city-pydna,city-pydna,,pleiades,491703,https://pleiades.stoa.org/places/491703,exact,src-pleiades-491703
ext-pleiades-city-rhodes-city,city-rhodes-city,,pleiades,590030,https://pleiades.stoa.org/places/590030,exact,src-pleiades-590030
ext-pleiades-city-samos-city,city-samos-city,,pleiades,599925,https://pleiades.stoa.org/places/599925,exact,src-pleiades-599925
ext-pleiades-city-sicyon,city-sicyon,,pleiades,570668,https://pleiades.stoa.org/places/570668,exact,src-pleiades-570668
ext-pleiades-city-smyrna,city-smyrna,,pleiades,550893,https://pleiades.stoa.org/places/550893,exact,src-pleiades-550893
ext-pleiades-city-sparta,city-sparta,,pleiades,570685,https://pleiades.stoa.org/places/570685,exact,src-pleiades-570685
ext-pleiades-city-tegea,city-tegea,,pleiades,570707,https://pleiades.stoa.org/places/570707,exact,src-pleiades-570707
ext-pleiades-city-thebes-boeotia,city-thebes-boeotia,,pleiades,541138,https://pleiades.stoa.org/places/541138,exact,src-pleiades-541138
ext-pleiades-city-thera-city,city-thera-city,,pleiades,599971,https://pleiades.stoa.org/places/599971,exact,src-pleiades-599971
ext-pleiades-city-thessalonica,city-thessalonica,,pleiades,491741,https://pleiades.stoa.org/places/491741,exact,src-pleiades-491741
ext-pleiades-colony-abydos,colony-abydos,,pleiades,501325,https://pleiades.stoa.org/places/501325,exact,src-pleiades-501325
ext-pleiades-colony-akragas,colony-akragas,,pleiades,462086,https://pleiades.stoa.org/places/462086,exact,src-pleiades-462086
ext-pleiades-colony-ambracia,colony-ambracia,,pleiades,530794,https://pleiades.stoa.org/places/530794,exact,src-pleiades-530794
ext-pleiades-colony-amisus,colony-amisus,,pleiades,857024,https://pleiades.stoa.org/places/857024,exact,src-pleiades-857024
ext-pleiades-colony-amphipolis,colony-amphipolis,,pleiades,501347,https://pleiades.stoa.org/places/501347,exact,src-pleiades-501347
ext-pleiades-colony-ancona,colony-ancona,,pleiades,413014,https://pleiades.stoa.org/places/413014,exact,src-pleiades-413014
ext-pleiades-colony-apollonia-cyrenaica,colony-apollonia-cyrenaica,,pleiades,373732,https://pleiades.stoa.org/places/373732,exact,src-pleiades-373732
ext-pleiades-colony-apollonia-illyria,colony-apollonia-illyria,,pleiades,481728,https://pleiades.stoa.org/places/481728,exact,src-pleiades-481728
ext-pleiades-colony-apollonia-pontica,colony-apollonia-pontica,,pleiades,216706,https://pleiades.stoa.org/places/216706,exact,src-pleiades-216706
ext-pleiades-colony-assos,colony-assos,,pleiades,550463,https://pleiades.stoa.org/places/550463,exact,src-pleiades-550463
ext-pleiades-colony-barca-cyrenaica,colony-barca-cyrenaica,,pleiades,373750,https://pleiades.stoa.org/places/373750,exact,src-pleiades-373750
ext-pleiades-colony-byzantium,colony-byzantium,,pleiades,520985,https://pleiades.stoa.org/places/520985,exact,src-pleiades-520985
ext-pleiades-colony-callatis,colony-callatis,,pleiades,216744,https://pleiades.stoa.org/places/216744,exact,src-pleiades-216744
ext-pleiades-colony-catana,colony-catana,,pleiades,462270,https://pleiades.stoa.org/places/462270,exact,src-pleiades-462270
ext-pleiades-colony-chalcedon,colony-chalcedon,,pleiades,520988,https://pleiades.stoa.org/places/520988,exact,src-pleiades-520988
ext-pleiades-colony-chersonesus-taurica,colony-chersonesus-taurica,,pleiades,226564,https://pleiades.stoa.org/places/226564,exact,src-pleiades-226564
ext-pleiades-colony-clazomenae,colony-clazomenae,,pleiades,550651,https://pleiades.stoa.org/places/550651,exact,src-pleiades-550651
ext-pleiades-colony-cnidus,colony-cnidus,,pleiades,599575,https://pleiades.stoa.org/places/599575,exact,src-pleiades-599575
ext-pleiades-colony-colophon,colony-colophon,,pleiades,599577,https://pleiades.stoa.org/places/599577,exact,src-pleiades-599577
ext-pleiades-colony-corcyra,colony-corcyra,,pleiades,530834,https://pleiades.stoa.org/places/530834,exact,src-pleiades-530834
ext-pleiades-colony-croton,colony-croton,,pleiades,452317,https://pleiades.stoa.org/places/452317,exact,src-pleiades-452317
ext-pleiades-colony-cumae-campania,colony-cumae-campania,,pleiades,432808,https://pleiades.stoa.org/places/432808,exact,src-pleiades-432808
ext-pleiades-colony-cyme-aeolis,colony-cyme-aeolis,,pleiades,550506,https://pleiades.stoa.org/places/550506,exact,src-pleiades-550506
ext-pleiades-colony-cyrene,colony-cyrene,,pleiades,373778,https://pleiades.stoa.org/places/373778,exact,src-pleiades-373778
ext-pleiades-colony-cyzicus,colony-cyzicus,,pleiades,511218,https://pleiades.stoa.org/places/511218,exact,src-pleiades-511218
ext-pleiades-colony-dioscurias,colony-dioscurias,,pleiades,857107,https://pleiades.stoa.org/places/857107,exact,src-pleiades-857107
ext-pleiades-colony-elea-velia,colony-elea-velia,,pleiades,452488,https://pleiades.stoa.org/places/452488,exact,src-pleiades-452488
ext-pleiades-colony-emporion-iberia,colony-emporion-iberia,,pleiades,246382,https://pleiades.stoa.org/places/246382,exact,src-pleiades-246382
ext-pleiades-colony-ephesus,colony-ephesus,,pleiades,599612,https://pleiades.stoa.org/places/599612,exact,src-pleiades-599612
ext-pleiades-colony-epidamnos,colony-epidamnos,,pleiades,481818,https://pleiades.stoa.org/places/481818,exact,src-pleiades-481818
ext-pleiades-colony-erythrae-ionia,colony-erythrae-ionia,,pleiades,550535,https://pleiades.stoa.org/places/550535,exact,src-pleiades-550535
ext-pleiades-colony-euesperides,colony-euesperides,,pleiades,373786,https://pleiades.stoa.org/places/373786,exact,src-pleiades-373786
ext-pleiades-colony-gela,colony-gela,,pleiades,462214,https://pleiades.stoa.org/places/462214,exact,src-pleiades-462214
ext-pleiades-colony-halicarnassus,colony-halicarnassus,,pleiades,599636,https://pleiades.stoa.org/places/599636,exact,src-pleiades-599636
ext-pleiades-colony-heraclea-pontica,colony-heraclea-pontica,,pleiades,844944,https://pleiades.stoa.org/places/844944,exact,src-pleiades-844944
ext-pleiades-colony-himera,colony-himera,,pleiades,462244,https://pleiades.stoa.org/places/462244,exact,src-pleiades-462244
ext-pleiades-colony-histria-pontica,colony-histria-pontica,,pleiades,216839,https://pleiades.stoa.org/places/216839,exact,src-pleiades-216839
ext-pleiades-colony-iasos,colony-iasos,,pleiades,599664,https://pleiades.stoa.org/places/599664,exact,src-pleiades-599664
ext-pleiades-colony-lampsacus,colony-lampsacus,,pleiades,501570,https://pleiades.stoa.org/places/501570,exact,src-pleiades-501570
ext-pleiades-colony-leontinoi,colony-leontinoi,,pleiades,462279,https://pleiades.stoa.org/places/462279,exact,src-pleiades-462279
ext-pleiades-colony-locri-epizephyrii,colony-locri-epizephyrii,,pleiades,452369,https://pleiades.stoa.org/places/452369,exact,src-pleiades-452369
ext-pleiades-colony-magnesia-maeander,colony-magnesia-maeander,,pleiades,599778,https://pleiades.stoa.org/places/599778,exact,src-pleiades-599778
ext-pleiades-colony-massalia,colony-massalia,,pleiades,148127,https://pleiades.stoa.org/places/148127,exact,src-pleiades-148127
ext-pleiades-colony-megara-hyblaea,colony-megara-hyblaea,,pleiades,462307,https://pleiades.stoa.org/places/462307,exact,src-pleiades-462307
ext-pleiades-colony-mesembria,colony-mesembria,,pleiades,216882,https://pleiades.stoa.org/places/216882,exact,src-pleiades-216882
ext-pleiades-colony-metapontum,colony-metapontum,,pleiades,442658,https://pleiades.stoa.org/places/442658,exact,src-pleiades-442658
ext-pleiades-colony-miletus,colony-miletus,,pleiades,599799,https://pleiades.stoa.org/places/599799,exact,src-pleiades-599799
ext-pleiades-colony-myrina-aeolis,colony-myrina-aeolis,,pleiades,550756,https://pleiades.stoa.org/places/550756,exact,src-pleiades-550756
ext-pleiades-colony-naucratis,colony-naucratis,,pleiades,727169,https://pleiades.stoa.org/places/727169,exact,src-pleiades-727169
ext-pleiades-colony-naxos-sicily,colony-naxos-sicily,,pleiades,462386,https://pleiades.stoa.org/places/462386,exact,src-pleiades-462386
ext-pleiades-colony-neapolis-campania,colony-neapolis-campania,,pleiades,433014,https://pleiades.stoa.org/places/433014,exact,src-pleiades-433014
ext-pleiades-colony-odessos,colony-odessos,,pleiades,216904,https://pleiades.stoa.org/places/216904,exact,src-pleiades-216904
ext-pleiades-colony-olbia-pontica,colony-olbia-pontica,,pleiades,226546,https://pleiades.stoa.org/places/226546,exact,src-pleiades-226546
ext-pleiades-colony-panticapaeum,colony-panticapaeum,,pleiades,854719,https://pleiades.stoa.org/places/854719,exact,src-pleiades-854719
ext-pleiades-colony-phanagoria,colony-phanagoria,,pleiades,854724,https://pleiades.stoa.org/places/854724,exact,src-pleiades-854724
ext-pleiades-colony-pharos-hvar,colony-pharos-hvar,,pleiades,197433,https://pleiades.stoa.org/places/197433,exact,src-pleiades-197433
ext-pleiades-colony-phaselis,colony-phaselis,,pleiades,639051,https://pleiades.stoa.org/places/639051,exact,src-pleiades-639051
ext-pleiades-colony-phasis-city,colony-phasis-city,,pleiades,857275,https://pleiades.stoa.org/places/857275,exact,src-pleiades-857275
ext-pleiades-colony-philippi,colony-philippi,,pleiades,501482,https://pleiades.stoa.org/places/501482,exact,src-pleiades-501482
ext-pleiades-colony-phocaea,colony-phocaea,,pleiades,550823,https://pleiades.stoa.org/places/550823,exact,src-pleiades-550823
ext-pleiades-colony-poseidonia,colony-poseidonia,,pleiades,442733,https://pleiades.stoa.org/places/442733,exact,src-pleiades-442733
ext-pleiades-colony-priene,colony-priene,,pleiades,599905,https://pleiades.stoa.org/places/599905,exact,src-pleiades-599905
ext-pleiades-colony-rhegion,colony-rhegion,,pleiades,452416,https://pleiades.stoa.org/places/452416,exact,src-pleiades-452416
ext-pleiades-colony-selinus,colony-selinus,,pleiades,462489,https://pleiades.stoa.org/places/462489,exact,src-pleiades-462489
ext-pleiades-colony-sinope,colony-sinope,,pleiades,857321,https://pleiades.stoa.org/places/857321,exact,src-pleiades-857321
ext-pleiades-colony-sybaris,colony-sybaris,,pleiades,452457,https://pleiades.stoa.org/places/452457,exact,src-pleiades-452457
ext-pleiades-colony-syracuse,colony-syracuse,,pleiades,462503,https://pleiades.stoa.org/places/462503,exact,src-pleiades-462503
ext-pleiades-colony-tanais,colony-tanais,,pleiades,825397,https://pleiades.stoa.org/places/825397,exact,src-pleiades-825397
ext-pleiades-colony-taras,colony-taras,,pleiades,442810,https://pleiades.stoa.org/places/442810,exact,src-pleiades-442810
ext-pleiades-colony-taucheira,colony-taucheira,,pleiades,373736,https://pleiades.stoa.org/places/373736,exact,src-pleiades-373736
ext-pleiades-colony-teos,colony-teos,,pleiades,550913,https://pleiades.stoa.org/places/550913,exact,src-pleiades-550913
ext-pleiades-colony-theodosia-crimea,colony-theodosia-crimea,,pleiades,854743,https://pleiades.stoa.org/places/854743,exact,src-pleiades-854743
ext-pleiades-colony-tomis,colony-tomis,,pleiades,217016,https://pleiades.stoa.org/places/217016,exact,src-pleiades-217016
ext-pleiades-colony-tragurion,colony-tragurion,,pleiades,197555,https://pleiades.stoa.org/places/197555,exact,src-pleiades-197555
ext-pleiades-colony-trapezus,colony-trapezus,,pleiades,857359,https://pleiades.stoa.org/places/857359,exact,src-pleiades-857359
ext-pleiades-colony-tyras,colony-tyras,,pleiades,226800,https://pleiades.stoa.org/places/226800,exact,src-pleiades-226800
ext-pleiades-colony-zancle-messana,colony-zancle-messana,,pleiades,462538,https://pleiades.stoa.org/places/462538,exact,src-pleiades-462538
ext-pleiades-kingdom-lysimachid,,place-kingdom-lysimachid,pleiades,501458,https://pleiades.stoa.org/places/501458,representative_center,src-pleiades-501458
ext-pleiades-sanctuary-aegina-aphaia-sanctuary,sanctuary-aegina-aphaia-sanctuary,,pleiades,579872,https://pleiades.stoa.org/places/579872,exact,src-pleiades-579872
ext-pleiades-sanctuary-akragas-concordia-temple-sanctuary,sanctuary-akragas-concordia-temple-sanctuary,,pleiades,943504072,https://pleiades.stoa.org/places/943504072,exact,src-pleiades-943504072
ext-pleiades-sanctuary-alexandria-serapeum,sanctuary-alexandria-serapeum,,pleiades,182618516,https://pleiades.stoa.org/places/182618516,exact,src-pleiades-182618516
ext-pleiades-sanctuary-amyklaion-apollo-sanctuary,sanctuary-amyklaion-apollo-sanctuary,,pleiades,73644851,https://pleiades.stoa.org/places/73644851,exact,src-pleiades-73644851
ext-pleiades-sanctuary-apollonia-pontica-apollo-ietros-sanctuary,sanctuary-apollonia-pontica-apollo-ietros-sanctuary,,pleiades,216706,https://pleiades.stoa.org/places/216706,exact,src-pleiades-216706
ext-pleiades-sanctuary-argive-heraion,sanctuary-argive-heraion,,pleiades,570289,https://pleiades.stoa.org/places/570289,exact,src-pleiades-570289
ext-pleiades-sanctuary-athens-acropolis-sacred-center,sanctuary-athens-acropolis-sacred-center,,pleiades,638356144,https://pleiades.stoa.org/places/638356144,exact,src-pleiades-638356144
ext-pleiades-sanctuary-bassae-apollo-epikourios,sanctuary-bassae-apollo-epikourios,,pleiades,570148,https://pleiades.stoa.org/places/570148,exact,src-pleiades-570148
ext-pleiades-sanctuary-brauron-artemis-sanctuary,sanctuary-brauron-artemis-sanctuary,,pleiades,579879,https://pleiades.stoa.org/places/579879,exact,src-pleiades-579879
ext-pleiades-sanctuary-claros-apollo-oracle,sanctuary-claros-apollo-oracle,,pleiades,599719,https://pleiades.stoa.org/places/599719,exact,src-pleiades-599719
ext-pleiades-sanctuary-crete-idaion-antron,sanctuary-crete-idaion-antron,,pleiades,589817,https://pleiades.stoa.org/places/589817,exact,src-pleiades-589817
ext-pleiades-sanctuary-crete-iuktas-peak-sanctuary,sanctuary-crete-iuktas-peak-sanctuary,,pleiades,559217802,https://pleiades.stoa.org/places/559217802,exact,src-pleiades-559217802
ext-pleiades-sanctuary-croton-hera-lacinia-sanctuary,sanctuary-croton-hera-lacinia-sanctuary,,pleiades,452332,https://pleiades.stoa.org/places/452332,exact,src-pleiades-452332
ext-pleiades-sanctuary-cyrene-apollo-sanctuary,sanctuary-cyrene-apollo-sanctuary,,pleiades,464482220,https://pleiades.stoa.org/places/464482220,exact,src-pleiades-464482220
ext-pleiades-sanctuary-cyrene-zeus-sanctuary,sanctuary-cyrene-zeus-sanctuary,,pleiades,103565779,https://pleiades.stoa.org/places/103565779,exact,src-pleiades-103565779
ext-pleiades-sanctuary-delos-apollo-sanctuary,sanctuary-delos-apollo-sanctuary,,pleiades,599506,https://pleiades.stoa.org/places/599506,exact,src-pleiades-599506
ext-pleiades-sanctuary-delphi-apollo-sanctuary,sanctuary-delphi-apollo-sanctuary,,pleiades,540726,https://pleiades.stoa.org/places/540726,exact,src-pleiades-540726
ext-pleiades-sanctuary-delphi-athena-pronaia-sanctuary,sanctuary-delphi-athena-pronaia-sanctuary,,pleiades,513711610,https://pleiades.stoa.org/places/513711610,exact,src-pleiades-513711610
ext-pleiades-sanctuary-despotiko-apollo-sanctuary,sanctuary-despotiko-apollo-sanctuary,,pleiades,854812387,https://pleiades.stoa.org/places/854812387,exact,src-pleiades-854812387
ext-pleiades-sanctuary-didyma-apollo-oracle,sanctuary-didyma-apollo-oracle,,pleiades,599593,https://pleiades.stoa.org/places/599593,exact,src-pleiades-599593
ext-pleiades-sanctuary-dodona-zeus-oracle,sanctuary-dodona-zeus-oracle,,pleiades,530843,https://pleiades.stoa.org/places/530843,exact,src-pleiades-530843
ext-pleiades-sanctuary-eleusis-demeter-sanctuary,sanctuary-eleusis-demeter-sanctuary,,pleiades,579910,https://pleiades.stoa.org/places/579910,exact,src-pleiades-579910
ext-pleiades-sanctuary-ephesus-artemis-sanctuary,sanctuary-ephesus-artemis-sanctuary,,pleiades,873985034,https://pleiades.stoa.org/places/873985034,exact,src-pleiades-873985034
ext-pleiades-sanctuary-epidauros-asklepios-sanctuary,sanctuary-epidauros-asklepios-sanctuary,,pleiades,570127,https://pleiades.stoa.org/places/570127,exact,src-pleiades-570127
ext-pleiades-sanctuary-foce-del-sele-heraion,sanctuary-foce-del-sele-heraion,,pleiades,442610,https://pleiades.stoa.org/places/442610,exact,src-pleiades-442610
ext-pleiades-sanctuary-golgoi-aphrodite-sanctuary,sanctuary-golgoi-aphrodite-sanctuary,,pleiades,707470,https://pleiades.stoa.org/places/707470,exact,src-pleiades-707470
ext-pleiades-sanctuary-gyroulas-demeter-sanctuary,sanctuary-gyroulas-demeter-sanctuary,,pleiades,599631,https://pleiades.stoa.org/places/599631,exact,src-pleiades-599631
ext-pleiades-sanctuary-hierapolis-ploutonion,sanctuary-hierapolis-ploutonion,,pleiades,232079424,https://pleiades.stoa.org/places/232079424,exact,src-pleiades-232079424
ext-pleiades-sanctuary-histria-sacred-zone,sanctuary-histria-sacred-zone,,pleiades,216839,https://pleiades.stoa.org/places/216839,exact,src-pleiades-216839
ext-pleiades-sanctuary-hyria-dionysos-sanctuary,sanctuary-hyria-dionysos-sanctuary,,pleiades,599661,https://pleiades.stoa.org/places/599661,exact,src-pleiades-599661
ext-pleiades-sanctuary-isthmia-poseidon-sanctuary,sanctuary-isthmia-poseidon-sanctuary,,pleiades,570316,https://pleiades.stoa.org/places/570316,exact,src-pleiades-570316
ext-pleiades-sanctuary-kalapodi-artemis-apollo-sanctuary,sanctuary-kalapodi-artemis-apollo-sanctuary,,pleiades,955675680,https://pleiades.stoa.org/places/955675680,exact,src-pleiades-955675680
ext-pleiades-sanctuary-kos-asklepieion,sanctuary-kos-asklepieion,,pleiades,599528,https://pleiades.stoa.org/places/599528,exact,src-pleiades-599528
ext-pleiades-sanctuary-kourion-apollo-hylates-sanctuary,sanctuary-kourion-apollo-hylates-sanctuary,,pleiades,707476,https://pleiades.stoa.org/places/707476,exact,src-pleiades-707476
ext-pleiades-sanctuary-labraunda-zeus-sanctuary,sanctuary-labraunda-zeus-sanctuary,,pleiades,599745,https://pleiades.stoa.org/places/599745,exact,src-pleiades-599745
ext-pleiades-sanctuary-lagina-hekate-sanctuary,sanctuary-lagina-hekate-sanctuary,,pleiades,376215160,https://pleiades.stoa.org/places/376215160,exact,src-pleiades-376215160
ext-pleiades-sanctuary-lemnos-kabeirion,sanctuary-lemnos-kabeirion,,pleiades,550604,https://pleiades.stoa.org/places/550604,exact,src-pleiades-550604
ext-pleiades-sanctuary-letoon-lycian-sanctuary,sanctuary-letoon-lycian-sanctuary,,pleiades,638958,https://pleiades.stoa.org/places/638958,exact,src-pleiades-638958
ext-pleiades-sanctuary-lindos-athena-sanctuary,sanctuary-lindos-athena-sanctuary,,pleiades,414067217,https://pleiades.stoa.org/places/414067217,exact,src-pleiades-414067217
ext-pleiades-sanctuary-magnesia-artemis-leukophryene,sanctuary-magnesia-artemis-leukophryene,,pleiades,599778,https://pleiades.stoa.org/places/599778,exact,src-pleiades-599778
ext-pleiades-sanctuary-menelaion-sparta,sanctuary-menelaion-sparta,,pleiades,570477,https://pleiades.stoa.org/places/570477,exact,src-pleiades-570477
ext-pleiades-sanctuary-metapontum-tavole-palatine-heraion,sanctuary-metapontum-tavole-palatine-heraion,,pleiades,442611,https://pleiades.stoa.org/places/442611,exact,src-pleiades-442611
ext-pleiades-sanctuary-mount-lykaion-zeus-sanctuary,sanctuary-mount-lykaion-zeus-sanctuary,,pleiades,570764,https://pleiades.stoa.org/places/570764,exact,src-pleiades-570764
ext-pleiades-sanctuary-nemea-zeus-sanctuary,sanctuary-nemea-zeus-sanctuary,,pleiades,570504,https://pleiades.stoa.org/places/570504,exact,src-pleiades-570504
ext-pleiades-sanctuary-olympia-zeus-sanctuary,sanctuary-olympia-zeus-sanctuary,,pleiades,570531,https://pleiades.stoa.org/places/570531,exact,src-pleiades-570531
ext-pleiades-sanctuary-oropos-amphiareion,sanctuary-oropos-amphiareion,,pleiades,540628,https://pleiades.stoa.org/places/540628,exact,src-pleiades-540628
ext-pleiades-sanctuary-palaepaphos-aphrodite-sanctuary,sanctuary-palaepaphos-aphrodite-sanctuary,,pleiades,828989863,https://pleiades.stoa.org/places/828989863,exact,src-pleiades-828989863
ext-pleiades-sanctuary-panionion-poseidon-sanctuary,sanctuary-panionion-poseidon-sanctuary,,pleiades,599855,https://pleiades.stoa.org/places/599855,exact,src-pleiades-599855
ext-pleiades-sanctuary-pantikapaion-apollo-ietros-sanctuary,sanctuary-pantikapaion-apollo-ietros-sanctuary,,pleiades,854719,https://pleiades.stoa.org/places/854719,exact,src-pleiades-854719
ext-pleiades-sanctuary-perachora-heraion,sanctuary-perachora-heraion,,pleiades,570288,https://pleiades.stoa.org/places/570288,exact,src-pleiades-570288
ext-pleiades-sanctuary-pergamon-asklepieion,sanctuary-pergamon-asklepieion,,pleiades,550459,https://pleiades.stoa.org/places/550459,exact,src-pleiades-550459
ext-pleiades-sanctuary-priene-athena-polias-sanctuary,sanctuary-priene-athena-polias-sanctuary,,pleiades,298577312,https://pleiades.stoa.org/places/298577312,exact,src-pleiades-298577312
ext-pleiades-sanctuary-rhodes-zeus-atabyrios-sanctuary,sanctuary-rhodes-zeus-atabyrios-sanctuary,,pleiades,590099,https://pleiades.stoa.org/places/590099,exact,src-pleiades-590099
ext-pleiades-sanctuary-samos-heraion,sanctuary-samos-heraion,,pleiades,599641,https://pleiades.stoa.org/places/599641,exact,src-pleiades-599641
ext-pleiades-sanctuary-samothrace-great-gods-sanctuary,sanctuary-samothrace-great-gods-sanctuary,,pleiades,501511,https://pleiades.stoa.org/places/501511,exact,src-pleiades-501511
ext-pleiades-sanctuary-sardis-artemis-sanctuary,sanctuary-sardis-artemis-sanctuary,,pleiades,66376536,https://pleiades.stoa.org/places/66376536,exact,src-pleiades-66376536
ext-pleiades-sanctuary-segesta-doric-temple-sanctuary,sanctuary-segesta-doric-temple-sanctuary,,pleiades,963441586,https://pleiades.stoa.org/places/963441586,exact,src-pleiades-963441586
ext-pleiades-sanctuary-selinous-demeter-malophoros-sanctuary,sanctuary-selinous-demeter-malophoros-sanctuary,,pleiades,502577471,https://pleiades.stoa.org/places/502577471,exact,src-pleiades-502577471
ext-pleiades-sanctuary-siwa-amun-zeus-oracle,sanctuary-siwa-amun-zeus-oracle,,pleiades,716520,https://pleiades.stoa.org/places/716520,exact,src-pleiades-716520
ext-pleiades-sanctuary-smintheion-apollo-sanctuary,sanctuary-smintheion-apollo-sanctuary,,pleiades,550892,https://pleiades.stoa.org/places/550892,exact,src-pleiades-550892
ext-pleiades-sanctuary-sounion-poseidon-sanctuary,sanctuary-sounion-poseidon-sanctuary,,pleiades,580086,https://pleiades.stoa.org/places/580086,exact,src-pleiades-580086
ext-pleiades-sanctuary-syracuse-apollo-sanctuary,sanctuary-syracuse-apollo-sanctuary,,pleiades,418729933,https://pleiades.stoa.org/places/418729933,exact,src-pleiades-418729933
ext-pleiades-sanctuary-tegea-athena-alea-sanctuary,sanctuary-tegea-athena-alea-sanctuary,,pleiades,372843530,https://pleiades.stoa.org/places/372843530,exact,src-pleiades-372843530
ext-pleiades-sanctuary-thermon-apollo-sanctuary,sanctuary-thermon-apollo-sanctuary,,pleiades,728329645,https://pleiades.stoa.org/places/728329645,exact,src-pleiades-728329645
ext-pleiades-sanctuary-tinos-poseidon-amphitrite-sanctuary,sanctuary-tinos-poseidon-amphitrite-sanctuary,,pleiades,590006,https://pleiades.stoa.org/places/590006,exact,src-pleiades-590006
