place_id,entity_id,latitude,longitude,geometry_wkt,geometry_geojson,geometry_role,location_certainty,location_precision,modern_country_el,modern_country_en,country_iso3,country_iso2,modern_locality,coordinate_source_text,spatial_note_el,spatial_note_en,source_id,review_state
place-city-aegina-city,city-aegina-city,37.750149,23.423668,POINT (23.423668 37.750149),"{""coordinates"":[23.423668,37.750149],""type"":""Point""}",site,high,exact,Ελλάδα,Greece,GRC,GR,Αίγινα,Pleiades representative point,,,src-pleiades-579853,reviewed
place-city-aigai-macedonia,city-aigai-macedonia,40.480092,22.321872,POINT (22.321872 40.480092),"{""coordinates"":[22.321872,40.480092],""type"":""Point""}",site,high,exact,Ελλάδα,Greece,GRC,GR,Βεργίνα,Pleiades representative point,,,src-pleiades-491512,reviewed
place-city-alexandria-egypt,city-alexandria-egypt,31.201435,29.909773,POINT (29.909773 31.201435),"{""coordinates"":[29.909773,31.201435],""type"":""Point""}",site,high,exact,Αίγυπτος,Egypt,EGY,EG,Alexandria,Pleiades representative point,,,src-pleiades-727070,reviewed
place-city-antioch-orontes,city-antioch-orontes,36.222551,36.183214,POINT (36.183214 36.222551),"{""coordinates"":[36.183214,36.222551],""type"":""Point""}",site,high,exact,Τουρκία,Turkey,TUR,TR,"Antakya, Hatay",Pleiades representative point,,,src-pleiades-658381,reviewed
place-city-argos,city-argos,37.631047,22.72038,POINT (22.72038 37.631047),"{""coordinates"":[22.72038,37.631047],""type"":""Point""}",site,high,exact,Ελλάδα,Greece,GRC,GR,Άργος,Pleiades representative point,,,src-pleiades-570106,reviewed
place-city-athens-attica,city-athens-attica,37.971637,23.723914,POINT (23.723914 37.971637),"{""coordinates"":[23.723914,37.971637],""type"":""Point""}",site,high,approximate,Ελλάδα,Greece,GRC,GR,Αθήνα,Pleiades representative point,,,src-pleiades-579885,reviewed
place-city-chalcis-euboea,city-chalcis-euboea,38.457139,23.621937,POINT (23.621937 38.457139),"{""coordinates"":[23.621937,38.457139],""type"":""Point""}",site,high,exact,Ελλάδα,Greece,GRC,GR,Χαλκίδα,Pleiades representative point,,,src-pleiades-540703,reviewed
place-city-chios-city,city-chios-city,38.372239,26.132979,POINT (26.132979 38.372239),"{""coordinates"":[26.132979,38.372239],""type"":""Point""}",site,high,exact,Ελλάδα,Greece,GRC,GR,Χίος,Pleiades representative point,,,src-pleiades-550496,reviewed
place-city-corinth,city-corinth,37.905642,22.878614,POINT (22.878614 37.905642),"{""coordinates"":[22.878614,37.905642],""type"":""Point""}",site,high,exact,Ελλάδα,Greece,GRC,GR,Αρχαία Κόρινθος,Pleiades representative point,,,src-pleiades-570182,reviewed
place-city-demetrias,city-demetrias,39.343481,22.924029,POINT (22.924029 39.343481),"{""coordinates"":[22.924029,39.343481],""type"":""Point""}",site,high,exact,Ελλάδα,Greece,GRC,GR,Νέα Αγχίαλος / Βόλος,Pleiades representative point,,,src-pleiades-540730,reviewed
place-city-dion,city-dion,40.176388,22.491437,POINT (22.491437 40.176388),"{""coordinates"":[22.491437,40.176388],""type"":""Point""}",site,high,exact,Ελλάδα,Greece,GRC,GR,Δίον Πιερίας,Pleiades representative point,,,src-pleiades-491572,reviewed
place-city-epidaurus-city,city-epidaurus-city,37.633463,23.160156,POINT (23.160156 37.633463),"{""coordinates"":[23.160156,37.633463],""type"":""Point""}",site,high,exact,Ελλάδα,Greece,GRC,GR,Παλαιά Επίδαυρος,Pleiades representative point,,,src-pleiades-570228,reviewed
place-city-eretria-euboea,city-eretria-euboea,38.399917,23.794721,POINT (23.794721 38.399917),"{""coordinates"":[23.794721,38.399917],""type"":""Point""}",site,high,exact,Ελλάδα,Greece,GRC,GR,Ερέτρια,Pleiades representative point,,,src-pleiades-579925,reviewed
place-city-gortyn,city-gortyn,35.062107,24.946943,POINT (24.946943 35.062107),"{""coordinates"":[24.946943,35.062107],""type"":""Point""}",site,high,exact,Ελλάδα,Greece,GRC,GR,Γόρτυνα Ηρακλείου,Pleiades representative point,,,src-pleiades-589796,reviewed
place-city-knossos,city-knossos,35.297847,25.163106,POINT (25.163106 35.297847),"{""coordinates"":[25.163106,35.297847],""type"":""Point""}",site,high,exact,Ελλάδα,Greece,GRC,GR,Κνωσός Ηρακλείου,Pleiades representative point,,,src-pleiades-589872,reviewed
place-city-kos-city,city-kos-city,36.893601,27.289914,POINT (27.289914 36.893601),"{""coordinates"":[27.289914,36.893601],""type"":""Point""}",site,high,exact,Ελλάδα,Greece,GRC,GR,Κως,Pleiades representative point,,,src-pleiades-599728,reviewed
place-city-larissa-thessaly,city-larissa-thessaly,39.634851,22.42097,POINT (22.42097 39.634851),"{""coordinates"":[22.42097,39.634851],""type"":""Point""}",site,high,exact,Ελλάδα,Greece,GRC,GR,Λάρισα,Pleiades representative point,,,src-pleiades-540905,reviewed
place-city-lindos,city-lindos,36.091299,28.088298,POINT (28.088298 36.091299),"{""coordinates"":[28.088298,36.091299],""type"":""Point""}",site,high,exact,Ελλάδα,Greece,GRC,GR,Λίνδος,Pleiades representative point,,,src-pleiades-589913,reviewed
place-city-mantinea,city-mantinea,37.617379,22.392578,POINT (22.392578 37.617379),"{""coordinates"":[22.392578,37.617379],""type"":""Point""}",site,high,exact,Ελλάδα,Greece,GRC,GR,Μαντίνεια,Pleiades representative point,,,src-pleiades-570459,reviewed
place-city-megalopolis,city-megalopolis,37.414271,22.126396,POINT (22.126396 37.414271),"{""coordinates"":[22.126396,37.414271],""type"":""Point""}",site,high,exact,Ελλάδα,Greece,GRC,GR,Μεγαλόπολη,Pleiades representative point,,,src-pleiades-570467,reviewed
place-city-megara,city-megara,37.985078,23.340163,POINT (23.340163 37.985078),"{""coordinates"":[23.340163,37.985078],""type"":""Point""}",site,high,exact,Ελλάδα,Greece,GRC,GR,Μέγαρα,Pleiades representative point,,,src-pleiades-570468,reviewed
place-city-messene,city-messene,37.175304,21.920048,POINT (21.920048 37.175304),"{""coordinates"":[21.920048,37.175304],""type"":""Point""}",site,high,exact,Ελλάδα,Greece,GRC,GR,Αρχαία Μεσσήνη,Pleiades representative point,,,src-pleiades-570479,reviewed
place-city-mytilene,city-mytilene,39.110475,26.547048,POINT (26.547048 39.110475),"{""coordinates"":[26.547048,39.110475],""type"":""Point""}",site,high,exact,Ελλάδα,Greece,GRC,GR,Μυτιλήνη,Pleiades representative point,,,src-pleiades-550763,reviewed
place-city-naxos-cyclades,city-naxos-cyclades,37.103871,25.377595,POINT (25.377595 37.103871),"{""coordinates"":[25.377595,37.103871],""type"":""Point""}",site,high,exact,Ελλάδα,Greece,GRC,GR,Χώρα Νάξου,Pleiades representative point,,,src-pleiades-599821,reviewed
place-city-olynthus,city-olynthus,40.295242,23.354261,POINT (23.354261 40.295242),"{""coordinates"":[23.354261,40.295242],""type"":""Point""}",site,high,exact,Ελλάδα,Greece,GRC,GR,Όλυνθος,Pleiades representative point,,,src-pleiades-491678,reviewed
place-city-patrae,city-patrae,38.243265,21.738518,POINT (21.738518 38.243265),"{""coordinates"":[21.738518,38.243265],""type"":""Point""}",site,high,exact,Ελλάδα,Greece,GRC,GR,Πάτρα,Pleiades representative point,,,src-pleiades-570567,reviewed
place-city-pella,city-pella,40.75435965,22.51822477,POINT (22.51822477 40.75435965),"{""coordinates"":[22.51822477,40.75435965],""type"":""Point""}",site,high,exact,Ελλάδα,Greece,GRC,GR,Πέλλα,Pleiades representative point,,,src-pleiades-491687,reviewed
place-city-pergamum,city-pergamum,39.1325,27.184167,POINT (27.184167 39.1325),"{""coordinates"":[27.184167,39.1325],""type"":""Point""}",site,high,exact,Τουρκία,Turkey,TUR,TR,"Bergama, İzmir",Pleiades representative point,,,src-pleiades-550812,reviewed
place-city-pherae-thessaly,city-pherae-thessaly,39.379043,22.753851,POINT (22.753851 39.379043),"{""coordinates"":[22.753851,39.379043],""type"":""Point""}",site,high,exact,Ελλάδα,Greece,GRC,GR,Βελεστίνο,Pleiades representative point,,,src-pleiades-541044,reviewed
place-city-piraeus,city-piraeus,37.937222,23.644609,POINT (23.644609 37.937222),"{""coordinates"":[23.644609,37.937222],""type"":""Point""}",site,high,exact,Ελλάδα,Greece,GRC,GR,Πειραιάς,Pleiades representative point,,,src-pleiades-580062,reviewed
place-city-ptolemais-cyrenaica,city-ptolemais-cyrenaica,32.707134,20.95385,POINT (20.95385 32.707134),"{""coordinates"":[20.95385,32.707134],""type"":""Point""}",site,medium,exact,Λιβύη,Libya,LBY,LY,Tolmeita,Pleiades representative point,,,src-pleiades-373879,needs_review
place-city-pydna,city-pydna,40.397569,22.614991,POINT (22.614991 40.397569),"{""coordinates"":[22.614991,40.397569],""type"":""Point""}",site,high,exact,Ελλάδα,Greece,GRC,GR,Μακρύγιαλος Πιερίας,Pleiades representative point,,,src-pleiades-491703,reviewed
place-city-rhodes-city,city-rhodes-city,36.443113,28.227611,POINT (28.227611 36.443113),"{""coordinates"":[28.227611,36.443113],""type"":""Point""}",site,high,exact,Ελλάδα,Greece,GRC,GR,Ρόδος,Pleiades representative point,,,src-pleiades-590030,reviewed
place-city-samos-city,city-samos-city,37.68825,26.944483,POINT (26.944483 37.68825),"{""coordinates"":[26.944483,37.68825],""type"":""Point""}",site,high,exact,Ελλάδα,Greece,GRC,GR,Πυθαγόρειο,Pleiades representative point,,,src-pleiades-599925,reviewed
place-city-sicyon,city-sicyon,37.983819,22.712193,POINT (22.712193 37.983819),"{""coordinates"":[22.712193,37.983819],""type"":""Point""}",site,high,exact,Ελλάδα,Greece,GRC,GR,Αρχαία Σικυώνα,Pleiades representative point,,,src-pleiades-570668,reviewed
place-city-smyrna,city-smyrna,38.417196,27.141387,POINT (27.141387 38.417196),"{""coordinates"":[27.141387,38.417196],""type"":""Point""}",site,high,exact,Τουρκία,Turkey,TUR,TR,İzmir,Pleiades representative point,,,src-pleiades-550893,reviewed
place-city-sparta,city-sparta,37.081782,22.424672,POINT (22.424672 37.081782),"{""coordinates"":[22.424672,37.081782],""type"":""Point""}",site,high,exact,Ελλάδα,Greece,GRC,GR,Σπάρτη,Pleiades representative point,,,src-pleiades-570685,reviewed
place-city-tegea,city-tegea,37.455301,22.420672,POINT (22.420672 37.455301),"{""coordinates"":[22.420672,37.455301],""type"":""Point""}",site,high,exact,Ελλάδα,Greece,GRC,GR,Αλέα Τεγέας,Pleiades representative point,,,src-pleiades-570707,reviewed
place-city-thebes-boeotia,city-thebes-boeotia,38.319949,23.317653,POINT (23.317653 38.319949),"{""coordinates"":[23.317653,38.319949],""type"":""Point""}",site,high,exact,Ελλάδα,Greece,GRC,GR,Θήβα,Pleiades representative point,,,src-pleiades-541138,reviewed
place-city-thera-city,city-thera-city,36.363279,25.47843,POINT (25.47843 36.363279),"{""coordinates"":[25.47843,36.363279],""type"":""Point""}",site,high,exact,Ελλάδα,Greece,GRC,GR,Μέσα Βουνό Σαντορίνης,Pleiades representative point,,,src-pleiades-599971,reviewed
place-city-thessalonica,city-thessalonica,40.628342,22.952885,POINT (22.952885 40.628342),"{""coordinates"":[22.952885,40.628342],""type"":""Point""}",site,high,exact,Ελλάδα,Greece,GRC,GR,Θεσσαλονίκη,Pleiades representative point,,,src-pleiades-491741,reviewed
place-colony-abydos,colony-abydos,40.194216,26.411313,POINT (26.411313 40.194216),"{""coordinates"":[26.411313,40.194216],""type"":""Point""}",site,high,exact,Τουρκία,Turkey,TUR,TR,"Nara Burnu, Çanakkale",Pleiades representative point,,,src-pleiades-501325,reviewed
place-colony-akragas,colony-akragas,37.290594,13.585475,POINT (13.585475 37.290594),"{""coordinates"":[13.585475,37.290594],""type"":""Point""}",site,high,exact,Ιταλία,Italy,ITA,IT,Agrigento,Pleiades representative point,,,src-pleiades-462086,reviewed
place-colony-ambracia,colony-ambracia,39.154924,20.990093,POINT (20.990093 39.154924),"{""coordinates"":[20.990093,39.154924],""type"":""Point""}",site,high,exact,Ελλάδα,Greece,GRC,GR,Άρτα,Pleiades representative point,,,src-pleiades-530794,reviewed
place-colony-amisus,colony-amisus,41.292721,36.3313,POINT (36.3313 41.292721),"{""coordinates"":[36.3313,41.292721],""type"":""Point""}",site,high,exact,Τουρκία,Turkey,TUR,TR,Samsun,Pleiades representative point,,,src-pleiades-857024,reviewed
place-colony-amphipolis,colony-amphipolis,40.825811,23.841579,POINT (23.841579 40.825811),"{""coordinates"":[23.841579,40.825811],""type"":""Point""}",site,high,exact,Ελλάδα,Greece,GRC,GR,Αμφίπολη,Pleiades representative point,,,src-pleiades-501347,reviewed
place-colony-ancona,colony-ancona,43.618993,13.516073,POINT (13.516073 43.618993),"{""coordinates"":[13.516073,43.618993],""type"":""Point""}",site,high,exact,Ιταλία,Italy,ITA,IT,Ancona,Pleiades representative point,,,src-pleiades-413014,reviewed
place-colony-apollonia-cyrenaica,colony-apollonia-cyrenaica,32.902344,21.970831,POINT (21.970831 32.902344),"{""coordinates"":[21.970831,32.902344],""type"":""Point""}",site,high,approximate,Λιβύη,Libya,LBY,LY,Marsa Susa,Pleiades representative point,,,src-pleiades-373732,reviewed
place-colony-apollonia-illyria,colony-apollonia-illyria,40.720191,19.46926,POINT (19.46926 40.720191),"{""coordinates"":[19.46926,40.720191],""type"":""Point""}",site,high,exact,Αλβανία,Albania,ALB,AL,"Pojan, Fier",Pleiades representative point,,,src-pleiades-481728,reviewed
place-colony-apollonia-pontica,colony-apollonia-pontica,42.420355,27.694272,POINT (27.694272 42.420355),"{""coordinates"":[27.694272,42.420355],""type"":""Point""}",site,high,exact,Βουλγαρία,Bulgaria,BGR,BG,Sozopol,Pleiades representative point,,,src-pleiades-216706,reviewed
place-colony-assos,colony-assos,39.490135,26.336352,POINT (26.336352 39.490135),"{""coordinates"":[26.336352,39.490135],""type"":""Point""}",site,high,exact,Τουρκία,Turkey,TUR,TR,"Behramkale, Çanakkale",Pleiades representative point,,,src-pleiades-550463,reviewed
place-colony-barca-cyrenaica,colony-barca-cyrenaica,32.499653,20.871743,POINT (20.871743 32.499653),"{""coordinates"":[20.871743,32.499653],""type"":""Point""}",site,high,exact,Λιβύη,Libya,LBY,LY,Al Marj area,Pleiades representative point,,,src-pleiades-373750,reviewed
place-colony-byzantium,colony-byzantium,41.005902,28.973881,POINT (28.973881 41.005902),"{""coordinates"":[28.973881,41.005902],""type"":""Point""}",site,high,exact,Τουρκία,Turkey,TUR,TR,İstanbul,Pleiades representative point,,,src-pleiades-520985,reviewed
place-colony-callatis,colony-callatis,43.817152,28.58275,POINT (28.58275 43.817152),"{""coordinates"":[28.58275,43.817152],""type"":""Point""}",site,high,exact,Ρουμανία,Romania,ROU,RO,Mangalia,Pleiades representative point,,,src-pleiades-216744,reviewed
place-colony-catana,colony-catana,37.502959,15.088142,POINT (15.088142 37.502959),"{""coordinates"":[15.088142,37.502959],""type"":""Point""}",site,high,exact,Ιταλία,Italy,ITA,IT,Catania,Pleiades representative point,,,src-pleiades-462270,reviewed
place-colony-chalcedon,colony-chalcedon,40.983393,29.025789,POINT (29.025789 40.983393),"{""coordinates"":[29.025789,40.983393],""type"":""Point""}",site,high,exact,Τουρκία,Turkey,TUR,TR,"Kadıköy, İstanbul",Pleiades representative point,,,src-pleiades-520988,reviewed
place-colony-chersonesus-taurica,colony-chersonesus-taurica,44.611093,33.492258,POINT (33.492258 44.611093),"{""coordinates"":[33.492258,44.611093],""type"":""Point""}",site,high,exact,Ουκρανία,Ukraine,UKR,UA,"Sevastopol, Crimea",Pleiades representative point,,,src-pleiades-226564,reviewed
place-colony-clazomenae,colony-clazomenae,38.373048,26.78662,POINT (26.78662 38.373048),"{""coordinates"":[26.78662,38.373048],""type"":""Point""}",site,high,exact,Τουρκία,Turkey,TUR,TR,"Urla, İzmir",Pleiades representative point,,,src-pleiades-550651,reviewed
place-colony-cnidus,colony-cnidus,36.68818,27.372839,POINT (27.372839 36.68818),"{""coordinates"":[27.372839,36.68818],""type"":""Point""}",site,high,exact,Τουρκία,Turkey,TUR,TR,"Tekir Burnu, Datça",Pleiades representative point,,,src-pleiades-599575,reviewed
place-colony-colophon,colony-colophon,38.108253,27.148308,POINT (27.148308 38.108253),"{""coordinates"":[27.148308,38.108253],""type"":""Point""}",site,high,exact,Τουρκία,Turkey,TUR,TR,"Değirmendere, İzmir",Pleiades representative point,,,src-pleiades-599577,reviewed
place-colony-corcyra,colony-corcyra,39.60813,19.906703,POINT (19.906703 39.60813),"{""coordinates"":[19.906703,39.60813],""type"":""Point""}",site,high,exact,Ελλάδα,Greece,GRC,GR,Κέρκυρα,Pleiades representative point,,,src-pleiades-530834,reviewed
place-colony-croton,colony-croton,39.081167,17.127966,POINT (17.127966 39.081167),"{""coordinates"":[17.127966,39.081167],""type"":""Point""}",site,high,exact,Ιταλία,Italy,ITA,IT,Crotone,Pleiades representative point,,,src-pleiades-452317,reviewed
place-colony-cumae-campania,colony-cumae-campania,40.84795,14.056381,POINT (14.056381 40.84795),"{""coordinates"":[14.056381,40.84795],""type"":""Point""}",site,high,exact,Ιταλία,Italy,ITA,IT,"Cuma, Campania",Pleiades representative point,,,src-pleiades-432808,reviewed
place-colony-cyme-aeolis,colony-cyme-aeolis,38.760193,26.938319,POINT (26.938319 38.760193),"{""coordinates"":[26.938319,38.760193],""type"":""Point""}",site,high,exact,Τουρκία,Turkey,TUR,TR,"Aliağa, İzmir",Pleiades representative point,,,src-pleiades-550506,reviewed
place-colony-cyrene,colony-cyrene,32.820027,21.856539,POINT (21.856539 32.820027),"{""coordinates"":[21.856539,32.820027],""type"":""Point""}",site,high,exact,Λιβύη,Libya,LBY,LY,Shahhat,Pleiades representative point,,,src-pleiades-373778,reviewed
place-colony-cyzicus,colony-cyzicus,40.385565,27.883191,POINT (27.883191 40.385565),"{""coordinates"":[27.883191,40.385565],""type"":""Point""}",site,high,exact,Τουρκία,Turkey,TUR,TR,"Erdek, Balıkesir",Pleiades representative point,,,src-pleiades-511218,reviewed
place-colony-dioscurias,colony-dioscurias,42.998331,41.011175,POINT (41.011175 42.998331),"{""coordinates"":[41.011175,42.998331],""type"":""Point""}",site,high,exact,Γεωργία,Georgia,GEO,GE,Sukhumi,Pleiades representative point,,,src-pleiades-857107,reviewed
place-colony-elea-velia,colony-elea-velia,40.160501,15.156157,POINT (15.156157 40.160501),"{""coordinates"":[15.156157,40.160501],""type"":""Point""}",site,high,exact,Ιταλία,Italy,ITA,IT,"Ascea, Campania",Pleiades representative point,,,src-pleiades-452488,reviewed
place-colony-emporion-iberia,colony-emporion-iberia,42.13342,3.114549,POINT (3.114549 42.13342),"{""coordinates"":[3.114549,42.13342],""type"":""Point""}",site,high,exact,Ισπανία,Spain,ESP,ES,"Empúries, Catalonia",Pleiades representative point,,,src-pleiades-246382,reviewed
place-colony-ephesus,colony-ephesus,37.940164,27.342403,POINT (27.342403 37.940164),"{""coordinates"":[27.342403,37.940164],""type"":""Point""}",site,high,exact,Τουρκία,Turkey,TUR,TR,"Selçuk, İzmir",Pleiades representative point,,,src-pleiades-599612,reviewed
place-colony-epidamnos,colony-epidamnos,41.316342,19.447355,POINT (19.447355 41.316342),"{""coordinates"":[19.447355,41.316342],""type"":""Point""}",site,high,exact,Αλβανία,Albania,ALB,AL,Durrës,Pleiades representative point,,,src-pleiades-481818,reviewed
place-colony-erythrae-ionia,colony-erythrae-ionia,38.382778,26.480833,POINT (26.480833 38.382778),"{""coordinates"":[26.480833,38.382778],""type"":""Point""}",site,high,exact,Τουρκία,Turkey,TUR,TR,"Ildırı, Çeşme",Pleiades representative point,,,src-pleiades-550535,reviewed
place-colony-euesperides,colony-euesperides,32.145666,20.096022,POINT (20.096022 32.145666),"{""coordinates"":[20.096022,32.145666],""type"":""Point""}",site,high,exact,Λιβύη,Libya,LBY,LY,Benghazi,Pleiades representative point,,,src-pleiades-373786,reviewed
place-colony-gela,colony-gela,37.063092,14.258471,POINT (14.258471 37.063092),"{""coordinates"":[14.258471,37.063092],""type"":""Point""}",site,high,exact,Ιταλία,Italy,ITA,IT,Gela,Pleiades representative point,,,src-pleiades-462214,reviewed
place-colony-halicarnassus,colony-halicarnassus,37.040401,27.422151,POINT (27.422151 37.040401),"{""coordinates"":[27.422151,37.040401],""type"":""Point""}",site,high,exact,Τουρκία,Turkey,TUR,TR,"Bodrum, Muğla",Pleiades representative point,,,src-pleiades-599636,reviewed
place-colony-heraclea-pontica,colony-heraclea-pontica,41.283255,31.417414,POINT (31.417414 41.283255),"{""coordinates"":[31.417414,41.283255],""type"":""Point""}",site,high,exact,Τουρκία,Turkey,TUR,TR,Karadeniz Ereğli,Pleiades representative point,,,src-pleiades-844944,reviewed
place-colony-himera,colony-himera,37.969837,13.822344,POINT (13.822344 37.969837),"{""coordinates"":[13.822344,37.969837],""type"":""Point""}",site,high,exact,Ιταλία,Italy,ITA,IT,"Buonfornello, Termini Imerese",Pleiades representative point,,,src-pleiades-462244,reviewed
place-colony-histria-pontica,colony-histria-pontica,44.547787,28.775129,POINT (28.775129 44.547787),"{""coordinates"":[28.775129,44.547787],""type"":""Point""}",site,high,exact,Ρουμανία,Romania,ROU,RO,"Istria, Constanța County",Pleiades representative point,,,src-pleiades-216839,reviewed
place-colony-iasos,colony-iasos,37.279196,27.58487,POINT (27.58487 37.279196),"{""coordinates"":[27.58487,37.279196],""type"":""Point""}",site,high,exact,Τουρκία,Turkey,TUR,TR,"Kıyıkışlacık, Milas",Pleiades representative point,,,src-pleiades-599664,reviewed
place-colony-issa-vis,colony-issa-vis,43.0619,16.1836,POINT (16.1836 43.0619),"{""coordinates"":[16.1836,43.0619],""type"":""Point""}",site,medium,unknown,Κροατία,Croatia,HRV,HR,"Vis, island of Vis",www.armus.hr,,,src-armus-4dde844bac8f,needs_review
place-colony-lampsacus,colony-lampsacus,40.346685,26.699162,POINT (26.699162 40.346685),"{""coordinates"":[26.699162,40.346685],""type"":""Point""}",site,high,exact,Τουρκία,Turkey,TUR,TR,"Lapseki, Çanakkale",Pleiades representative point,,,src-pleiades-501570,reviewed
place-colony-leontinoi,colony-leontinoi,37.285478,14.998115,POINT (14.998115 37.285478),"{""coordinates"":[14.998115,37.285478],""type"":""Point""}",site,high,exact,Ιταλία,Italy,ITA,IT,Lentini,Pleiades representative point,,,src-pleiades-462279,reviewed
place-colony-locri-epizephyrii,colony-locri-epizephyrii,38.226296,16.24434,POINT (16.24434 38.226296),"{""coordinates"":[16.24434,38.226296],""type"":""Point""}",site,high,exact,Ιταλία,Italy,ITA,IT,"Locri, Calabria",Pleiades representative point,,,src-pleiades-452369,reviewed
place-colony-magnesia-maeander,colony-magnesia-maeander,37.849862,27.523178,POINT (27.523178 37.849862),"{""coordinates"":[27.523178,37.849862],""type"":""Point""}",site,high,exact,Τουρκία,Turkey,TUR,TR,"Tekin, Germencik",Pleiades representative point,,,src-pleiades-599778,reviewed
place-colony-massalia,colony-massalia,43.296854,5.382499,POINT (5.382499 43.296854),"{""coordinates"":[5.382499,43.296854],""type"":""Point""}",site,high,exact,Γαλλία,France,FRA,FR,Marseille,Pleiades representative point,,,src-pleiades-148127,reviewed
place-colony-megara-hyblaea,colony-megara-hyblaea,37.203801,15.182285,POINT (15.182285 37.203801),"{""coordinates"":[15.182285,37.203801],""type"":""Point""}",site,high,exact,Ιταλία,Italy,ITA,IT,"Augusta, Sicily",Pleiades representative point,,,src-pleiades-462307,reviewed
place-colony-mesembria,colony-mesembria,42.65958,27.724443,POINT (27.724443 42.65958),"{""coordinates"":[27.724443,42.65958],""type"":""Point""}",site,high,exact,Βουλγαρία,Bulgaria,BGR,BG,Nesebar,Pleiades representative point,,,src-pleiades-216882,reviewed
place-colony-metapontum,colony-metapontum,40.383641,16.824332,POINT (16.824332 40.383641),"{""coordinates"":[16.824332,40.383641],""type"":""Point""}",site,high,exact,Ιταλία,Italy,ITA,IT,Metaponto,Pleiades representative point,,,src-pleiades-442658,reviewed
place-colony-miletus,colony-miletus,37.530464,27.278808,POINT (27.278808 37.530464),"{""coordinates"":[27.278808,37.530464],""type"":""Point""}",site,high,exact,Τουρκία,Turkey,TUR,TR,"Balat, Aydın",Pleiades representative point,,,src-pleiades-599799,reviewed
place-colony-myrina-aeolis,colony-myrina-aeolis,38.846976,26.980202,POINT (26.980202 38.846976),"{""coordinates"":[26.980202,38.846976],""type"":""Point""}",site,medium,exact,Τουρκία,Turkey,TUR,TR,"Kalabak, Aliağa",Pleiades representative point,,,src-pleiades-550756,needs_review
place-colony-naucratis,colony-naucratis,30.900508,30.591928,POINT (30.591928 30.900508),"{""coordinates"":[30.591928,30.900508],""type"":""Point""}",site,high,exact,Αίγυπτος,Egypt,EGY,EG,"Kom Gi'eif, Beheira",Pleiades representative point,,,src-pleiades-727169,reviewed
place-colony-naxos-sicily,colony-naxos-sicily,37.822487,15.267795,POINT (15.267795 37.822487),"{""coordinates"":[15.267795,37.822487],""type"":""Point""}",site,high,exact,Ιταλία,Italy,ITA,IT,Giardini Naxos,Pleiades representative point,,,src-pleiades-462386,reviewed
place-colony-neapolis-campania,colony-neapolis-campania,40.839995,14.25287,POINT (14.25287 40.839995),"{""coordinates"":[14.25287,40.839995],""type"":""Point""}",site,high,exact,Ιταλία,Italy,ITA,IT,Napoli,Pleiades representative point,,,src-pleiades-433014,reviewed
place-colony-odessos,colony-odessos,43.20616,27.913472,POINT (27.913472 43.20616),"{""coordinates"":[27.913472,43.20616],""type"":""Point""}",site,high,exact,Βουλγαρία,Bulgaria,BGR,BG,Varna,Pleiades representative point,,,src-pleiades-216904,reviewed
place-colony-olbia-pontica,colony-olbia-pontica,46.692386,31.905857,POINT (31.905857 46.692386),"{""coordinates"":[31.905857,46.692386],""type"":""Point""}",site,high,exact,Ουκρανία,Ukraine,UKR,UA,"Parutyne, Mykolaiv Oblast",Pleiades representative point,,,src-pleiades-226546,reviewed
place-colony-panticapaeum,colony-panticapaeum,45.350983,36.46858,POINT (36.46858 45.350983),"{""coordinates"":[36.46858,45.350983],""type"":""Point""}",site,high,exact,Ουκρανία,Ukraine,UKR,UA,"Kerch, Crimea",Pleiades representative point,,,src-pleiades-854719,reviewed
place-colony-phanagoria,colony-phanagoria,45.276258,36.959668,POINT (36.959668 45.276258),"{""coordinates"":[36.959668,45.276258],""type"":""Point""}",site,high,exact,Ρωσία,Russia,RUS,RU,"Sennoy, Krasnodar Krai",Pleiades representative point,,,src-pleiades-854724,reviewed
place-colony-pharos-hvar,colony-pharos-hvar,43.184286,16.601041,POINT (16.601041 43.184286),"{""coordinates"":[16.601041,43.184286],""type"":""Point""}",site,high,exact,Κροατία,Croatia,HRV,HR,"Stari Grad, Hvar",Pleiades representative point,,,src-pleiades-197433,reviewed
place-colony-phaselis,colony-phaselis,36.523492,30.552167,POINT (30.552167 36.523492),"{""coordinates"":[30.552167,36.523492],""type"":""Point""}",site,high,exact,Τουρκία,Turkey,TUR,TR,"Tekirova, Antalya",Pleiades representative point,,,src-pleiades-639051,reviewed
place-colony-phasis-city,colony-phasis-city,42.135867,41.692323,POINT (41.692323 42.135867),"{""coordinates"":[41.692323,42.135867],""type"":""Point""}",site,medium,exact,Γεωργία,Georgia,GEO,GE,περιοχή Poti,Pleiades representative point,,,src-pleiades-857275,needs_review
place-colony-philippi,colony-philippi,41.012651,24.284637,POINT (24.284637 41.012651),"{""coordinates"":[24.284637,41.012651],""type"":""Point""}",site,high,exact,Ελλάδα,Greece,GRC,GR,Κρηνίδες Καβάλας,Pleiades representative point,,,src-pleiades-501482,reviewed
place-colony-phocaea,colony-phocaea,38.6703,26.75656,POINT (26.75656 38.6703),"{""coordinates"":[26.75656,38.6703],""type"":""Point""}",site,high,exact,Τουρκία,Turkey,TUR,TR,"Foça, İzmir",Pleiades representative point,,,src-pleiades-550823,reviewed
place-colony-poseidonia,colony-poseidonia,40.420848,15.005079,POINT (15.005079 40.420848),"{""coordinates"":[15.005079,40.420848],""type"":""Point""}",site,high,exact,Ιταλία,Italy,ITA,IT,Paestum,Pleiades representative point,,,src-pleiades-442733,reviewed
place-colony-priene,colony-priene,37.66078,27.296584,POINT (27.296584 37.66078),"{""coordinates"":[27.296584,37.66078],""type"":""Point""}",site,high,exact,Τουρκία,Turkey,TUR,TR,"Güllübahçe, Söke",Pleiades representative point,,,src-pleiades-599905,reviewed
place-colony-rhegion,colony-rhegion,38.109279,15.64393,POINT (15.64393 38.109279),"{""coordinates"":[15.64393,38.109279],""type"":""Point""}",site,high,exact,Ιταλία,Italy,ITA,IT,Reggio Calabria,Pleiades representative point,,,src-pleiades-452416,reviewed
place-colony-selinus,colony-selinus,37.588282,12.824893,POINT (12.824893 37.588282),"{""coordinates"":[12.824893,37.588282],""type"":""Point""}",site,high,exact,Ιταλία,Italy,ITA,IT,Marinella di Selinunte,Pleiades representative point,,,src-pleiades-462489,reviewed
place-colony-sinope,colony-sinope,42.025776,35.143037,POINT (35.143037 42.025776),"{""coordinates"":[35.143037,42.025776],""type"":""Point""}",site,high,exact,Τουρκία,Turkey,TUR,TR,Sinop,Pleiades representative point,,,src-pleiades-857321,reviewed
place-colony-sybaris,colony-sybaris,39.717328,16.494262,POINT (16.494262 39.717328),"{""coordinates"":[16.494262,39.717328],""type"":""Point""}",site,high,exact,Ιταλία,Italy,ITA,IT,"Sibari, Calabria",Pleiades representative point,,,src-pleiades-452457,reviewed
place-colony-syracuse,colony-syracuse,37.070079,15.283336,POINT (15.283336 37.070079),"{""coordinates"":[15.283336,37.070079],""type"":""Point""}",site,high,approximate,Ιταλία,Italy,ITA,IT,Siracusa,Pleiades representative point,,,src-pleiades-462503,reviewed
place-colony-tanais,colony-tanais,47.268688,39.335671,POINT (39.335671 47.268688),"{""coordinates"":[39.335671,47.268688],""type"":""Point""}",site,high,exact,Ρωσία,Russia,RUS,RU,"Nedvigovka, Rostov Oblast",Pleiades representative point,,,src-pleiades-825397,reviewed
place-colony-taras,colony-taras,40.473787,17.233042,POINT (17.233042 40.473787),"{""coordinates"":[17.233042,40.473787],""type"":""Point""}",site,high,approximate,Ιταλία,Italy,ITA,IT,Taranto,Pleiades representative point,,,src-pleiades-442810,reviewed
place-colony-taucheira,colony-taucheira,32.536399,20.567298,POINT (20.567298 32.536399),"{""coordinates"":[20.567298,32.536399],""type"":""Point""}",site,high,exact,Λιβύη,Libya,LBY,LY,Tocra,Pleiades representative point,,,src-pleiades-373736,reviewed
place-colony-teos,colony-teos,38.177262,26.785014,POINT (26.785014 38.177262),"{""coordinates"":[26.785014,38.177262],""type"":""Point""}",site,high,exact,Τουρκία,Turkey,TUR,TR,"Sığacık, Seferihisar",Pleiades representative point,,,src-pleiades-550913,reviewed
place-colony-theodosia-crimea,colony-theodosia-crimea,45.04609,35.378768,POINT (35.378768 45.04609),"{""coordinates"":[35.378768,45.04609],""type"":""Point""}",site,high,exact,Ουκρανία,Ukraine,UKR,UA,"Feodosia, Crimea",Pleiades representative point,,,src-pleiades-854743,reviewed
place-colony-tomis,colony-tomis,44.172856,28.649738,POINT (28.649738 44.172856),"{""coordinates"":[28.649738,44.172856],""type"":""Point""}",site,high,exact,Ρουμανία,Romania,ROU,RO,Constanța,Pleiades representative point,,,src-pleiades-217016,reviewed
place-colony-tragurion,colony-tragurion,43.517639,16.25063,POINT (16.25063 43.517639),"{""coordinates"":[16.25063,43.517639],""type"":""Point""}",site,high,exact,Κροατία,Croatia,HRV,HR,Trogir,Pleiades representative point,,,src-pleiades-197555,reviewed
place-colony-trapezus,colony-trapezus,41.004269,39.723312,POINT (39.723312 41.004269),"{""coordinates"":[39.723312,41.004269],""type"":""Point""}",site,high,exact,Τουρκία,Turkey,TUR,TR,Trabzon,Pleiades representative point,,,src-pleiades-857359,reviewed
place-colony-tyras,colony-tyras,46.200755,30.350134,POINT (30.350134 46.200755),"{""coordinates"":[30.350134,46.200755],""type"":""Point""}",site,high,exact,Ουκρανία,Ukraine,UKR,UA,Bilhorod-Dnistrovskyi,Pleiades representative point,,,src-pleiades-226800,reviewed
place-colony-zancle-messana,colony-zancle-messana,38.192251,15.556634,POINT (15.556634 38.192251),"{""coordinates"":[15.556634,38.192251],""type"":""Point""}",site,high,exact,Ιταλία,Italy,ITA,IT,Messina,Pleiades representative point,,,src-pleiades-462538,reviewed
place-kingdom-alexander-empire,kingdom-alexander-empire,32.5423,44.4208,POINT (44.4208 32.5423),"{""coordinates"":[44.4208,32.5423],""type"":""Point""}",representative_center,high,unknown,Ιράκ,Iraq,IRQ,IQ,,www.metmuseum.org,Το σημείο αποδίδει τη Βαβυλώνα ως τελικό διοικητικό κέντρο και τόπο θανάτου του Αλεξάνδρου· η αυλή ήταν κινητή και η αυτοκρατορική έκταση απαιτεί ξεχωριστά χρονολογημένα πολύγωνα.,The point marks Babylon as a representative centre; it does not represent the polity's territorial extent.,src-metmuseum-89019924e8c3,reviewed
place-kingdom-athens-mycenaean,kingdom-athens-mycenaean,37.9715,23.7257,POINT (23.7257 37.9715),"{""coordinates"":[23.7257,37.9715],""type"":""Point""}",representative_center,high,unknown,Ελλάδα,Greece,GRC,GR,,whc.unesco.org,Το σημείο αποδίδει τη μυκηναϊκή Ακρόπολη και όχι βέβαιη επικράτεια· οποιοδήποτε μελλοντικό πολύγωνο πρέπει να δηλώνεται ως υποθετικό.,The point marks Acropolis of Athens as a representative centre; it does not represent the polity's territorial extent.,src-whc-99e8b681505e,reviewed
place-kingdom-attalid-pergamon,kingdom-attalid-pergamon,39.1327,27.1841,POINT (27.1841 39.1327),"{""coordinates"":[27.1841,39.1327],""type"":""Point""}",representative_center,high,unknown,Τουρκία,Turkey,TUR,TR,,www.metmuseum.org,"Το σημείο αποδίδει την ακρόπολη της Περγάμου ως πρωτεύουσα, όχι την επικράτεια· τα πολύγωνα θα διαχωρίζουν την πρώιμη ηγεμονία από το ώριμο βασίλειο.",The point marks Pergamon as a representative centre; it does not represent the polity's territorial extent.,src-metmuseum-50fe20dc493f,needs_review
place-kingdom-bithynia,kingdom-bithynia,40.7654,29.9408,POINT (29.9408 40.7654),"{""coordinates"":[29.9408,40.7654],""type"":""Point""}",representative_center,high,unknown,Τουρκία,Turkey,TUR,TR,,www.attalus.org,"Το σημείο αποδίδει τη Νικομήδεια ως πρωτεύουσα από τον Νικομήδη Α΄, όχι την πλήρη έκταση του βασιλείου· τα πολύγωνα θα αποθηκευθούν χωριστά.",The point marks Nicomedia as a representative centre; it does not represent the polity's territorial extent.,src-attalus-1b40f4436114,reviewed
place-kingdom-bosporus-archaeanactid,kingdom-bosporus-archaeanactid,45.3507,36.47,POINT (36.47 45.3507),"{""coordinates"":[36.47,45.3507],""type"":""Point""}",representative_center,high,unknown,Ουκρανία,Ukraine,UKR,UA,,www.iranicaonline.org,"Το σημείο αποδίδει το Παντικάπαιον ως πρωτεύουσα, όχι το δίκτυο πόλεων και εδαφών· τα πολύγωνα θα τηρούνται χωριστά. Η αναφορά στην Κριμαία δεν δηλώνει θέση περί σύγχρονης κυριαρχίας.","The point marks Pantikapaion, Kerch as a representative centre; it does not represent the polity's territorial extent.",src-iranicaonline-0f32c4ee76cf,reviewed
place-kingdom-bosporus-mithridatic,kingdom-bosporus-mithridatic,45.3507,36.47,POINT (36.47 45.3507),"{""coordinates"":[36.47,45.3507],""type"":""Point""}",representative_center,high,unknown,Ουκρανία,Ukraine,UKR,UA,,www.iranicaonline.org,"Το σημείο αποδίδει το Παντικάπαιον ως πρωτεύουσα, όχι την ποντιακή ή βοσποριανή επικράτεια· τα πολύγωνα θα τηρούνται χωριστά. Η σύγχρονη κυριαρχία στην Κριμαία δεν υπονοείται.","The point marks Pantikapaion, Kerch as a representative centre; it does not represent the polity's territorial extent.",src-iranicaonline-0f32c4ee76cf,reviewed
place-kingdom-bosporus-spartocid,kingdom-bosporus-spartocid,45.3507,36.47,POINT (36.47 45.3507),"{""coordinates"":[36.47,45.3507],""type"":""Point""}",representative_center,high,unknown,Ουκρανία,Ukraine,UKR,UA,,www.encyclopediaofukraine.com,"Το σημείο αποδίδει την πρωτεύουσα Παντικάπαιον, όχι τα μεταβαλλόμενα εδάφη σε Κριμαία και Ταμάν· τα πολύγωνα θα είναι χωριστά. Η σύγχρονη κυριαρχία δεν υπονοείται.","The point marks Pantikapaion, Kerch as a representative centre; it does not represent the polity's territorial extent.",src-encyclopediaofukraine-237e86aa1350,reviewed
place-kingdom-cappadocia-ariarathid,kingdom-cappadocia-ariarathid,38.7225,35.4875,POINT (35.4875 38.7225),"{""coordinates"":[35.4875,38.7225],""type"":""Point""}",representative_center,high,unknown,Τουρκία,Turkey,TUR,TR,,www.iranicaonline.org,"Το σημείο αποδίδει τη Μάζακα ως βασιλικό κέντρο, όχι την επικράτεια ή όλες τις μετακινήσεις της αυλής· τα εδαφικά πολύγωνα θα τηρούνται χωριστά.",The point marks Mazaca as a representative centre; it does not represent the polity's territorial extent.,src-iranicaonline-efe1d8ddd34e,reviewed
place-kingdom-cappadocia-late-client,kingdom-cappadocia-late-client,38.7225,35.4875,POINT (35.4875 38.7225),"{""coordinates"":[35.4875,38.7225],""type"":""Point""}",representative_center,high,unknown,Τουρκία,Turkey,TUR,TR,,www.iranicaonline.org,"Το σημείο αποδίδει τη Μάζακα ως κύριο βασιλικό κέντρο, όχι την εδαφική έκταση· οι διακοπές και μεταβολές κυριαρχίας χρειάζονται ξεχωριστές χρονικές φάσεις και πολύγωνα.",The point marks Mazaca as a representative centre; it does not represent the polity's territorial extent.,src-iranicaonline-efe1d8ddd34e,needs_review
place-kingdom-commagene,kingdom-commagene,37.5451,38.5008,POINT (38.5008 37.5451),"{""coordinates"":[38.5008,37.5451],""type"":""Point""}",representative_center,high,unknown,Τουρκία,Turkey,TUR,TR,,whc.unesco.org,"Το σημείο αποδίδει τη Σαμόσατα, σήμερα σε μεγάλο βαθμό κατακλυσμένη, ως πρωτεύουσα· η επικράτεια και η διακοπή του 17–38 μ.Χ. θα αποδοθούν χωριστά.",The point marks Samosata as a representative centre; it does not represent the polity's territorial extent.,src-whc-9d3804ad2081,needs_review
place-kingdom-cyrene-battiad,kingdom-cyrene-battiad,32.825,21.8583,POINT (21.8583 32.825),"{""coordinates"":[21.8583,32.825],""type"":""Point""}",representative_center,high,unknown,Λιβύη,Libya,LBY,LY,,whc.unesco.org,"Το σημείο αποδίδει την πόλη-πρωτεύουσα Κυρήνη, όχι το σύνολο της Κυρηναϊκής· τα εδαφικά πολύγωνα θα τηρούνται σε ξεχωριστό GeoJSON.",The point marks Cyrene as a representative centre; it does not represent the polity's territorial extent.,src-whc-36affcfbdbb0,reviewed
place-kingdom-cyrene-magas,kingdom-cyrene-magas,32.825,21.8583,POINT (21.8583 32.825),"{""coordinates"":[21.8583,32.825],""type"":""Point""}",representative_center,high,unknown,Λιβύη,Libya,LBY,LY,,discovery.ucl.ac.uk,"Το σημείο αποδίδει την πόλη Κυρήνη ως βασιλικό κέντρο, όχι ολόκληρη την Κυρηναϊκή· η σχέση εξάρτησης από την Αίγυπτο και τα εδάφη χρειάζονται χωριστές φάσεις.",The point marks Cyrene as a representative centre; it does not represent the polity's territorial extent.,src-discovery-dd8bc12f19e5,reviewed
place-kingdom-epirus-aeacid,kingdom-epirus-aeacid,39.5465,20.7877,POINT (20.7877 39.5465),"{""coordinates"":[20.7877,39.5465],""type"":""Point""}",representative_center,high,unknown,Ελλάδα,Greece,GRC,GR,,www.cambridge.org,"Το σημείο αποδίδει τη Δωδώνη ως κύριο πολιτικό και θρησκευτικό κέντρο, όχι σταθερή πρωτεύουσα ή επικράτεια· τα πολύγωνα θα είναι ξεχωριστά.",The point marks Dodona as a representative centre; it does not represent the polity's territorial extent.,src-cambridge-96106a304cc6,reviewed
place-kingdom-greco-bactrian-diodotid,kingdom-greco-bactrian-diodotid,36.7679,66.9011,POINT (66.9011 36.7679),"{""coordinates"":[66.9011,36.7679],""type"":""Point""}",representative_center,high,unknown,Αφγανιστάν,Afghanistan,AFG,AF,,www.metmuseum.org,"Το σημείο αποδίδει τα Βάκτρα ως συμβατική πρωτεύουσα, όχι την ακριβή εδαφική έκταση της φάσης· τα πολύγωνα θα φέρουν χρονολογική και χωρική αβεβαιότητα.",The point marks Bactra as a representative centre; it does not represent the polity's territorial extent.,src-metmuseum-50fe20dc493f,reviewed
place-kingdom-greco-bactrian-eucratid,kingdom-greco-bactrian-eucratid,36.7679,66.9011,POINT (66.9011 36.7679),"{""coordinates"":[66.9011,36.7679],""type"":""Point""}",representative_center,high,unknown,Αφγανιστάν,Afghanistan,AFG,AF,,www.iranicaonline.org,"Το σημείο αποδίδει τα Βάκτρα ως κύριο κέντρο, όχι τα αβέβαια και γρήγορα μεταβαλλόμενα όρια· τα μελλοντικά πολύγωνα πρέπει να δηλώνουν βαθμό βεβαιότητας.",The point marks Bactra as a representative centre; it does not represent the polity's territorial extent.,src-iranicaonline-12958b1a4563,reviewed
place-kingdom-greco-bactrian-euthydemid,kingdom-greco-bactrian-euthydemid,36.7679,66.9011,POINT (66.9011 36.7679),"{""coordinates"":[66.9011,36.7679],""type"":""Point""}",representative_center,high,unknown,Αφγανιστάν,Afghanistan,AFG,AF,,www.iranicaonline.org,"Το σημείο αποδίδει τα Βάκτρα ως κύριο κέντρο, όχι μία αμετάβλητη επικράτεια· οι ανατολικές και ινδικές επεκτάσεις θα αποδοθούν με ξεχωριστά πολύγωνα.",The point marks Bactra as a representative centre; it does not represent the polity's territorial extent.,src-iranicaonline-5997875976eb,reviewed
place-kingdom-indo-greek-early,kingdom-indo-greek-early,33.7457,72.8152,POINT (72.8152 33.7457),"{""coordinates"":[72.8152,33.7457],""type"":""Point""}",representative_center,high,unknown,Πακιστάν,Pakistan,PAK,PK,,www.iranicaonline.org,"Το σημείο αποδίδει την Τάξιλα ως κύριο αστικό και νομισματικό κέντρο, όχι βέβαιη μοναδική πρωτεύουσα ή ενιαία επικράτεια· τα πολύγωνα θα είναι υποθετικά.",The point marks Taxila as a representative centre; it does not represent the polity's territorial extent.,src-iranicaonline-2d20b536f2f7,needs_review
place-kingdom-indo-greek-late,kingdom-indo-greek-late,33.7457,72.8152,POINT (72.8152 33.7457),"{""coordinates"":[72.8152,33.7457],""type"":""Point""}",representative_center,high,unknown,Πακιστάν,Pakistan,PAK,PK,,www.iranicaonline.org,Το σημείο αποδίδει την Τάξιλα ως ένα από τα σημαντικότερα κέντρα και όχι κοινή πρωτεύουσα· απαιτούνται στο μέλλον επιμέρους εγγραφές και επικαλυπτόμενα πολύγωνα.,The point marks Taxila as a representative centre; it does not represent the polity's territorial extent.,src-iranicaonline-2d20b536f2f7,needs_review
place-kingdom-indo-greek-menandrid,kingdom-indo-greek-menandrid,32.4945,74.5229,POINT (74.5229 32.4945),"{""coordinates"":[74.5229,32.4945],""type"":""Point""}",representative_center,high,unknown,Πακιστάν,Pakistan,PAK,PK,,www.iranicaonline.org,"Το σημείο αποδίδει τη Σάγαλα, που ταυτίζεται συνήθως με τη Σιαλκότ, ως παραδοσιακή βασιλική έδρα· η ταύτιση και τα εδαφικά όρια δεν είναι απολύτως βέβαια.",The point marks Sagala as a representative centre; it does not represent the polity's territorial extent.,src-iranicaonline-2d20b536f2f7,reviewed
place-kingdom-iolcos-palatial,kingdom-iolcos-palatial,39.3619,22.8919,POINT (22.8919 39.3619),"{""coordinates"":[22.8919,39.3619],""type"":""Point""}",representative_center,high,unknown,Ελλάδα,Greece,GRC,GR,,odysseus.culture.gr,Το σημείο αποδίδει το ανάκτορο στο Διμήνι ως πιθανό κέντρο της Ιωλκού· δεν είναι εδαφικό πολύγωνο και η ταύτιση έχει βαθμό αβεβαιότητας.,The point marks Dimini as a representative centre; it does not represent the polity's territorial extent.,src-odysseus-589898851f92,reviewed
place-kingdom-knossos-mycenaean,kingdom-knossos-mycenaean,35.2987,25.1614,POINT (25.1614 35.2987),"{""coordinates"":[25.1614,35.2987],""type"":""Point""}",representative_center,high,unknown,Ελλάδα,Greece,GRC,GR,,odysseus.culture.gr,"Το σημείο αποδίδει το ανάκτορο της Κνωσού, όχι την έκταση της διοίκησής του στην Κρήτη· τα εδαφικά πολύγωνα θα είναι ξεχωριστά και θα φέρουν αβεβαιότητα.",The point marks Palace of Knossos as a representative centre; it does not represent the polity's territorial extent.,src-odysseus-9e3ae0cba911,reviewed
place-kingdom-lysimachid,kingdom-lysimachid,40.5482,26.7508,POINT (26.7508 40.5482),"{""coordinates"":[26.7508,40.5482],""type"":""Point""}",representative_center,high,exact,Τουρκία,Turkey,TUR,TR,,curated point linked to Pleiades place,"Το σημείο αποδίδει κατά προσέγγιση τη Λυσιμάχεια, ιδρυμένη ως βασιλική πρωτεύουσα· η θέση έχει χωρική αβεβαιότητα και τα εδάφη θα αποδοθούν σε ξεχωριστό GeoJSON.",The point marks Lysimachia as a representative centre; it does not represent the polity's territorial extent.,src-pleiades-501458,reviewed
place-kingdom-macedon-antigonid,kingdom-macedon-antigonid,40.7612,22.526,POINT (22.526 40.7612),"{""coordinates"":[22.526,40.7612],""type"":""Point""}",representative_center,high,unknown,Ελλάδα,Greece,GRC,GR,,www.metmuseum.org,"Το σημείο αποδίδει την Πέλλα ως πρωτεύουσα, όχι την κυμαινόμενη μακεδονική επικράτεια· τα πολύγωνα θα αποθηκευθούν χωριστά ανά φάση.",The point marks Pella as a representative centre; it does not represent the polity's territorial extent.,src-metmuseum-50fe20dc493f,reviewed
place-kingdom-macedon-argead,kingdom-macedon-argead,40.4811,22.313,POINT (22.313 40.4811),"{""coordinates"":[22.313,40.4811],""type"":""Point""}",representative_center,high,unknown,Ελλάδα,Greece,GRC,GR,,whc.unesco.org,"Το σημείο αποδίδει τις Αιγές ως πρώτη πρωτεύουσα και δυναστικό κέντρο, όχι τα μεταβαλλόμενα σύνορα της Μακεδονίας· τα πολύγωνα θα αποθηκευθούν χωριστά.",The point marks Aigai as a representative centre; it does not represent the polity's territorial extent.,src-whc-0aeb662441d4,reviewed
place-kingdom-macedon-kassandrid,kingdom-macedon-kassandrid,40.7612,22.526,POINT (22.526 40.7612),"{""coordinates"":[22.526,40.7612],""type"":""Point""}",representative_center,high,unknown,Ελλάδα,Greece,GRC,GR,,www.metmuseum.org,"Το σημείο αποδίδει την Πέλλα ως πρωτεύουσα, όχι τα σύνορα του βασιλείου· οι εδαφικές μεταβολές των πολέμων των Διαδόχων θα αποδοθούν σε ξεχωριστό GeoJSON.",The point marks Pella as a representative centre; it does not represent the polity's territorial extent.,src-metmuseum-50fe20dc493f,reviewed
place-kingdom-mycenae-palatial,kingdom-mycenae-palatial,37.7305,22.7562,POINT (22.7562 37.7305),"{""coordinates"":[22.7562,37.7305],""type"":""Point""}",representative_center,high,unknown,Ελλάδα,Greece,GRC,GR,,whc.unesco.org,"Το σημείο αποδίδει την ακρόπολη και το ανάκτορο των Μυκηνών, όχι την εδαφική έκταση· τα χρονοεξαρτώμενα εδαφικά πολύγωνα θα τηρούνται σε ξεχωριστό GeoJSON.",The point marks Mycenae as a representative centre; it does not represent the polity's territorial extent.,src-whc-20fbbfc3302f,reviewed
place-kingdom-orchomenos-palatial,kingdom-orchomenos-palatial,38.4928,22.9794,POINT (22.9794 38.4928),"{""coordinates"":[22.9794,38.4928],""type"":""Point""}",representative_center,high,unknown,Ελλάδα,Greece,GRC,GR,,www.mthv.gr,"Το σημείο αποδίδει το ανακτορικό κέντρο του Ορχομενού, όχι υποθετική επικράτεια· τυχόν εδαφικά πολύγωνα θα δημοσιευθούν χωριστά.",The point marks Orchomenos of Boeotia as a representative centre; it does not represent the polity's territorial extent.,src-mthv-3f5f755ed462,reviewed
place-kingdom-paphos-cyprus,kingdom-paphos-cyprus,34.7084,32.573,POINT (32.573 34.7084),"{""coordinates"":[32.573,34.7084],""type"":""Point""}",representative_center,high,unknown,Κύπρος,Cyprus,CYP,CY,,websites.ucy.ac.cy,"Το σημείο αποδίδει την Παλαίπαφο ως αρχικό βασιλικό και λατρευτικό κέντρο, όχι την επικράτεια· τα εδαφικά πολύγωνα θα δημοσιευθούν χωριστά.",The point marks Palaepaphos (Kouklia) as a representative centre; it does not represent the polity's territorial extent.,src-websites-d5246844b076,reviewed
place-kingdom-pontus-mithridatid,kingdom-pontus-mithridatid,42.0266,35.1517,POINT (35.1517 42.0266),"{""coordinates"":[35.1517,42.0266],""type"":""Point""}",representative_center,high,unknown,Τουρκία,Turkey,TUR,TR,,www.metmuseum.org,Το σημείο αποδίδει τη Σινώπη ως κύρια ύστερη πρωτεύουσα και όχι την αρχική έδρα στην Αμάσεια ή τα μεταβαλλόμενα σύνορα· τα πολύγωνα θα είναι ξεχωριστά.,The point marks Sinope as a representative centre; it does not represent the polity's territorial extent.,src-metmuseum-50fe20dc493f,reviewed
place-kingdom-ptolemaic-egypt,kingdom-ptolemaic-egypt,31.2001,29.9187,POINT (29.9187 31.2001),"{""coordinates"":[29.9187,31.2001],""type"":""Point""}",representative_center,high,unknown,Αίγυπτος,Egypt,EGY,EG,,www.metmuseum.org,"Το σημείο αποδίδει την Αλεξάνδρεια ως πρωτεύουσα, όχι τα υπερπόντια κτήματα και τις μεταβαλλόμενες κτήσεις· αυτά απαιτούν ξεχωριστά χρονολογημένα πολύγωνα.",The point marks Alexandria as a representative centre; it does not represent the polity's territorial extent.,src-metmuseum-9200258a95cb,reviewed
place-kingdom-pylos-palatial,kingdom-pylos-palatial,37.0286,21.6956,POINT (21.6956 37.0286),"{""coordinates"":[21.6956,37.0286],""type"":""Point""}",representative_center,high,unknown,Ελλάδα,Greece,GRC,GR,,odysseus.culture.gr,"Το σημείο αποδίδει το ανάκτορο στον Άνω Εγκλιανό, όχι το σύνολο της επικράτειας· τα εδαφικά πολύγωνα θα αποτελέσουν ξεχωριστό χρονολογημένο GeoJSON.","The point marks Palace of Nestor, Ano Eglianos as a representative centre; it does not represent the polity's territorial extent.",src-odysseus-00e2d87ae4a8,reviewed
place-kingdom-salamis-cyprus,kingdom-salamis-cyprus,35.1853,33.9014,POINT (33.9014 35.1853),"{""coordinates"":[33.9014,35.1853],""type"":""Point""}",representative_center,high,unknown,Κύπρος,Cyprus,CYP,CY,,www.uni-muenster.de,"Το σημείο αποδίδει την αρχαία Σαλαμίνα ως βασιλικό κέντρο, όχι τα μεταβαλλόμενα όρια του βασιλείου· τα πολύγωνα θα αποθηκευθούν χωριστά.","The point marks Salamis, Cyprus as a representative centre; it does not represent the polity's territorial extent.",src-uni-muenster-0a0030be4d2a,reviewed
place-kingdom-seleucid,kingdom-seleucid,36.2021,36.1609,POINT (36.1609 36.2021),"{""coordinates"":[36.1609,36.2021],""type"":""Point""}",representative_center,high,unknown,Τουρκία,Turkey,TUR,TR,,www.metmuseum.org,"Το σημείο αποδίδει την Αντιόχεια ως κύρια δυτική πρωτεύουσα, όχι ολόκληρη την αυτοκρατορία· η Σελεύκεια και οι εδαφικές φάσεις θα συνδεθούν με ξεχωριστά γεωμετρικά δεδομένα.",The point marks Antioch on the Orontes as a representative centre; it does not represent the polity's territorial extent.,src-metmuseum-31540f5687cf,reviewed
place-kingdom-syracuse-agathocles,kingdom-syracuse-agathocles,37.0608,15.2926,POINT (15.2926 37.0608),"{""coordinates"":[15.2926,37.0608],""type"":""Point""}",representative_center,high,unknown,Ιταλία,Italy,ITA,IT,,www.britishmuseum.org,"Το σημείο αποδίδει τις Συρακούσες ως πρωτεύουσα, όχι όλες τις σικελικές και υπερπόντιες κτήσεις του Αγαθοκλή· τα πολύγωνα θα είναι ξεχωριστά ανά εκστρατευτική φάση.",The point marks Syracuse as a representative centre; it does not represent the polity's territorial extent.,src-britishmuseum-073d3f0a8ae4,reviewed
place-kingdom-syracuse-hieron-ii,kingdom-syracuse-hieron-ii,37.0608,15.2926,POINT (15.2926 37.0608),"{""coordinates"":[15.2926,37.0608],""type"":""Point""}",representative_center,high,unknown,Ιταλία,Italy,ITA,IT,,www.britishmuseum.org,"Το σημείο αποδίδει τις Συρακούσες ως πρωτεύουσα, όχι την ελεγχόμενη νοτιοανατολική Σικελία· τα εδαφικά πολύγωνα θα τηρούνται χωριστά.",The point marks Syracuse as a representative centre; it does not represent the polity's territorial extent.,src-britishmuseum-d101eb623c92,reviewed
place-kingdom-thebes-palatial,kingdom-thebes-palatial,38.325,23.3189,POINT (23.3189 38.325),"{""coordinates"":[23.3189,38.325],""type"":""Point""}",representative_center,high,unknown,Ελλάδα,Greece,GRC,GR,,www.mthv.gr,"Το σημείο αποδίδει το ανακτορικό συγκρότημα στην Καδμεία, όχι τα όρια της θηβαϊκής εξουσίας· τα πολύγωνα θα είναι ξεχωριστά και χρονολογημένα.","The point marks Cadmeia, Thebes as a representative centre; it does not represent the polity's territorial extent.",src-mthv-3f5f755ed462,reviewed
place-kingdom-tiryns-palatial,kingdom-tiryns-palatial,37.6,22.8,POINT (22.8 37.6),"{""coordinates"":[22.8,37.6],""type"":""Point""}",representative_center,high,unknown,Ελλάδα,Greece,GRC,GR,,whc.unesco.org,"Το σημείο αποδίδει την οχυρωμένη ακρόπολη και το ανάκτορο της Τίρυνθας, όχι επικράτεια· τα εδαφικά πολύγωνα θα τηρούνται χωριστά.",The point marks Tiryns as a representative centre; it does not represent the polity's territorial extent.,src-whc-20fbbfc3302f,reviewed
place-sanctuary-aegina-aphaia-sanctuary,sanctuary-aegina-aphaia-sanctuary,37.75437629,23.53324757,POINT (23.53324757 37.75437629),"{""coordinates"":[23.53324757,37.75437629],""type"":""Point""}",site,high,exact,Ελλάδα,Greece,GRC,GR,"Agia Marina, Aegina",Pleiades representative point,,,src-pleiades-579872,reviewed
place-sanctuary-akragas-concordia-temple-sanctuary,sanctuary-akragas-concordia-temple-sanctuary,37.28965596,13.59207237,POINT (13.59207237 37.28965596),"{""coordinates"":[13.59207237,37.28965596],""type"":""Point""}",site,medium,exact,Ιταλία,Italy,ITA,IT,Agrigento,Pleiades representative point,,,src-pleiades-943504072,needs_review
place-sanctuary-alexandria-serapeum,sanctuary-alexandria-serapeum,31.181944,29.896944,POINT (29.896944 31.181944),"{""coordinates"":[29.896944,31.181944],""type"":""Point""}",site,high,exact,Αίγυπτος,Egypt,EGY,EG,Alexandria,Pleiades representative point,,,src-pleiades-182618516,reviewed
place-sanctuary-amyklaion-apollo-sanctuary,sanctuary-amyklaion-apollo-sanctuary,37.03631128,22.45026506,POINT (22.45026506 37.03631128),"{""coordinates"":[22.45026506,37.03631128],""type"":""Point""}",site,high,exact,Ελλάδα,Greece,GRC,GR,Amykles,Pleiades representative point,,,src-pleiades-73644851,reviewed
place-sanctuary-aphrodisias-aphrodite-sanctuary,sanctuary-aphrodisias-aphrodite-sanctuary,37.70971883,28.72318902,POINT (28.72318902 37.70971883),"{""coordinates"":[28.72318902,37.70971883],""type"":""Point""}",site,high,unknown,Τουρκία,Turkey,TUR,TR,Geyre,aphrodisias-excavations.com,,,src-aphrodisias-excavations-c69862729c7d,reviewed
place-sanctuary-apollonia-pontica-apollo-ietros-sanctuary,sanctuary-apollonia-pontica-apollo-ietros-sanctuary,42.4261,27.6938,POINT (27.6938 42.4261),"{""coordinates"":[27.6938,42.4261],""type"":""Point""}",proxy,medium,exact,Βουλγαρία,Bulgaria,BGR,BG,"St. Kirik Island, Sozopol",curated point linked to Pleiades place,Το σημείο είναι προσεγγιστικός χωρικός δείκτης του ιερού μέσα στην αρχαία πόλη και όχι ανεξάρτητα αποτυπωμένο περίγραμμα του μνημείου.,The point is an approximate spatial marker for the sanctuary within the ancient settlement; it is not a surveyed footprint of the monument.,src-pleiades-216706,needs_review
place-sanctuary-argive-heraion,sanctuary-argive-heraion,37.69209411,22.77477164,POINT (22.77477164 37.69209411),"{""coordinates"":[22.77477164,37.69209411],""type"":""Point""}",site,high,exact,Ελλάδα,Greece,GRC,GR,Neo Ireo,Pleiades representative point,,,src-pleiades-570289,reviewed
place-sanctuary-athens-acropolis-sacred-center,sanctuary-athens-acropolis-sacred-center,37.97164709,23.7264385,POINT (23.7264385 37.97164709),"{""coordinates"":[23.7264385,37.97164709],""type"":""Point""}",site,high,exact,Ελλάδα,Greece,GRC,GR,Athens,Pleiades representative point,,,src-pleiades-638356144,reviewed
place-sanctuary-bassae-apollo-epikourios,sanctuary-bassae-apollo-epikourios,37.42964395,21.90032237,POINT (21.90032237 37.42964395),"{""coordinates"":[21.90032237,37.42964395],""type"":""Point""}",site,high,exact,Ελλάδα,Greece,GRC,GR,Skliros,Pleiades representative point,,,src-pleiades-570148,reviewed
place-sanctuary-brauron-artemis-sanctuary,sanctuary-brauron-artemis-sanctuary,37.92615476,23.99371274,POINT (23.99371274 37.92615476),"{""coordinates"":[23.99371274,37.92615476],""type"":""Point""}",site,high,exact,Ελλάδα,Greece,GRC,GR,Vravrona,Pleiades representative point,,,src-pleiades-579879,reviewed
place-sanctuary-chersonesos-parthenos-sanctuary,sanctuary-chersonesos-parthenos-sanctuary,44.61222,33.49116,POINT (33.49116 44.61222),"{""coordinates"":[33.49116,44.61222],""type"":""Point""}",site,medium,unknown,Ουκρανία,Ukraine,UKR,UA,Sevastopol,whc.unesco.org,,,src-whc-9f55cde04df6,needs_review
place-sanctuary-claros-apollo-oracle,sanctuary-claros-apollo-oracle,38.00473241,27.19296631,POINT (27.19296631 38.00473241),"{""coordinates"":[27.19296631,38.00473241],""type"":""Point""}",site,high,exact,Τουρκία,Turkey,TUR,TR,Ahmetbeyli,Pleiades representative point,,,src-pleiades-599719,reviewed
place-sanctuary-crete-idaion-antron,sanctuary-crete-idaion-antron,35.2082103,24.8289925,POINT (24.8289925 35.2082103),"{""coordinates"":[24.8289925,35.2082103],""type"":""Point""}",site,high,exact,Ελλάδα,Greece,GRC,GR,"Nida Plateau, Crete",Pleiades representative point,,,src-pleiades-589817,reviewed
place-sanctuary-crete-iuktas-peak-sanctuary,sanctuary-crete-iuktas-peak-sanctuary,35.29160551,25.11438939,POINT (25.11438939 35.29160551),"{""coordinates"":[25.11438939,35.29160551],""type"":""Point""}",site,high,approximate,Ελλάδα,Greece,GRC,GR,"Mount Juktas, Archanes",Pleiades representative point,,,src-pleiades-559217802,reviewed
place-sanctuary-croton-hera-lacinia-sanctuary,sanctuary-croton-hera-lacinia-sanctuary,39.0276924,17.20494715,POINT (17.20494715 39.0276924),"{""coordinates"":[17.20494715,39.0276924],""type"":""Point""}",site,high,exact,Ιταλία,Italy,ITA,IT,"Capo Colonna, Crotone",Pleiades representative point,,,src-pleiades-452332,reviewed
place-sanctuary-cyrene-apollo-sanctuary,sanctuary-cyrene-apollo-sanctuary,32.82351143,21.85251663,POINT (21.85251663 32.82351143),"{""coordinates"":[21.85251663,32.82351143],""type"":""Point""}",site,high,exact,Λιβύη,Libya,LBY,LY,Shahat,Pleiades representative point,,,src-pleiades-464482220,reviewed
place-sanctuary-cyrene-zeus-sanctuary,sanctuary-cyrene-zeus-sanctuary,32.82234007,21.86244367,POINT (21.86244367 32.82234007),"{""coordinates"":[21.86244367,32.82234007],""type"":""Point""}",site,high,exact,Λιβύη,Libya,LBY,LY,Shahat,Pleiades representative point,,,src-pleiades-103565779,reviewed
place-sanctuary-delos-apollo-sanctuary,sanctuary-delos-apollo-sanctuary,37.3993075,25.268868,POINT (25.268868 37.3993075),"{""coordinates"":[25.268868,37.3993075],""type"":""Point""}",site,high,exact,Ελλάδα,Greece,GRC,GR,Delos,Pleiades representative point,,,src-pleiades-599506,reviewed
place-sanctuary-delphi-apollo-sanctuary,sanctuary-delphi-apollo-sanctuary,38.482289,22.501169,POINT (22.501169 38.482289),"{""coordinates"":[22.501169,38.482289],""type"":""Point""}",site,high,exact,Ελλάδα,Greece,GRC,GR,Delphi,Pleiades representative point,,,src-pleiades-540726,reviewed
place-sanctuary-delphi-athena-pronaia-sanctuary,sanctuary-delphi-athena-pronaia-sanctuary,38.48012669,22.5083745,POINT (22.5083745 38.48012669),"{""coordinates"":[22.5083745,38.48012669],""type"":""Point""}",site,high,exact,Ελλάδα,Greece,GRC,GR,Delphi,Pleiades representative point,,,src-pleiades-513711610,reviewed
place-sanctuary-despotiko-apollo-sanctuary,sanctuary-despotiko-apollo-sanctuary,36.97026271,25.01547138,POINT (25.01547138 36.97026271),"{""coordinates"":[25.01547138,36.97026271],""type"":""Point""}",site,high,exact,Ελλάδα,Greece,GRC,GR,"Mandra, Despotiko",Pleiades representative point,,,src-pleiades-854812387,reviewed
place-sanctuary-didyma-apollo-oracle,sanctuary-didyma-apollo-oracle,37.38496812,27.25638824,POINT (27.25638824 37.38496812),"{""coordinates"":[27.25638824,37.38496812],""type"":""Point""}",site,high,exact,Τουρκία,Turkey,TUR,TR,Didim,Pleiades representative point,,,src-pleiades-599593,reviewed
place-sanctuary-dodona-zeus-oracle,sanctuary-dodona-zeus-oracle,39.54643627,20.78773144,POINT (20.78773144 39.54643627),"{""coordinates"":[20.78773144,39.54643627],""type"":""Point""}",site,high,exact,Ελλάδα,Greece,GRC,GR,Dodoni,Pleiades representative point,,,src-pleiades-530843,reviewed
place-sanctuary-eleusis-demeter-sanctuary,sanctuary-eleusis-demeter-sanctuary,38.04144845,23.53759132,POINT (23.53759132 38.04144845),"{""coordinates"":[23.53759132,38.04144845],""type"":""Point""}",site,high,exact,Ελλάδα,Greece,GRC,GR,Elefsina,Pleiades representative point,,,src-pleiades-579910,reviewed
place-sanctuary-ephesus-artemis-sanctuary,sanctuary-ephesus-artemis-sanctuary,37.9497522,27.36372473,POINT (27.36372473 37.9497522),"{""coordinates"":[27.36372473,37.9497522],""type"":""Point""}",site,high,exact,Τουρκία,Turkey,TUR,TR,Selçuk,Pleiades representative point,,,src-pleiades-873985034,reviewed
place-sanctuary-epidauros-asklepios-sanctuary,sanctuary-epidauros-asklepios-sanctuary,37.59830234,23.07426419,POINT (23.07426419 37.59830234),"{""coordinates"":[23.07426419,37.59830234],""type"":""Point""}",site,high,exact,Ελλάδα,Greece,GRC,GR,Lygourio,Pleiades representative point,,,src-pleiades-570127,reviewed
place-sanctuary-foce-del-sele-heraion,sanctuary-foce-del-sele-heraion,40.48838686,14.97002056,POINT (14.97002056 40.48838686),"{""coordinates"":[14.97002056,40.48838686],""type"":""Point""}",site,high,exact,Ιταλία,Italy,ITA,IT,"Foce del Sele, Capaccio Paestum",Pleiades representative point,,,src-pleiades-442610,reviewed
place-sanctuary-golgoi-aphrodite-sanctuary,sanctuary-golgoi-aphrodite-sanctuary,35.087379,33.620066,POINT (33.620066 35.087379),"{""coordinates"":[33.620066,35.087379],""type"":""Point""}",site,medium,exact,Κύπρος,Cyprus,CYP,CY,Athienou area,Pleiades representative point,,,src-pleiades-707470,needs_review
place-sanctuary-gyroulas-demeter-sanctuary,sanctuary-gyroulas-demeter-sanctuary,37.02911178,25.43123428,POINT (25.43123428 37.02911178),"{""coordinates"":[25.43123428,37.02911178],""type"":""Point""}",site,high,exact,Ελλάδα,Greece,GRC,GR,"Sangri, Naxos",Pleiades representative point,,,src-pleiades-599631,reviewed
place-sanctuary-hierapolis-ploutonion,sanctuary-hierapolis-ploutonion,37.926248,29.1270484,POINT (29.1270484 37.926248),"{""coordinates"":[29.1270484,37.926248],""type"":""Point""}",site,high,exact,Τουρκία,Turkey,TUR,TR,Pamukkale,Pleiades representative point,,,src-pleiades-232079424,reviewed
place-sanctuary-histria-sacred-zone,sanctuary-histria-sacred-zone,44.54779,28.77513,POINT (28.77513 44.54779),"{""coordinates"":[28.77513,44.54779],""type"":""Point""}",proxy,medium,exact,Ρουμανία,Romania,ROU,RO,"Istria, Constanța County",Pleiades representative point,Το σημείο είναι προσεγγιστικός χωρικός δείκτης του ιερού μέσα στην αρχαία πόλη και όχι ανεξάρτητα αποτυπωμένο περίγραμμα του μνημείου.,The point is an approximate spatial marker for the sanctuary within the ancient settlement; it is not a surveyed footprint of the monument.,src-pleiades-216839,needs_review
place-sanctuary-hyria-dionysos-sanctuary,sanctuary-hyria-dionysos-sanctuary,37.07762788,25.38067653,POINT (25.38067653 37.07762788),"{""coordinates"":[25.38067653,37.07762788],""type"":""Point""}",site,high,exact,Ελλάδα,Greece,GRC,GR,"Yria, Naxos",Pleiades representative point,,,src-pleiades-599661,reviewed
place-sanctuary-isthmia-poseidon-sanctuary,sanctuary-isthmia-poseidon-sanctuary,37.9158035,22.9931345,POINT (22.9931345 37.9158035),"{""coordinates"":[22.9931345,37.9158035],""type"":""Point""}",site,high,exact,Ελλάδα,Greece,GRC,GR,"Kyra Vrysi, Isthmia",Pleiades representative point,,,src-pleiades-570316,reviewed
place-sanctuary-kalapodi-artemis-apollo-sanctuary,sanctuary-kalapodi-artemis-apollo-sanctuary,38.63651295,22.89541692,POINT (22.89541692 38.63651295),"{""coordinates"":[22.89541692,38.63651295],""type"":""Point""}",site,high,exact,Ελλάδα,Greece,GRC,GR,Kalapodi,Pleiades representative point,,,src-pleiades-955675680,reviewed
place-sanctuary-kos-asklepieion,sanctuary-kos-asklepieion,36.87572129,27.25718605,POINT (27.25718605 36.87572129),"{""coordinates"":[27.25718605,36.87572129],""type"":""Point""}",site,high,exact,Ελλάδα,Greece,GRC,GR,"Platani, Kos",Pleiades representative point,,,src-pleiades-599528,reviewed
place-sanctuary-kourion-apollo-hylates-sanctuary,sanctuary-kourion-apollo-hylates-sanctuary,34.67270936,32.8636043,POINT (32.8636043 34.67270936),"{""coordinates"":[32.8636043,34.67270936],""type"":""Point""}",site,high,exact,Κύπρος,Cyprus,CYP,CY,"Episkopi, Limassol",Pleiades representative point,,,src-pleiades-707476,reviewed
place-sanctuary-labraunda-zeus-sanctuary,sanctuary-labraunda-zeus-sanctuary,37.41890062,27.81999008,POINT (27.81999008 37.41890062),"{""coordinates"":[27.81999008,37.41890062],""type"":""Point""}",site,high,exact,Τουρκία,Turkey,TUR,TR,"Labraunda, near Milas",Pleiades representative point,,,src-pleiades-599745,reviewed
place-sanctuary-lagina-hekate-sanctuary,sanctuary-lagina-hekate-sanctuary,37.3785444,28.03948,POINT (28.03948 37.3785444),"{""coordinates"":[28.03948,37.3785444],""type"":""Point""}",site,high,exact,Τουρκία,Turkey,TUR,TR,"Turgut, Yatağan",Pleiades representative point,,,src-pleiades-376215160,reviewed
place-sanctuary-lemnos-kabeirion,sanctuary-lemnos-kabeirion,39.97934773,25.34165894,POINT (25.34165894 39.97934773),"{""coordinates"":[25.34165894,39.97934773],""type"":""Point""}",site,high,exact,Ελλάδα,Greece,GRC,GR,"Chloi, Lemnos",Pleiades representative point,,,src-pleiades-550604,reviewed
place-sanctuary-letoon-lycian-sanctuary,sanctuary-letoon-lycian-sanctuary,36.33171047,29.28956479,POINT (29.28956479 36.33171047),"{""coordinates"":[29.28956479,36.33171047],""type"":""Point""}",site,high,exact,Τουρκία,Turkey,TUR,TR,Kumluova,Pleiades representative point,,,src-pleiades-638958,reviewed
place-sanctuary-lindos-athena-sanctuary,sanctuary-lindos-athena-sanctuary,36.09101074,28.08844826,POINT (28.08844826 36.09101074),"{""coordinates"":[28.08844826,36.09101074],""type"":""Point""}",site,high,exact,Ελλάδα,Greece,GRC,GR,"Lindos, Rhodes",Pleiades representative point,,,src-pleiades-414067217,reviewed
place-sanctuary-locri-mannella-persephone-sanctuary,sanctuary-locri-mannella-persephone-sanctuary,38.21084,16.2399,POINT (16.2399 38.21084),"{""coordinates"":[16.2399,38.21084],""type"":""Point""}",site,high,unknown,Ιταλία,Italy,ITA,IT,"Mannella, Locri",museoarcheologicoreggiocalabria.cultura.gov.it,,,src-museoarcheologicoreggiocalabria-b6e43e041088,reviewed
place-sanctuary-magnesia-artemis-leukophryene,sanctuary-magnesia-artemis-leukophryene,37.84986234,27.52317844,POINT (27.52317844 37.84986234),"{""coordinates"":[27.52317844,37.84986234],""type"":""Point""}",proxy,medium,exact,Τουρκία,Turkey,TUR,TR,"Tekin, Germencik",Pleiades representative point,Το σημείο είναι προσεγγιστικός χωρικός δείκτης του ιερού μέσα στην αρχαία πόλη και όχι ανεξάρτητα αποτυπωμένο περίγραμμα του μνημείου.,The point is an approximate spatial marker for the sanctuary within the ancient settlement; it is not a surveyed footprint of the monument.,src-pleiades-599778,needs_review
place-sanctuary-menelaion-sparta,sanctuary-menelaion-sparta,37.0657435,22.4534818,POINT (22.4534818 37.0657435),"{""coordinates"":[22.4534818,37.0657435],""type"":""Point""}",site,high,exact,Ελλάδα,Greece,GRC,GR,"Therapni, Sparta",Pleiades representative point,,,src-pleiades-570477,reviewed
place-sanctuary-metapontum-tavole-palatine-heraion,sanctuary-metapontum-tavole-palatine-heraion,40.41607388,16.81677139,POINT (16.81677139 40.41607388),"{""coordinates"":[16.81677139,40.41607388],""type"":""Point""}",site,high,exact,Ιταλία,Italy,ITA,IT,"Metaponto, Bernalda",Pleiades representative point,,,src-pleiades-442611,reviewed
place-sanctuary-mount-lykaion-zeus-sanctuary,sanctuary-mount-lykaion-zeus-sanctuary,37.4492021,21.992287,POINT (21.992287 37.4492021),"{""coordinates"":[21.992287,37.4492021],""type"":""Point""}",site,high,exact,Ελλάδα,Greece,GRC,GR,Mount Lykaion,Pleiades representative point,,,src-pleiades-570764,reviewed
place-sanctuary-naukratis-hellenion,sanctuary-naukratis-hellenion,30.900508,30.5919275,POINT (30.5919275 30.900508),"{""coordinates"":[30.5919275,30.900508],""type"":""Point""}",proxy,medium,unknown,Αίγυπτος,Egypt,EGY,EG,Kom Gi'eif / El-Niqrash,www.britishmuseum.org,Το σημείο είναι προσεγγιστικός χωρικός δείκτης του ιερού μέσα στην αρχαία πόλη και όχι ανεξάρτητα αποτυπωμένο περίγραμμα του μνημείου.,The point is an approximate spatial marker for the sanctuary within the ancient settlement; it is not a surveyed footprint of the monument.,src-britishmuseum-4626abd5cbdd,needs_review
place-sanctuary-nemea-zeus-sanctuary,sanctuary-nemea-zeus-sanctuary,37.80905853,22.71067954,POINT (22.71067954 37.80905853),"{""coordinates"":[22.71067954,37.80905853],""type"":""Point""}",site,high,exact,Ελλάδα,Greece,GRC,GR,Archaia Nemea,Pleiades representative point,,,src-pleiades-570504,reviewed
place-sanctuary-olbia-apollo-delphinios-sanctuary,sanctuary-olbia-apollo-delphinios-sanctuary,46.69293,31.9049,POINT (31.9049 46.69293),"{""coordinates"":[31.9049,46.69293],""type"":""Point""}",site,medium,unknown,Ουκρανία,Ukraine,UKR,UA,"Parutyne, Mykolaiv Oblast",www.penn.museum,,,src-penn-fb29e85fcab7,needs_review
place-sanctuary-olympia-zeus-sanctuary,sanctuary-olympia-zeus-sanctuary,37.6386835,21.6308144,POINT (21.6308144 37.6386835),"{""coordinates"":[21.6308144,37.6386835],""type"":""Point""}",site,high,exact,Ελλάδα,Greece,GRC,GR,Archaia Olympia,Pleiades representative point,,,src-pleiades-570531,reviewed
place-sanctuary-oropos-amphiareion,sanctuary-oropos-amphiareion,38.29100503,23.84564,POINT (23.84564 38.29100503),"{""coordinates"":[23.84564,38.29100503],""type"":""Point""}",site,high,exact,Ελλάδα,Greece,GRC,GR,Markopoulo Oropou,Pleiades representative point,,,src-pleiades-540628,reviewed
place-sanctuary-palaepaphos-aphrodite-sanctuary,sanctuary-palaepaphos-aphrodite-sanctuary,34.7068294,32.5736088,POINT (32.5736088 34.7068294),"{""coordinates"":[32.5736088,34.7068294],""type"":""Point""}",site,high,exact,Κύπρος,Cyprus,CYP,CY,Kouklia,Pleiades representative point,,,src-pleiades-828989863,reviewed
place-sanctuary-panionion-poseidon-sanctuary,sanctuary-panionion-poseidon-sanctuary,37.703924,27.329993,POINT (27.329993 37.703924),"{""coordinates"":[27.329993,37.703924],""type"":""Point""}",site,high,exact,Τουρκία,Turkey,TUR,TR,Güzelçamlı,Pleiades representative point,,,src-pleiades-599855,reviewed
place-sanctuary-pantikapaion-apollo-ietros-sanctuary,sanctuary-pantikapaion-apollo-ietros-sanctuary,45.35095,36.46945,POINT (36.46945 45.35095),"{""coordinates"":[36.46945,45.35095],""type"":""Point""}",proxy,medium,exact,Ουκρανία,Ukraine,UKR,UA,Kerch,curated point linked to Pleiades place,Το σημείο είναι προσεγγιστικός χωρικός δείκτης του ιερού μέσα στην αρχαία πόλη και όχι ανεξάρτητα αποτυπωμένο περίγραμμα του μνημείου.,The point is an approximate spatial marker for the sanctuary within the ancient settlement; it is not a surveyed footprint of the monument.,src-pleiades-854719,needs_review
place-sanctuary-perachora-heraion,sanctuary-perachora-heraion,38.02810774,22.85281872,POINT (22.85281872 38.02810774),"{""coordinates"":[22.85281872,38.02810774],""type"":""Point""}",site,high,exact,Ελλάδα,Greece,GRC,GR,Perachora,Pleiades representative point,,,src-pleiades-570288,reviewed
place-sanctuary-pergamon-asklepieion,sanctuary-pergamon-asklepieion,39.11886849,27.16563039,POINT (27.16563039 39.11886849),"{""coordinates"":[27.16563039,39.11886849],""type"":""Point""}",site,high,exact,Τουρκία,Turkey,TUR,TR,Bergama,Pleiades representative point,,,src-pleiades-550459,reviewed
place-sanctuary-priene-athena-polias-sanctuary,sanctuary-priene-athena-polias-sanctuary,37.65924143,27.29661487,POINT (27.29661487 37.65924143),"{""coordinates"":[27.29661487,37.65924143],""type"":""Point""}",site,high,exact,Τουρκία,Turkey,TUR,TR,Güllübahçe,Pleiades representative point,,,src-pleiades-298577312,reviewed
place-sanctuary-rhodes-zeus-atabyrios-sanctuary,sanctuary-rhodes-zeus-atabyrios-sanctuary,36.2068373,27.86460035,POINT (27.86460035 36.2068373),"{""coordinates"":[27.86460035,36.2068373],""type"":""Point""}",site,high,exact,Ελλάδα,Greece,GRC,GR,"Mount Atavyros, Rhodes",Pleiades representative point,,,src-pleiades-590099,reviewed
place-sanctuary-samos-heraion,sanctuary-samos-heraion,37.67196784,26.88591701,POINT (26.88591701 37.67196784),"{""coordinates"":[26.88591701,37.67196784],""type"":""Point""}",site,high,exact,Ελλάδα,Greece,GRC,GR,"Ireon, Samos",Pleiades representative point,,,src-pleiades-599641,reviewed
place-sanctuary-samothrace-great-gods-sanctuary,sanctuary-samothrace-great-gods-sanctuary,40.50081363,25.53017343,POINT (25.53017343 40.50081363),"{""coordinates"":[25.53017343,40.50081363],""type"":""Point""}",site,high,exact,Ελλάδα,Greece,GRC,GR,"Paleopoli, Samothrace",Pleiades representative point,,,src-pleiades-501511,reviewed
place-sanctuary-sardis-artemis-sanctuary,sanctuary-sardis-artemis-sanctuary,38.47976506,28.03117478,POINT (28.03117478 38.47976506),"{""coordinates"":[28.03117478,38.47976506],""type"":""Point""}",site,high,exact,Τουρκία,Turkey,TUR,TR,Sart,Pleiades representative point,,,src-pleiades-66376536,reviewed
place-sanctuary-segesta-doric-temple-sanctuary,sanctuary-segesta-doric-temple-sanctuary,37.94147,12.832405,POINT (12.832405 37.94147),"{""coordinates"":[12.832405,37.94147],""type"":""Point""}",site,medium,exact,Ιταλία,Italy,ITA,IT,Calatafimi-Segesta,Pleiades representative point,,,src-pleiades-963441586,needs_review
place-sanctuary-selinous-demeter-malophoros-sanctuary,sanctuary-selinous-demeter-malophoros-sanctuary,37.58686508,12.81694173,POINT (12.81694173 37.58686508),"{""coordinates"":[12.81694173,37.58686508],""type"":""Point""}",site,high,exact,Ιταλία,Italy,ITA,IT,Marinella di Selinunte,Pleiades representative point,,,src-pleiades-502577471,reviewed
place-sanctuary-siwa-amun-zeus-oracle,sanctuary-siwa-amun-zeus-oracle,29.2051738,25.54350736,POINT (25.54350736 29.2051738),"{""coordinates"":[25.54350736,29.2051738],""type"":""Point""}",site,high,exact,Αίγυπτος,Egypt,EGY,EG,"Aghurmi, Siwa Oasis",Pleiades representative point,,,src-pleiades-716520,reviewed
place-sanctuary-smintheion-apollo-sanctuary,sanctuary-smintheion-apollo-sanctuary,39.5362071,26.1177415,POINT (26.1177415 39.5362071),"{""coordinates"":[26.1177415,39.5362071],""type"":""Point""}",site,high,exact,Τουρκία,Turkey,TUR,TR,Gülpınar,Pleiades representative point,,,src-pleiades-550892,reviewed
place-sanctuary-sounion-poseidon-sanctuary,sanctuary-sounion-poseidon-sanctuary,37.65021167,24.02458985,POINT (24.02458985 37.65021167),"{""coordinates"":[24.02458985,37.65021167],""type"":""Point""}",site,high,exact,Ελλάδα,Greece,GRC,GR,Sounio,Pleiades representative point,,,src-pleiades-580086,reviewed
place-sanctuary-syracuse-apollo-sanctuary,sanctuary-syracuse-apollo-sanctuary,37.06391256,15.29302272,POINT (15.29302272 37.06391256),"{""coordinates"":[15.29302272,37.06391256],""type"":""Point""}",site,high,exact,Ιταλία,Italy,ITA,IT,"Ortygia, Syracuse",Pleiades representative point,,,src-pleiades-418729933,reviewed
place-sanctuary-tegea-athena-alea-sanctuary,sanctuary-tegea-athena-alea-sanctuary,37.45548013,22.4203967,POINT (22.4203967 37.45548013),"{""coordinates"":[22.4203967,37.45548013],""type"":""Point""}",site,high,exact,Ελλάδα,Greece,GRC,GR,"Alea, Tripoli",Pleiades representative point,,,src-pleiades-372843530,reviewed
place-sanctuary-thermon-apollo-sanctuary,sanctuary-thermon-apollo-sanctuary,38.55975222,21.66809773,POINT (21.66809773 38.55975222),"{""coordinates"":[21.66809773,38.55975222],""type"":""Point""}",site,high,exact,Ελλάδα,Greece,GRC,GR,Thermo,Pleiades representative point,,,src-pleiades-728329645,reviewed
place-sanctuary-tinos-poseidon-amphitrite-sanctuary,sanctuary-tinos-poseidon-amphitrite-sanctuary,37.55168814,25.14288517,POINT (25.14288517 37.55168814),"{""coordinates"":[25.14288517,37.55168814],""type"":""Point""}",site,high,exact,Ελλάδα,Greece,GRC,GR,"Kionia, Tinos",Pleiades representative point,,,src-pleiades-590006,reviewed
