relationship_id,subject_entity_id,predicate,object_entity_id,object_authority_id,object_label_el,object_label_en,certainty,source_id,migration_evidence_el,review_state
rel-002da86a7640,colony-leontinoi,founded_from,colony-naxos-sicily,,Νάξος Σικελίας,Naxos,medium,src-pleiades-462279,metropolis_el: Νάξος Σικελίας,reviewed
rel-00a1765669aa,sanctuary-menelaion-sparta,associated_with_settlement,city-sparta,,Σπάρτη,Sparta,high,src-pleiades-570477,Ρητή επιμελητική σύνδεση του Μενελαείου με τη Σπάρτη.,reviewed
rel-0274ef90207b,sanctuary-pantikapaion-apollo-ietros-sanctuary,associated_with_settlement,colony-panticapaeum,,Παντικάπαιο,Panticapaeum,high,src-pleiades-854719,Ρητή επιμελητική σύνδεση του ιερού με το Παντικάπαιο.,reviewed
rel-02991338ff30,colony-callatis,founded_from,colony-heraclea-pontica,,Ηράκλεια Ποντική,Heraclea Pontica,medium,src-pleiades-216744,metropolis_el: Ηράκλεια Ποντική,reviewed
rel-03d62fdc5966,sanctuary-claros-apollo-oracle,cult_of,,deity_or_cult-apollon-klarios,Απόλλων Κλάριος,Apollo Klarios,medium,src-pleiades-599719,deity_or_cult_el: Απόλλων Κλάριος,reviewed
rel-047a344ee96a,kingdom-seleucid,succeeded_by,,polity-romaike-syria-parthiko-basileio-kai-alla-periphereiaka-krate,"Ρωμαϊκή Συρία, Παρθικό βασίλειο και άλλα περιφερειακά κράτη","Roman Syria, Parthian kingdom and other peripheral states",medium,src-metmuseum-31540f5687cf,"successor_el: Ρωμαϊκή Συρία, Παρθικό βασίλειο και άλλα περιφερειακά κράτη",reviewed
rel-052821e0ed68,sanctuary-oropos-amphiareion,cult_of,,deity_or_cult-amphiaraos-kai-ygeia,Αμφιάραος και Υγεία,Amphiaraos and Hygieia,medium,src-pleiades-540628,deity_or_cult_el: Αμφιάραος και Υγεία,reviewed
rel-059e948338a4,kingdom-tiryns-palatial,ruled_by_dynasty,,dynasty-agnoste-oi-proitides-anekoyn-ste-mythike-paradose,Άγνωστη· οι Προιτίδες ανήκουν στη μυθική παράδοση,Unknown; the Proitides belong to the mythic tradition,medium,src-whc-6306f630553d,dynasty_el: Άγνωστη· οι Προιτίδες ανήκουν στη μυθική παράδοση,reviewed
rel-066d030baf75,kingdom-macedon-antigonid,ruled_by_dynasty,,dynasty-antigonides,Αντιγονίδες,Antigonids,medium,src-metmuseum-50fe20dc493f,dynasty_el: Αντιγονίδες,reviewed
rel-090dbf0652d9,kingdom-indo-greek-menandrid,preceded_by,,polity-proima-indoellenika-basileia,Πρώιμα ινδοελληνικά βασίλεια,Early Indo-Greek kingdoms,medium,src-iranicaonline-612dff96c99c,predecessor_el: Πρώιμα ινδοελληνικά βασίλεια,reviewed
rel-09155c25e573,kingdom-attalid-pergamon,ruled_by_dynasty,,dynasty-attalides,Ατταλίδες,Attalids,medium,src-metmuseum-50fe20dc493f,dynasty_el: Ατταλίδες,reviewed
rel-0ace6d8e4c36,kingdom-attalid-pergamon,succeeded_by,,polity-romaike-eparchia-asia,Ρωμαϊκή επαρχία Ασία,Roman province of Asia,medium,src-metmuseum-50fe20dc493f,successor_el: Ρωμαϊκή επαρχία Ασία,reviewed
rel-0bdc59ee44e8,kingdom-tiryns-palatial,preceded_by,,polity-mesoelladikes-kai-proimes-mykenaikes-koinotetes,Μεσοελλαδικές και πρώιμες μυκηναϊκές κοινότητες,Middle Helladic and early Mycenaean communities,medium,src-whc-6306f630553d,predecessor_el: Μεσοελλαδικές και πρώιμες μυκηναϊκές κοινότητες,reviewed
rel-0bf49800707e,kingdom-syracuse-agathocles,succeeded_by,,polity-metagathokleideia-astatheia-stis-syrakoyses,Μεταγαθοκλείδεια αστάθεια στις Συρακούσες,Post-Agathoclean instability at Syracuse,medium,src-britishmuseum-073d3f0a8ae4,successor_el: Μεταγαθοκλείδεια αστάθεια στις Συρακούσες,reviewed
rel-0d81e8247d39,kingdom-seleucid,preceded_by,,polity-aytokratoria-toy-alexandroy-kai-satrapeies-ton-diadochon,Αυτοκρατορία του Αλεξάνδρου και σατραπείες των Διαδόχων,Empire of Alexander and satrapies of the Successors,medium,src-metmuseum-31540f5687cf,predecessor_el: Αυτοκρατορία του Αλεξάνδρου και σατραπείες των Διαδόχων,reviewed
rel-0dbf9cae8cb7,kingdom-lysimachid,representative_center,,settlement-lysimacheia,Λυσιμάχεια,Lysimachia,high,src-pleiades-501458,representative_center_el: Λυσιμάχεια,reviewed
rel-0de5dd198fae,kingdom-salamis-cyprus,ruled_by_dynasty,,dynasty-teykrides-kai-istorikes-basilikes-grammes-metaxy-toys-oi-eyagorides,"Τευκρίδες και ιστορικές βασιλικές γραμμές, μεταξύ τους οι Ευαγορίδες","Teucrids and historical royal lines, including the Evagorids",medium,src-uni-muenster-0a0030be4d2a,"dynasty_el: Τευκρίδες και ιστορικές βασιλικές γραμμές, μεταξύ τους οι Ευαγορίδες",reviewed
rel-101dfed03f3e,kingdom-athens-mycenaean,ruled_by_dynasty,,dynasty-agnoste-oi-erechtheides-anekoyn-ste-mythike-paradose,Άγνωστη· οι Ερεχθείδες ανήκουν στη μυθική παράδοση,Unknown; the Erechtheids belong to mythic tradition,medium,src-whc-228f1be9c035,dynasty_el: Άγνωστη· οι Ερεχθείδες ανήκουν στη μυθική παράδοση,reviewed
rel-120252305217,kingdom-indo-greek-menandrid,representative_center,,settlement-sagala,Σάγαλα,Sagala,high,src-iranicaonline-612dff96c99c,representative_center_el: Σάγαλα,reviewed
rel-1217f5b7d0b5,kingdom-athens-mycenaean,succeeded_by,,polity-proime-epoche-toy-sideroy-sten-athena,Πρώιμη Εποχή του Σιδήρου στην Αθήνα,Early Iron Age in Athens,medium,src-whc-228f1be9c035,successor_el: Πρώιμη Εποχή του Σιδήρου στην Αθήνα,reviewed
rel-129d7b643ccd,colony-teos,founded_from,,settlement-athena-kai-boiotia-paradose,Αθήνα και Βοιωτία (παράδοση),Athens and Boeotia (tradition),medium,src-pleiades-550913,metropolis_el: Αθήνα και Βοιωτία (παράδοση),reviewed
rel-12dacc8eff7f,colony-amphipolis,founded_from,city-athens-attica,,Αθήνα,Athens,medium,src-pleiades-501347,metropolis_el: Αθήνα,reviewed
rel-13f9862e1af0,kingdom-seleucid,ruled_by_dynasty,,dynasty-seleykides,Σελευκίδες,Seleucids,medium,src-metmuseum-31540f5687cf,dynasty_el: Σελευκίδες,reviewed
rel-14bd08b82692,kingdom-indo-greek-menandrid,succeeded_by,,polity-ystera-periphereiaka-indoellenika-basileia,Ύστερα περιφερειακά ινδοελληνικά βασίλεια,Later regional Indo-Greek kingdoms,medium,src-iranicaonline-612dff96c99c,successor_el: Ύστερα περιφερειακά ινδοελληνικά βασίλεια,reviewed
rel-168505ff3d8c,kingdom-paphos-cyprus,representative_center,,settlement-palaipaphos-koyklia,"Παλαίπαφος, Κούκλια",Palaepaphos (Kouklia),high,src-websites-d5246844b076,"representative_center_el: Παλαίπαφος, Κούκλια",reviewed
rel-17206788a259,sanctuary-alexandria-serapeum,cult_of,,deity_or_cult-sarapis-isis-kai-arpokrates,"Σάραπις, Ίσις και Αρποκράτης","Sarapis, Isis and Harpocrates",medium,src-pleiades-182618516,"deity_or_cult_el: Σάραπις, Ίσις και Αρποκράτης",reviewed
rel-17db0a337b33,kingdom-thebes-palatial,preceded_by,,polity-proimes-mykenaikes-koinotetes-tes-boiotias,Πρώιμες μυκηναϊκές κοινότητες της Βοιωτίας,Early Mycenaean communities of Boeotia,medium,src-mthv-715d665b63b5,predecessor_el: Πρώιμες μυκηναϊκές κοινότητες της Βοιωτίας,reviewed
rel-17ed503aae7d,colony-croton,founded_from,,settlement-achaia,Αχαΐα,Achaia,medium,src-pleiades-452317,metropolis_el: Αχαΐα,reviewed
rel-18e47a4caa28,colony-apollonia-cyrenaica,founded_from,colony-cyrene,,Κυρήνη,Cyrene,medium,src-pleiades-373732,metropolis_el: Κυρήνη,reviewed
rel-190b651ef9aa,kingdom-salamis-cyprus,representative_center,,settlement-salamina-kyproy,Σαλαμίνα Κύπρου,"Salamis, Cyprus",high,src-uni-muenster-0a0030be4d2a,representative_center_el: Σαλαμίνα Κύπρου,reviewed
rel-19122ab689a1,colony-colophon,founded_from,,settlement-athena-ionike-paradose,Αθήνα (ιωνική παράδοση),Athens (Ionic tradition),medium,src-pleiades-599577,metropolis_el: Αθήνα (ιωνική παράδοση),reviewed
rel-196748495cc9,colony-cnidus,founded_from,city-sparta,,Σπάρτη,Sparta,medium,src-pleiades-599575,metropolis_el: Σπάρτη,reviewed
rel-19a1e41cfffe,kingdom-epirus-aeacid,succeeded_by,,polity-koino-ton-epeiroton,Κοινό των Ηπειρωτών,Epirote League,medium,src-cambridge-96106a304cc6,successor_el: Κοινό των Ηπειρωτών,reviewed
rel-1b02370e9b25,colony-neapolis-campania,founded_from,colony-cumae-campania,,Κύμη Καμπανίας,Cumae,medium,src-pleiades-433014,metropolis_el: Κύμη Καμπανίας,reviewed
rel-1bbe5532dbdc,sanctuary-croton-hera-lacinia-sanctuary,cult_of,,deity_or_cult-era-lakinia,Ήρα Λακινία,Hera Lacinia,medium,src-pleiades-452332,deity_or_cult_el: Ήρα Λακινία,reviewed
rel-1cde586c00a0,sanctuary-locri-mannella-persephone-sanctuary,associated_with_settlement,colony-locri-epizephyrii,,Λοκροί Επιζεφύριοι,Locri Epizephyrii,high,src-museoarcheologicoreggiocalabria-a34e7a2bfa16,Ρητή επιμελητική σύνδεση του ιερού της Mannella με τους Επιζεφύριους Λοκρούς.,reviewed
rel-1cfd9a22f9b1,kingdom-cappadocia-ariarathid,preceded_by,,polity-achaimenidike-satrapeia-kappadokias,Αχαιμενιδική σατραπεία Καππαδοκίας,Achaemenid satrapy of Cappadocia,medium,src-iranicaonline-0624b0b64cf3,predecessor_el: Αχαιμενιδική σατραπεία Καππαδοκίας,reviewed
rel-1f8a32f05d76,sanctuary-lindos-athena-sanctuary,associated_with_settlement,city-lindos,,Λίνδος,Lindos,high,src-pleiades-414067217,Ρητή επιμελητική σύνδεση του ιερού της Αθηνάς Λινδίας με τη Λίνδο.,reviewed
rel-1fbc4ff082bb,kingdom-epirus-aeacid,representative_center,,settlement-dodone,Δωδώνη,Dodona,high,src-cambridge-96106a304cc6,representative_center_el: Δωδώνη,reviewed
rel-20e2c19b8bfa,colony-amisus,founded_from,colony-miletus,,Μίλητος,Miletus,medium,src-pleiades-857024,metropolis_el: Μίλητος,reviewed
rel-218735b4d11c,sanctuary-hierapolis-ploutonion,cult_of,,deity_or_cult-ployton-kai-kore,Πλούτων και Κόρη,Plouton and Kore,medium,src-pleiades-232079424,deity_or_cult_el: Πλούτων και Κόρη,reviewed
rel-21df7dff088c,colony-corcyra,founded_from,city-corinth,,Κόρινθος,Corinth,medium,src-pleiades-530834,metropolis_el: Κόρινθος,reviewed
rel-21e7126b4806,sanctuary-bassae-apollo-epikourios,cult_of,,deity_or_cult-apollon-epikoyrios,Απόλλων Επικούριος,Apollo Epicurius,medium,src-pleiades-570148,deity_or_cult_el: Απόλλων Επικούριος,reviewed
rel-22a9fe37e271,kingdom-pylos-palatial,preceded_by,,polity-proimes-mykenaikes-koinotetes-tes-dytikes-messenias,Πρώιμες μυκηναϊκές κοινότητες της δυτικής Μεσσηνίας,Early Mycenaean communities of western Messinia,medium,src-odysseus-00e2d87ae4a8,predecessor_el: Πρώιμες μυκηναϊκές κοινότητες της δυτικής Μεσσηνίας,reviewed
rel-236bc9d43c4e,kingdom-orchomenos-palatial,ruled_by_dynasty,,dynasty-agnoste-oi-minyes-anekoyn-kyrios-ste-mythike-paradose,Άγνωστη· οι Μινύες ανήκουν κυρίως στη μυθική παράδοση,Unknown; the Minyas belong mainly to the mythic tradition,medium,src-mthv-715d665b63b5,dynasty_el: Άγνωστη· οι Μινύες ανήκουν κυρίως στη μυθική παράδοση,reviewed
rel-243275dcc200,kingdom-mycenae-palatial,representative_center,,settlement-mykenes,Μυκήνες,Mycenae,high,src-whc-6306f630553d,representative_center_el: Μυκήνες,reviewed
rel-274596958d0b,sanctuary-rhodes-zeus-atabyrios-sanctuary,cult_of,,deity_or_cult-zeys-atabyrios,Ζευς Αταβύριος,Zeus Atabyrios,medium,src-pleiades-590099,deity_or_cult_el: Ζευς Αταβύριος,reviewed
rel-27b7262cd5e8,sanctuary-palaepaphos-aphrodite-sanctuary,cult_of,,deity_or_cult-aphrodite-paphia,Αφροδίτη Παφία,Aphrodite Paphia,medium,src-pleiades-828989863,deity_or_cult_el: Αφροδίτη Παφία,reviewed
rel-285a72d0b590,kingdom-ptolemaic-egypt,preceded_by,,polity-satrapeia-aigyptoy-tes-aytokratorias-toy-alexandroy,Σατραπεία Αιγύπτου της αυτοκρατορίας του Αλεξάνδρου,Egyptian satrapy of Alexander's empire,medium,src-metmuseum-9200258a95cb,predecessor_el: Σατραπεία Αιγύπτου της αυτοκρατορίας του Αλεξάνδρου,reviewed
rel-28d53fd5308e,colony-byzantium,founded_from,city-megara,,Μέγαρα,Megara,medium,src-pleiades-520985,metropolis_el: Μέγαρα,reviewed
rel-296baa3bab8c,kingdom-lysimachid,ruled_by_dynasty,,dynasty-lysimachides,Λυσιμαχίδες,Lysimachids,medium,src-pleiades-501458,dynasty_el: Λυσιμαχίδες,reviewed
rel-2c8ef8d9da86,kingdom-cappadocia-ariarathid,ruled_by_dynasty,,dynasty-ariarathides,Αριαραθίδες,Ariarathids,medium,src-iranicaonline-0624b0b64cf3,dynasty_el: Αριαραθίδες,reviewed
rel-2cf124c88b18,sanctuary-chersonesos-parthenos-sanctuary,associated_with_settlement,colony-chersonesus-taurica,,Χερσόνησος Ταυρική,Chersonesus Taurica,high,src-whc-329a28f5c851,Ρητή επιμελητική σύνδεση του ιερού με την Ταυρική Χερσόνησο.,reviewed
rel-2d26241359f0,kingdom-commagene,representative_center,,settlement-samosata,Σαμόσατα,Samosata,high,src-whc-758c2c416617,representative_center_el: Σαμόσατα,reviewed
rel-2db42de70148,sanctuary-akragas-concordia-temple-sanctuary,cult_of,,deity_or_cult-agnoste-archaia-aphierose,Άγνωστη αρχαία αφιέρωση,Unknown ancient dedication,medium,src-pleiades-943504072,deity_or_cult_el: Άγνωστη αρχαία αφιέρωση,reviewed
rel-2e02630eb1c2,kingdom-indo-greek-late,succeeded_by,,polity-indoskythika-kai-indoparthika-basileia,Ινδοσκυθικά και ινδοπαρθικά βασίλεια,Indo-Scythian and Indo-Parthian kingdoms,medium,src-iranicaonline-612dff96c99c,successor_el: Ινδοσκυθικά και ινδοπαρθικά βασίλεια,reviewed
rel-2e9f610595d5,kingdom-bithynia,ruled_by_dynasty,,dynasty-dynasteia-toy-zipoite-kai-ton-nikomedon,Δυναστεία του Ζιποίτη και των Νικομηδών,Dynasty of Zipoetes and the Nicomedes,medium,src-attalus-1b40f4436114,dynasty_el: Δυναστεία του Ζιποίτη και των Νικομηδών,reviewed
rel-2f08e052a65f,colony-barca-cyrenaica,founded_from,colony-cyrene,,Κυρήνη,Cyrene,medium,src-pleiades-373750,metropolis_el: Κυρήνη,reviewed
rel-3000f9f3951c,kingdom-cappadocia-ariarathid,succeeded_by,,polity-ystero-pelateiako-basileio-tes-kappadokias,Ύστερο πελατειακό βασίλειο της Καππαδοκίας,Late Client Kingdom of Cappadocia,medium,src-iranicaonline-0624b0b64cf3,successor_el: Ύστερο πελατειακό βασίλειο της Καππαδοκίας,reviewed
rel-3036314c2390,kingdom-thebes-palatial,ruled_by_dynasty,,dynasty-agnoste-oi-labdakides-anekoyn-ste-mythike-paradose,Άγνωστη· οι Λαβδακίδες ανήκουν στη μυθική παράδοση,Unknown; the Labdacids belong to mythic tradition,medium,src-mthv-715d665b63b5,dynasty_el: Άγνωστη· οι Λαβδακίδες ανήκουν στη μυθική παράδοση,reviewed
rel-31d8dcfa97be,kingdom-cappadocia-ariarathid,representative_center,,settlement-mazaka,Μάζακα,Mazaca,high,src-iranicaonline-0624b0b64cf3,representative_center_el: Μάζακα,reviewed
rel-320a5ccad39d,colony-clazomenae,founded_from,,settlement-athena-ionike-paradose,Αθήνα (ιωνική παράδοση),Athens (Ionic tradition),medium,src-pleiades-550651,metropolis_el: Αθήνα (ιωνική παράδοση),reviewed
rel-33ef4c50383d,sanctuary-menelaion-sparta,cult_of,,deity_or_cult-elene-kai-menelaos,Ελένη και Μενέλαος,Helen and Menelaus,medium,src-pleiades-570477,deity_or_cult_el: Ελένη και Μενέλαος,reviewed
rel-34668547652b,kingdom-macedon-antigonid,representative_center,city-pella,,Πέλλα,Pella,high,src-metmuseum-50fe20dc493f,representative_center_el: Πέλλα,reviewed
rel-34d296e3bd3e,kingdom-macedon-antigonid,succeeded_by,,polity-romaikes-merides-tes-makedonias-kai-katopin-eparchia,Ρωμαϊκές μερίδες της Μακεδονίας και κατόπιν επαρχία,Roman districts of Macedonia and later the Roman province,medium,src-metmuseum-50fe20dc493f,successor_el: Ρωμαϊκές μερίδες της Μακεδονίας και κατόπιν επαρχία,reviewed
rel-353cbeda2417,kingdom-pylos-palatial,ruled_by_dynasty,,dynasty-agnoste-oi-neleides-anekoyn-ste-mythike-paradose,Άγνωστη· οι Νηλείδες ανήκουν στη μυθική παράδοση,Unknown; the Neleids belong to mythic tradition,medium,src-odysseus-00e2d87ae4a8,dynasty_el: Άγνωστη· οι Νηλείδες ανήκουν στη μυθική παράδοση,reviewed
rel-36725706b7a9,colony-cyme-aeolis,founded_from,,settlement-lokrida-kai-thessalia-aiolike-paradose,Λοκρίδα και Θεσσαλία (αιολική παράδοση),Locris and Thessaly (Aeolian tradition),medium,src-pleiades-550506,metropolis_el: Λοκρίδα και Θεσσαλία (αιολική παράδοση),reviewed
rel-379310fc62aa,kingdom-indo-greek-late,preceded_by,,polity-indoelleniko-basileio-toy-menandroy-kai-sygchrones-dynasteies,Ινδοελληνικό βασίλειο του Μενάνδρου και σύγχρονες δυναστείες,Indo-Greek kingdom of Menander and contemporaneous dynasties,medium,src-iranicaonline-612dff96c99c,predecessor_el: Ινδοελληνικό βασίλειο του Μενάνδρου και σύγχρονες δυναστείες,reviewed
rel-391e097c25a1,sanctuary-perachora-heraion,cult_of,,deity_or_cult-era-akraia-kai-era-limenia,Ήρα Ακραία και Ήρα Λιμενία,Hera Akraia and Hera Limenia,medium,src-pleiades-570288,deity_or_cult_el: Ήρα Ακραία και Ήρα Λιμενία,reviewed
rel-39a8b2d8cd52,sanctuary-kalapodi-artemis-apollo-sanctuary,cult_of,,deity_or_cult-artemis-elaphebolos-kai-apollon-abaios,Άρτεμις Ελαφηβόλος και Απόλλων Αβαίος,Artemis Elaphebolos and Apollo Abaios,medium,src-pleiades-955675680,deity_or_cult_el: Άρτεμις Ελαφηβόλος και Απόλλων Αβαίος,reviewed
rel-3a2e1882cc52,sanctuary-kos-asklepieion,associated_with_settlement,city-kos-city,,Κως,Kos,high,src-pleiades-599528,Ρητή επιμελητική σύνδεση του Ασκληπιείου με την Κω.,reviewed
rel-3a7838686227,sanctuary-akragas-concordia-temple-sanctuary,associated_with_settlement,colony-akragas,,Ακράγαντας,Akragas,high,src-pleiades-943504072,Ρητή επιμελητική σύνδεση του ναού με τον Ακράγαντα.,reviewed
rel-3b1e872830bf,kingdom-greco-bactrian-diodotid,succeeded_by,,polity-ellenobaktriano-basileio-ton-eythydemidon,Ελληνοβακτριανό Βασίλειο των Ευθυδημιδών,Greco-Bactrian Kingdom of the Euthydemides,medium,src-metmuseum-50fe20dc493f,successor_el: Ελληνοβακτριανό Βασίλειο των Ευθυδημιδών,reviewed
rel-3c2d1504e7cf,sanctuary-priene-athena-polias-sanctuary,associated_with_settlement,colony-priene,,Πριήνη,Priene,high,src-pleiades-298577312,Ρητή επιμελητική σύνδεση του ιερού με την Πριήνη.,reviewed
rel-3dcb89a8e837,kingdom-thebes-palatial,representative_center,,settlement-kadmeia-theba,"Καδμεία, Θήβα","Cadmeia, Thebes",high,src-mthv-715d665b63b5,"representative_center_el: Καδμεία, Θήβα",reviewed
rel-3e40df4192c7,colony-locri-epizephyrii,founded_from,,settlement-lokrida,Λοκρίδα,Locride,medium,src-pleiades-452369,metropolis_el: Λοκρίδα,reviewed
rel-3f4a773cb69a,sanctuary-delos-apollo-sanctuary,cult_of,,deity_or_cult-apollon-artemis-kai-leto,"Απόλλων, Άρτεμις και Λητώ","Apollo, Artemis and Leto",medium,src-pleiades-599506,"deity_or_cult_el: Απόλλων, Άρτεμις και Λητώ",reviewed
rel-3ff81a9a0c53,sanctuary-aegina-aphaia-sanctuary,associated_with_settlement,city-aegina-city,,Αίγινα,Aegina,high,src-pleiades-579872,Ρητή επιμελητική σύνδεση του ιερού με την Αίγινα.,reviewed
rel-40ba0a20500f,kingdom-indo-greek-early,representative_center,,settlement-taxila,Τάξιλα,Taxila,high,src-iranicaonline-612dff96c99c,representative_center_el: Τάξιλα,reviewed
rel-4134d28b7dc5,kingdom-bosporus-archaeanactid,succeeded_by,,polity-basileio-toy-kimmerioy-bosporoy-ton-spartokidon,Βασίλειο του Κιμμερίου Βοσπόρου των Σπαρτοκιδών,Kingdom of the Cimmerian Bosphorus of the Spartakids,medium,src-iranicaonline-4a607235e191,successor_el: Βασίλειο του Κιμμερίου Βοσπόρου των Σπαρτοκιδών,reviewed
rel-4254f3956c09,colony-tragurion,founded_from,colony-issa-vis,,Ίσσα,Issa,medium,src-pleiades-197555,metropolis_el: Ίσσα,reviewed
rel-42b707ddf85b,kingdom-bosporus-archaeanactid,preceded_by,,polity-symmachia-ellenikon-poleon-stis-dyo-pleyres-toy-stenoy,Συμμαχία ελληνικών πόλεων στις δύο πλευρές του στενού,Alliance of Greek cities on both sides of the strait,medium,src-iranicaonline-4a607235e191,predecessor_el: Συμμαχία ελληνικών πόλεων στις δύο πλευρές του στενού,reviewed
rel-432103b8cebc,colony-naucratis,founded_from,,settlement-miletos-kai-alles-ellenikes-poleis,Μίλητος και άλλες ελληνικές πόλεις,Miletus and other Greek cities,medium,src-pleiades-727169,metropolis_el: Μίλητος και άλλες ελληνικές πόλεις,reviewed
rel-43ae4e370511,kingdom-knossos-mycenaean,preceded_by,,polity-neoanaktoriko-minoiko-kratos-tes-knosoy,Νεοανακτορικό μινωικό κράτος της Κνωσού,Neopalatial Minoan state of Knossos,medium,src-odysseus-9e3ae0cba911,predecessor_el: Νεοανακτορικό μινωικό κράτος της Κνωσού,reviewed
rel-43b78c85da03,kingdom-bosporus-spartocid,representative_center,,settlement-pantikapaion-kerts,"Παντικάπαιον, Κερτς","Pantikapaion, Kerch",high,src-encyclopediaofukraine-237e86aa1350,"representative_center_el: Παντικάπαιον, Κερτς",reviewed
rel-447cc0e11f12,sanctuary-sounion-poseidon-sanctuary,cult_of,,deity_or_cult-poseidon-soynios,Ποσειδών Σούνιος,Poseidon Sounios,medium,src-pleiades-580086,deity_or_cult_el: Ποσειδών Σούνιος,reviewed
rel-46c1f9a8a190,sanctuary-magnesia-artemis-leukophryene,associated_with_settlement,colony-magnesia-maeander,,Μαγνησία του Μαιάνδρου,Magnesia on the Maeander,high,src-pleiades-599778,Ρητή επιμελητική σύνδεση του ιερού με τη Μαγνησία στον Μαίανδρο.,reviewed
rel-46d4ea944798,colony-magnesia-maeander,founded_from,,settlement-magnesia-thessalias,Μαγνησία Θεσσαλίας,Magnesia in Thessaly,medium,src-pleiades-599778,metropolis_el: Μαγνησία Θεσσαλίας,reviewed
rel-46da5d70e807,sanctuary-athens-acropolis-sacred-center,cult_of,,deity_or_cult-athena-polias-athena-parthenos-kai-erechtheas,"Αθηνά Πολιάς, Αθηνά Παρθένος και Ερεχθέας","Athena Polias, Athena Parthenos and Erechtheus",medium,src-pleiades-638356144,"deity_or_cult_el: Αθηνά Πολιάς, Αθηνά Παρθένος και Ερεχθέας",reviewed
rel-46e184b4d147,colony-naxos-sicily,founded_from,city-chalcis-euboea,,Χαλκίδα,Chalcis,medium,src-pleiades-462386,metropolis_el: Χαλκίδα,reviewed
rel-47832a23e784,colony-abydos,founded_from,colony-miletus,,Μίλητος,Miletus,medium,src-pleiades-501325,metropolis_el: Μίλητος,reviewed
rel-47cc6c0175de,kingdom-pylos-palatial,representative_center,,settlement-anaktoro-toy-nestora-ano-egklianos,"Ανάκτορο του Νέστορα, Άνω Εγκλιανός","Palace of Nestor, Ano Eglianos",high,src-odysseus-00e2d87ae4a8,"representative_center_el: Ανάκτορο του Νέστορα, Άνω Εγκλιανός",reviewed
rel-483b80872666,colony-lampsacus,founded_from,colony-phocaea,,Φώκαια,Phocaea,medium,src-pleiades-501570,metropolis_el: Φώκαια,reviewed
rel-4860ad143937,colony-epidamnos,founded_from,,settlement-kerkyra-kai-korinthos,Κέρκυρα και Κόρινθος,Corfu and Corinth,medium,src-pleiades-481818,metropolis_el: Κέρκυρα και Κόρινθος,reviewed
rel-4a40eac0cc5b,kingdom-bosporus-spartocid,preceded_by,,polity-basileio-toy-kimmerioy-bosporoy-ton-archaianaktidon,Βασίλειο του Κιμμερίου Βοσπόρου των Αρχαιανακτιδών,Kingdom of the Cimmerian Bosphorus of the Archeanaktids,medium,src-encyclopediaofukraine-237e86aa1350,predecessor_el: Βασίλειο του Κιμμερίου Βοσπόρου των Αρχαιανακτιδών,reviewed
rel-4a587aa681b9,kingdom-indo-greek-early,succeeded_by,,polity-indoelleniko-basileio-toy-menandroy-kai-antipales-grammes,Ινδοελληνικό βασίλειο του Μενάνδρου και αντίπαλες γραμμές,Menander's Indo-Hellenic Kingdom and Rival Lines,medium,src-iranicaonline-612dff96c99c,successor_el: Ινδοελληνικό βασίλειο του Μενάνδρου και αντίπαλες γραμμές,reviewed
rel-4ab40646f82a,sanctuary-apollonia-pontica-apollo-ietros-sanctuary,cult_of,,deity_or_cult-apollon-ietros,Απόλλων Ιητρός,Apollo Iatros,medium,src-pleiades-216706,deity_or_cult_el: Απόλλων Ιητρός,reviewed
rel-4b31c8f09696,kingdom-syracuse-hieron-ii,ruled_by_dynasty,,dynasty-ieron-b-kai-ieronides,Ιέρων Β΄ και Ιερωνίδες,Hieron II and the Hieronids,medium,src-britishmuseum-d101eb623c92,dynasty_el: Ιέρων Β΄ και Ιερωνίδες,reviewed
rel-4b59e25e223d,sanctuary-samothrace-great-gods-sanctuary,cult_of,,deity_or_cult-megaloi-theoi-kabeiroi,Μεγάλοι Θεοί/Κάβειροι,Great Gods/Kabeiroi,medium,src-pleiades-501511,deity_or_cult_el: Μεγάλοι Θεοί/Κάβειροι,reviewed
rel-4c69be7af02a,sanctuary-selinous-demeter-malophoros-sanctuary,cult_of,,deity_or_cult-demetra-malophoros,Δήμητρα Μαλοφόρος,Demeter Malophoros,medium,src-pleiades-502577471,deity_or_cult_el: Δήμητρα Μαλοφόρος,reviewed
rel-4e1dbab6054e,sanctuary-samos-heraion,associated_with_settlement,city-samos-city,,Σάμος,Samos,high,src-pleiades-599641,Ρητή επιμελητική σύνδεση του Ηραίου με τη Σάμο.,reviewed
rel-4fa4954d9ab1,sanctuary-croton-hera-lacinia-sanctuary,associated_with_settlement,colony-croton,,Κρότων,Croton,high,src-pleiades-452332,Ρητή επιμελητική σύνδεση του ιερού της Ήρας Λακινίας με τον Κρότωνα.,reviewed
rel-50693103bfc0,kingdom-macedon-argead,ruled_by_dynasty,,dynasty-argeades-temenides,Αργεάδες / Τημενίδες,Argeads / Temenids,medium,src-whc-fd006971700c,dynasty_el: Αργεάδες / Τημενίδες,reviewed
rel-51caaa22908e,colony-halicarnassus,founded_from,,settlement-troizena,Τροιζήνα,Troezen,medium,src-pleiades-599636,metropolis_el: Τροιζήνα,reviewed
rel-51d0d7ca6e0b,kingdom-bosporus-archaeanactid,representative_center,,settlement-pantikapaion-kerts,"Παντικάπαιον, Κερτς","Pantikapaion, Kerch",high,src-iranicaonline-4a607235e191,"representative_center_el: Παντικάπαιον, Κερτς",reviewed
rel-51fe21cc2b88,sanctuary-hyria-dionysos-sanctuary,cult_of,,deity_or_cult-dionysos,Διόνυσος,Dionysus,medium,src-pleiades-599661,deity_or_cult_el: Διόνυσος,reviewed
rel-525af1252c97,colony-apollonia-pontica,founded_from,colony-miletus,,Μίλητος,Miletus,medium,src-pleiades-216706,metropolis_el: Μίλητος,reviewed
rel-526a5d6e2337,colony-assos,founded_from,,settlement-methymna,Μήθυμνα,Methymna,medium,src-pleiades-550463,metropolis_el: Μήθυμνα,reviewed
rel-5328f65e601d,kingdom-syracuse-agathocles,preceded_by,,polity-syrakoysia-pole-ypo-tyrannike-exoysia-toy-agathokle,Συρακούσια πόλη υπό τυραννική εξουσία του Αγαθοκλή,Syracuse city under the tyrannical rule of Agathocles,medium,src-britishmuseum-073d3f0a8ae4,predecessor_el: Συρακούσια πόλη υπό τυραννική εξουσία του Αγαθοκλή,reviewed
rel-548e5fe8b276,kingdom-greco-bactrian-eucratid,ruled_by_dynasty,,dynasty-eykratides-kai-eliokleides,Ευκρατίδες και Ήλιοκλείδες,Eucratids and Heliocleids,medium,src-iranicaonline-2bb61f112fc3,dynasty_el: Ευκρατίδες και Ήλιοκλείδες,reviewed
rel-54fa1db06c88,colony-phocaea,founded_from,,settlement-phokida-kai-athena-paradose,Φωκίδα και Αθήνα (παράδοση),Phocis and Athens (tradition),medium,src-pleiades-550823,metropolis_el: Φωκίδα και Αθήνα (παράδοση),reviewed
rel-5526369c3d5c,kingdom-salamis-cyprus,succeeded_by,,polity-ptolemaike-dioikese-tes-kyproy,Πτολεμαϊκή διοίκηση της Κύπρου,Ptolemaic administration of Cyprus,medium,src-uni-muenster-0a0030be4d2a,successor_el: Πτολεμαϊκή διοίκηση της Κύπρου,reviewed
rel-5707794c31a9,kingdom-cyrene-battiad,preceded_by,,polity-apoikiake-egkatastase-theraion-kai-topikes-libykes-koinotetes,Αποικιακή εγκατάσταση Θηραίων και τοπικές λιβυκές κοινότητες,Colonial settlement of Thira and local Libyan communities,medium,src-whc-52a1efeb60e3,predecessor_el: Αποικιακή εγκατάσταση Θηραίων και τοπικές λιβυκές κοινότητες,reviewed
rel-570e08520613,colony-erythrae-ionia,founded_from,,settlement-krete-kai-athena-paradose,Κρήτη και Αθήνα (παράδοση),Crete and Athens (tradition),medium,src-pleiades-550535,metropolis_el: Κρήτη και Αθήνα (παράδοση),reviewed
rel-57bc09d4212c,kingdom-cyrene-battiad,ruled_by_dynasty,,dynasty-battiades,Βαττιάδες,Battiads,medium,src-whc-52a1efeb60e3,dynasty_el: Βαττιάδες,reviewed
rel-5874896c6503,sanctuary-eleusis-demeter-sanctuary,cult_of,,deity_or_cult-demetra-kai-kore-persephone,Δήμητρα και Κόρη/Περσεφόνη,Demeter and Kore/Persephone,medium,src-pleiades-579910,deity_or_cult_el: Δήμητρα και Κόρη/Περσεφόνη,reviewed
rel-589b4e518911,kingdom-cyrene-battiad,succeeded_by,,polity-kyrenaike-politeia-me-me-monarchikoys-thesmoys,Κυρηναϊκή πολιτεία με μη μοναρχικούς θεσμούς,Cyrenaic state with non-monarchical institutions,medium,src-whc-52a1efeb60e3,successor_el: Κυρηναϊκή πολιτεία με μη μοναρχικούς θεσμούς,reviewed
rel-58bf4416a4d6,kingdom-syracuse-hieron-ii,representative_center,colony-syracuse,,Συρακούσες,Syracuse,high,src-britishmuseum-d101eb623c92,representative_center_el: Συρακούσες,reviewed
rel-5a41bd5e2b92,sanctuary-amyklaion-apollo-sanctuary,cult_of,,deity_or_cult-apollon-amyklaios-kai-yakinthos,Απόλλων Αμυκλαίος και Υάκινθος,Apollo Amyklaios and Hyakinthos,medium,src-pleiades-73644851,deity_or_cult_el: Απόλλων Αμυκλαίος και Υάκινθος,reviewed
rel-5ac65334080c,kingdom-lysimachid,succeeded_by,,polity-seleykidiko-basileio-kai-anexarteta-mikrasiatika-krate,Σελευκιδικό βασίλειο και ανεξάρτητα μικρασιατικά κράτη,Seleucid kingdom and independent Asia Minor states,medium,src-pleiades-501458,successor_el: Σελευκιδικό βασίλειο και ανεξάρτητα μικρασιατικά κράτη,reviewed
rel-5aef66b5cef1,kingdom-epirus-aeacid,preceded_by,,polity-molossikes-phyletikes-egemonies,Μολοσσικές φυλετικές ηγεμονίες,Molossian tribal hegemonies,medium,src-cambridge-96106a304cc6,predecessor_el: Μολοσσικές φυλετικές ηγεμονίες,reviewed
rel-5ea00ed5a02a,kingdom-salamis-cyprus,preceded_by,,polity-ystere-epoche-toy-chalkoy-sten-egkome-kai-proimes-kypriakes-egemonies,Ύστερη εποχή του Χαλκού στην Έγκωμη και πρώιμες κυπριακές ηγεμονίες,Late Bronze Age in Engomi and early Cypriot hegemonies,medium,src-uni-muenster-0a0030be4d2a,predecessor_el: Ύστερη εποχή του Χαλκού στην Έγκωμη και πρώιμες κυπριακές ηγεμονίες,reviewed
rel-5f5020ab127a,sanctuary-tinos-poseidon-amphitrite-sanctuary,cult_of,,deity_or_cult-poseidon-iatros-kai-amphitrite,Ποσειδών Ιατρός και Αμφιτρίτη,Poseidon Iatros and Amphitrite,medium,src-pleiades-590006,deity_or_cult_el: Ποσειδών Ιατρός και Αμφιτρίτη,reviewed
rel-6118a77807f4,sanctuary-tegea-athena-alea-sanctuary,associated_with_settlement,city-tegea,,Τεγέα,Tegea,high,src-pleiades-372843530,Ρητή επιμελητική σύνδεση του ιερού της Αθηνάς Αλέας με την Τεγέα.,reviewed
rel-6146957040f2,colony-philippi,founded_from,,settlement-thasos,Θάσος,Thassos,medium,src-pleiades-501482,metropolis_el: Θάσος,reviewed
rel-615be726c0ef,sanctuary-aegina-aphaia-sanctuary,cult_of,,deity_or_cult-aphaia,Αφαία,Aphaia,medium,src-pleiades-579872,deity_or_cult_el: Αφαία,reviewed
rel-644f2cc56cfa,sanctuary-pergamon-asklepieion,associated_with_settlement,city-pergamum,,Πέργαμος,Pergamum,high,src-pleiades-550459,Ρητή επιμελητική σύνδεση του Ασκληπιείου με την Πέργαμο.,reviewed
rel-646b7354d7fd,kingdom-alexander-empire,representative_center,,settlement-babylona,Βαβυλώνα,Babylon,high,src-metmuseum-89019924e8c3,representative_center_el: Βαβυλώνα,reviewed
rel-6493752b57a3,sanctuary-lagina-hekate-sanctuary,cult_of,,deity_or_cult-ekate,Εκάτη,Hecate,medium,src-pleiades-376215160,deity_or_cult_el: Εκάτη,reviewed
rel-649ee4d30cac,kingdom-bosporus-mithridatic,preceded_by,,polity-basileio-toy-kimmerioy-bosporoy-ton-spartokidon,Βασίλειο του Κιμμερίου Βοσπόρου των Σπαρτοκιδών,Kingdom of the Cimmerian Bosphorus of the Spartakids,medium,src-iranicaonline-4a607235e191,predecessor_el: Βασίλειο του Κιμμερίου Βοσπόρου των Σπαρτοκιδών,reviewed
rel-65f85c2412ac,colony-emporion-iberia,founded_from,colony-massalia,,Μασσαλία,Massalia,medium,src-pleiades-246382,metropolis_el: Μασσαλία,reviewed
rel-6623861469d3,kingdom-lysimachid,preceded_by,,polity-thrakike-satrapeia-tes-aytokratorias-toy-alexandroy,Θρακική σατραπεία της αυτοκρατορίας του Αλεξάνδρου,Thracian satrapy of Alexander's empire,medium,src-pleiades-501458,predecessor_el: Θρακική σατραπεία της αυτοκρατορίας του Αλεξάνδρου,reviewed
rel-67097cf69b8e,kingdom-orchomenos-palatial,succeeded_by,,polity-metanaktorikes-boiotikes-koinotetes,Μετανακτορικές βοιωτικές κοινότητες,Post-palatial Boeotian communities,medium,src-mthv-715d665b63b5,successor_el: Μετανακτορικές βοιωτικές κοινότητες,reviewed
rel-67260a53116a,sanctuary-metapontum-tavole-palatine-heraion,associated_with_settlement,colony-metapontum,,Μεταπόντιο,Metapontum,high,src-pleiades-442611,Ρητή επιμελητική σύνδεση του Ηραίου με το Μεταπόντιο.,reviewed
rel-674045afe315,kingdom-attalid-pergamon,representative_center,city-pergamum,,Πέργαμος,Pergamum,high,src-metmuseum-50fe20dc493f,representative_center_el: Πέργαμος,reviewed
rel-684d284266eb,kingdom-ptolemaic-egypt,representative_center,city-alexandria-egypt,,Αλεξάνδρεια,Alexandria,high,src-metmuseum-9200258a95cb,representative_center_el: Αλεξάνδρεια,reviewed
rel-68d7d1ac8ffa,colony-poseidonia,founded_from,colony-sybaris,,Σύβαρις,Sybaris,medium,src-pleiades-442733,metropolis_el: Σύβαρις,reviewed
rel-69c50c87ae6d,sanctuary-cyrene-zeus-sanctuary,associated_with_settlement,colony-cyrene,,Κυρήνη,Cyrene,high,src-pleiades-103565779,Ρητή επιμελητική σύνδεση του ναού του Δία με την Κυρήνη.,reviewed
rel-6a29658284ae,kingdom-cyrene-magas,succeeded_by,,polity-bracheia-diadoche-demetrioy-toy-kalloy-kai-epanentaxe-stoys-ptolemaioys,Βραχεία διαδοχή Δημητρίου του Καλλού και επανένταξη στους Πτολεμαίους,Brief succession of Demetrius the Fair and reintegration into the Ptolemaic kingdom,medium,src-persee-a9866e5e43d7,successor_el: Βραχεία διαδοχή Δημητρίου του Καλλού και επανένταξη στους Πτολεμαίους,reviewed
rel-6a9c72f09372,colony-tanais,founded_from,,settlement-pantikapaio-bosporos,Παντικάπαιο / Βόσπορος,Panticapaeum / Bosporus,medium,src-pleiades-825397,metropolis_el: Παντικάπαιο / Βόσπορος,reviewed
rel-6d1c1f9f1f2b,colony-selinus,founded_from,colony-megara-hyblaea,,Μέγαρα Υβλαία,Megara Hyblaea,medium,src-pleiades-462489,metropolis_el: Μέγαρα Υβλαία,reviewed
rel-6d64a942c42e,sanctuary-lemnos-kabeirion,cult_of,,deity_or_cult-kabeiroi-kai-ephaistos,Κάβειροι και Ήφαιστος,Kabeiroi and Hephaistos,medium,src-pleiades-550604,deity_or_cult_el: Κάβειροι και Ήφαιστος,reviewed
rel-6d7426002650,colony-tomis,founded_from,colony-miletus,,Μίλητος,Miletus,medium,src-pleiades-217016,metropolis_el: Μίλητος,reviewed
rel-6fc3de27406c,kingdom-mycenae-palatial,preceded_by,,polity-mesoelladikes-kai-proimes-mykenaikes-egemonies,Μεσοελλαδικές και πρώιμες μυκηναϊκές ηγεμονίες,Middle Helladic and early Mycenaean hegemonies,medium,src-whc-6306f630553d,predecessor_el: Μεσοελλαδικές και πρώιμες μυκηναϊκές ηγεμονίες,reviewed
rel-715115938d40,colony-iasos,founded_from,,settlement-argos-paradose,Άργος (παράδοση),Argos (tradition),medium,src-pleiades-599664,metropolis_el: Άργος (παράδοση),reviewed
rel-7358c2d9e74b,kingdom-indo-greek-menandrid,ruled_by_dynasty,,dynasty-oikos-toy-menandroy-kai-agathokleias,Οίκος του Μενάνδρου και Αγαθοκλείας,House of Menander and Agathokleia,medium,src-iranicaonline-612dff96c99c,dynasty_el: Οίκος του Μενάνδρου και Αγαθοκλείας,reviewed
rel-735b4262ce89,sanctuary-metapontum-tavole-palatine-heraion,cult_of,,deity_or_cult-era,Ήρα,Hera,medium,src-pleiades-442611,deity_or_cult_el: Ήρα,reviewed
rel-7569c4e003bb,colony-dioscurias,founded_from,,settlement-miletos-paradose,Μίλητος (παράδοση),Miletus (tradition),medium,src-pleiades-857107,metropolis_el: Μίλητος (παράδοση),reviewed
rel-79ad2c0b43e3,sanctuary-olympia-zeus-sanctuary,cult_of,,deity_or_cult-dias-olympios-kai-era,Δίας Ολύμπιος και Ήρα,Olympian Zeus and Hera,medium,src-pleiades-570531,deity_or_cult_el: Δίας Ολύμπιος και Ήρα,reviewed
rel-79cc20b604e3,sanctuary-alexandria-serapeum,associated_with_settlement,city-alexandria-egypt,,Αλεξάνδρεια,Alexandria,high,src-pleiades-182618516,Ρητή επιμελητική σύνδεση του Σεραπείου με την Αλεξάνδρεια.,reviewed
rel-7df708283cbd,kingdom-cyrene-magas,ruled_by_dynasty,,dynasty-magas-bracheia-diadoche-demetrioy-toy-kalloy,Μάγας· βραχεία διαδοχή Δημητρίου του Καλλού,Magas; brief succession of Demetrius the Fair,medium,src-persee-a9866e5e43d7,dynasty_el: Μάγας· βραχεία διαδοχή Δημητρίου του Καλλού,reviewed
rel-7f67bfcceb49,kingdom-bosporus-spartocid,ruled_by_dynasty,,dynasty-spartokides,Σπαρτοκίδες,Spartocids,medium,src-encyclopediaofukraine-237e86aa1350,dynasty_el: Σπαρτοκίδες,reviewed
rel-805954d090b9,kingdom-bosporus-mithridatic,succeeded_by,,polity-romaika-exartemeno-basileio-toy-bosporoy,Ρωμαϊκά εξαρτημένο Βασίλειο του Βοσπόρου,Roman dependent Kingdom of the Bosphorus,medium,src-iranicaonline-4a607235e191,successor_el: Ρωμαϊκά εξαρτημένο Βασίλειο του Βοσπόρου,reviewed
rel-81355fef28b0,sanctuary-sardis-artemis-sanctuary,cult_of,,deity_or_cult-artemis-kai-aytokratorike-latreia,Άρτεμις και αυτοκρατορική λατρεία,Artemis and Imperial Cult,medium,src-pleiades-66376536,deity_or_cult_el: Άρτεμις και αυτοκρατορική λατρεία,reviewed
rel-825953fdcb2b,kingdom-macedon-kassandrid,ruled_by_dynasty,,dynasty-antipatrides-kassandrides,Αντιπατρίδες / Κασσανδρίδες,Antipatrids / Kassandrids,medium,src-metmuseum-50fe20dc493f,dynasty_el: Αντιπατρίδες / Κασσανδρίδες,reviewed
rel-829e99838093,kingdom-pontus-mithridatid,preceded_by,,polity-kappadokike-satrapeia-kai-periphereiakes-dynasteies,Καππαδοκική σατραπεία και περιφερειακές δυναστείες,Cappadocian satrapy and regional dynasties,medium,src-metmuseum-50fe20dc493f,predecessor_el: Καππαδοκική σατραπεία και περιφερειακές δυναστείες,reviewed
rel-84a806c5fa13,colony-massalia,founded_from,colony-phocaea,,Φώκαια,Phocaea,medium,src-pleiades-148127,metropolis_el: Φώκαια,reviewed
rel-851f304c7bd5,colony-gela,founded_from,,settlement-rodos-kai-krete,Ρόδος και Κρήτη,Rhodes and Crete,medium,src-pleiades-462214,metropolis_el: Ρόδος και Κρήτη,reviewed
rel-852b3bd1a370,sanctuary-samos-heraion,cult_of,,deity_or_cult-era-samia,Ήρα Σαμία,Samian Hera,medium,src-pleiades-599641,deity_or_cult_el: Ήρα Σαμία,reviewed
rel-87376708b0bc,kingdom-ptolemaic-egypt,ruled_by_dynasty,,dynasty-ptolemaioi-lagides,Πτολεμαίοι / Λαγίδες,Ptolemies / Lagids,medium,src-metmuseum-9200258a95cb,dynasty_el: Πτολεμαίοι / Λαγίδες,reviewed
rel-874d8d910565,kingdom-iolcos-palatial,succeeded_by,,polity-metanaktorikes-thessalikes-koinotetes,Μετανακτορικές θεσσαλικές κοινότητες,Post-palatial Thessalian communities,medium,src-odysseus-589898851f92,successor_el: Μετανακτορικές θεσσαλικές κοινότητες,reviewed
rel-876ede119e3a,sanctuary-brauron-artemis-sanctuary,cult_of,,deity_or_cult-artemis-brayronia-kai-iphigeneia,Άρτεμις Βραυρωνία και Ιφιγένεια,Artemis Brauronia and Iphigenia,medium,src-pleiades-579879,deity_or_cult_el: Άρτεμις Βραυρωνία και Ιφιγένεια,reviewed
rel-87f68a77a361,sanctuary-selinous-demeter-malophoros-sanctuary,associated_with_settlement,colony-selinus,,Σελινούντας,Selinus,high,src-pleiades-502577471,Ρητή επιμελητική σύνδεση του ιερού της Μαλοφόρου με τον Σελινούντα.,reviewed
rel-8802ca1f0aaa,kingdom-commagene,preceded_by,,polity-seleykidike-satrapeia-kommagenes,Σελευκιδική σατραπεία Κομμαγηνής,Seleucid satrapy of Commagene,medium,src-whc-758c2c416617,predecessor_el: Σελευκιδική σατραπεία Κομμαγηνής,reviewed
rel-88d260f508d3,sanctuary-letoon-lycian-sanctuary,cult_of,,deity_or_cult-leto-apollon-kai-artemis,"Λητώ, Απόλλων και Άρτεμις","Leto, Apollo and Artemis",medium,src-pleiades-638958,"deity_or_cult_el: Λητώ, Απόλλων και Άρτεμις",reviewed
rel-8a013ce85862,sanctuary-lindos-athena-sanctuary,cult_of,,deity_or_cult-athena-lindia,Αθηνά Λινδία,Athena Lindia,medium,src-pleiades-414067217,deity_or_cult_el: Αθηνά Λινδία,reviewed
rel-8ad3d53dc913,kingdom-indo-greek-early,preceded_by,,polity-ellenobaktriane-epektase-notia-toy-indokoys,Ελληνοβακτριανή επέκταση νότια του Ινδοκούς,Greco-Bactrian expansion south of the Hindu Kush,medium,src-iranicaonline-612dff96c99c,predecessor_el: Ελληνοβακτριανή επέκταση νότια του Ινδοκούς,reviewed
rel-8c165342d1de,kingdom-syracuse-agathocles,representative_center,colony-syracuse,,Συρακούσες,Syracuse,high,src-britishmuseum-073d3f0a8ae4,representative_center_el: Συρακούσες,reviewed
rel-8c18a75399cb,sanctuary-nemea-zeus-sanctuary,cult_of,,deity_or_cult-zeys-nemeios,Ζευς Νέμειος,Nemean Zeus,medium,src-pleiades-570504,deity_or_cult_el: Ζευς Νέμειος,reviewed
rel-8c924ef3dc9a,colony-chersonesus-taurica,founded_from,colony-heraclea-pontica,,Ηράκλεια Ποντική,Heraclea Pontica,medium,src-pleiades-226564,metropolis_el: Ηράκλεια Ποντική,reviewed
rel-8d3cc8053ccd,sanctuary-delphi-apollo-sanctuary,cult_of,,deity_or_cult-apollon-pythios,Απόλλων Πύθιος,Apollo Pythios,medium,src-pleiades-540726,deity_or_cult_el: Απόλλων Πύθιος,reviewed
rel-903b23fcf7cc,kingdom-macedon-kassandrid,succeeded_by,,polity-bracheies-basileies-demetrioy-pyrroy-kai-lysimachoy,"Βραχείες βασιλείες Δημητρίου, Πύρρου και Λυσιμάχου","Short reigns of Demetrius, Pyrrhus and Lysimachus",medium,src-metmuseum-50fe20dc493f,"successor_el: Βραχείες βασιλείες Δημητρίου, Πύρρου και Λυσιμάχου",reviewed
rel-90ccf2bb71f3,colony-ephesus,founded_from,,settlement-athena-ionike-paradose,Αθήνα (ιωνική παράδοση),Athens (Ionic tradition),medium,src-pleiades-599612,metropolis_el: Αθήνα (ιωνική παράδοση),reviewed
rel-9110eb86012d,colony-metapontum,founded_from,,settlement-achaia,Αχαΐα,Achaia,medium,src-pleiades-442658,metropolis_el: Αχαΐα,reviewed
rel-93279ebe08e9,sanctuary-argive-heraion,associated_with_settlement,city-argos,,Άργος,Argos,medium,src-pleiades-570289,Το Αργείο Ηραίο συνδέεται επιμελητικά με το Άργος χωρίς να θεωρείται αστικό μνημείο.,reviewed
rel-938b038654f1,kingdom-bithynia,succeeded_by,,polity-romaike-eparchia-bithynia,Ρωμαϊκή επαρχία Βιθυνία,Roman province of Bithynia,medium,src-attalus-1b40f4436114,successor_el: Ρωμαϊκή επαρχία Βιθυνία,reviewed
rel-93af4470cc67,colony-cyzicus,founded_from,colony-miletus,,Μίλητος,Miletus,medium,src-pleiades-511218,metropolis_el: Μίλητος,reviewed
rel-947c84c9b0aa,kingdom-bosporus-mithridatic,representative_center,,settlement-pantikapaion-kerts,"Παντικάπαιον, Κερτς","Pantikapaion, Kerch",high,src-iranicaonline-4a607235e191,"representative_center_el: Παντικάπαιον, Κερτς",reviewed
rel-951251156010,kingdom-alexander-empire,succeeded_by,,polity-metalexandreia-antibasileia-kai-basileia-ton-diadochon,Μεταλεξάνδρεια αντιβασιλεία και βασίλεια των Διαδόχων,Post-Alexandrian viceroyalty and successor kingdoms,medium,src-metmuseum-89019924e8c3,successor_el: Μεταλεξάνδρεια αντιβασιλεία και βασίλεια των Διαδόχων,reviewed
rel-9606cfba3239,colony-myrina-aeolis,founded_from,,settlement-kyme-aiolike-paradose,Κύμη (αιολική παράδοση),Cyme (Aeolian tradition),medium,src-pleiades-550756,metropolis_el: Κύμη (αιολική παράδοση),reviewed
rel-961e23983788,kingdom-paphos-cyprus,succeeded_by,,polity-ptolemaike-dioikese-tes-kyproy,Πτολεμαϊκή διοίκηση της Κύπρου,Ptolemaic administration of Cyprus,medium,src-websites-d5246844b076,successor_el: Πτολεμαϊκή διοίκηση της Κύπρου,reviewed
rel-96241e6062c8,colony-sybaris,founded_from,,settlement-achaia,Αχαΐα,Achaia,medium,src-pleiades-452457,metropolis_el: Αχαΐα,reviewed
rel-96871869d286,colony-issa-vis,founded_from,colony-syracuse,,Συρακούσες,Syracuse,medium,src-armus-4dde844bac8f,metropolis_el: Συρακούσες,reviewed
rel-96d0a04427af,sanctuary-dodona-zeus-oracle,cult_of,,deity_or_cult-dias-naios-kai-dione,Δίας Νάιος και Διώνη,Zeus Naios and Dione,medium,src-pleiades-530843,deity_or_cult_el: Δίας Νάιος και Διώνη,reviewed
rel-974ccf01580a,kingdom-greco-bactrian-diodotid,representative_center,,settlement-baktra,Βάκτρα,Bactra,high,src-metmuseum-50fe20dc493f,representative_center_el: Βάκτρα,reviewed
rel-97e527b87974,colony-rhegion,founded_from,city-chalcis-euboea,,Χαλκίδα,Chalcis,medium,src-pleiades-452416,metropolis_el: Χαλκίδα,reviewed
rel-980c81530bda,colony-pharos-hvar,founded_from,,settlement-paros,Πάρος,Paros,medium,src-pleiades-197433,metropolis_el: Πάρος,reviewed
rel-99d9b6041bc5,kingdom-commagene,ruled_by_dynasty,,dynasty-orontides-erbandides,Οροντίδες / Ερβανδίδες,Orontids / Ervandids,medium,src-whc-758c2c416617,dynasty_el: Οροντίδες / Ερβανδίδες,reviewed
rel-9c12609f8462,sanctuary-olbia-apollo-delphinios-sanctuary,associated_with_settlement,colony-olbia-pontica,,Ολβία Ποντική,Olbia Pontica,high,src-penn-a97aa05ea214,Ρητή επιμελητική σύνδεση του ιερού με την Ολβία Ποντική.,reviewed
rel-9c974cc417db,kingdom-cappadocia-late-client,representative_center,,settlement-mazaka,Μάζακα,Mazaca,high,src-iranicaonline-0624b0b64cf3,representative_center_el: Μάζακα,reviewed
rel-9d483bede49d,sanctuary-ephesus-artemis-sanctuary,cult_of,,deity_or_cult-artemis-ephesia,Άρτεμις Εφεσία,Artemis Ephesia,medium,src-pleiades-873985034,deity_or_cult_el: Άρτεμις Εφεσία,reviewed
rel-9e655ee83f66,kingdom-bithynia,representative_center,,settlement-nikomedeia,Νικομήδεια,Nicomedia,high,src-attalus-1b40f4436114,representative_center_el: Νικομήδεια,reviewed
rel-a051e8a0892e,sanctuary-syracuse-apollo-sanctuary,associated_with_settlement,colony-syracuse,,Συρακούσες,Syracuse,high,src-pleiades-418729933,Ρητή επιμελητική σύνδεση του ναού του Απόλλωνα με τις Συρακούσες.,reviewed
rel-a1a7ff102678,kingdom-paphos-cyprus,preceded_by,,polity-ystere-epoche-toy-chalkoy-kai-proime-politeiake-sygkrotese-tes-palaipaphoy,Ύστερη εποχή του Χαλκού και πρώιμη πολιτειακή συγκρότηση της Παλαίπαφου,Late Bronze Age and early state formation of Palaipafos,medium,src-websites-d5246844b076,predecessor_el: Ύστερη εποχή του Χαλκού και πρώιμη πολιτειακή συγκρότηση της Παλαίπαφου,reviewed
rel-a38c10bd5ec9,kingdom-greco-bactrian-diodotid,preceded_by,,polity-seleykidike-satrapeia-baktrianes,Σελευκιδική σατραπεία Βακτριανής,Seleucid satrapy of Bactria,medium,src-metmuseum-50fe20dc493f,predecessor_el: Σελευκιδική σατραπεία Βακτριανής,reviewed
rel-a47925bfe191,sanctuary-golgoi-aphrodite-sanctuary,cult_of,,deity_or_cult-aphrodite-golgia,Αφροδίτη Γολγία,Aphrodite Golgia,medium,src-pleiades-707470,deity_or_cult_el: Αφροδίτη Γολγία,reviewed
rel-a47c18fb3ea8,kingdom-mycenae-palatial,succeeded_by,,polity-metanaktorikes-koinotetes-tes-argolidas,Μετανακτορικές κοινότητες της Αργολίδας,Post-palatial communities of Argolis,medium,src-whc-6306f630553d,successor_el: Μετανακτορικές κοινότητες της Αργολίδας,reviewed
rel-a80a9d652c72,kingdom-indo-greek-early,ruled_by_dynasty,,dynasty-eythydemides-demetrides,Ευθυδημίδες / Δημητρίδες,Euthydemids / Demetriads,medium,src-iranicaonline-612dff96c99c,dynasty_el: Ευθυδημίδες / Δημητρίδες,reviewed
rel-a880e35ff7d1,sanctuary-panionion-poseidon-sanctuary,cult_of,,deity_or_cult-poseidon-elikonios,Ποσειδών Ελικώνιος,Poseidon Helikonius,medium,src-pleiades-599855,deity_or_cult_el: Ποσειδών Ελικώνιος,reviewed
rel-a915a0574a36,kingdom-greco-bactrian-euthydemid,representative_center,,settlement-baktra,Βάκτρα,Bactra,high,src-iranicaonline-d4697d4d5c1a,representative_center_el: Βάκτρα,reviewed
rel-a925338d06f5,colony-odessos,founded_from,colony-miletus,,Μίλητος,Miletus,medium,src-pleiades-216904,metropolis_el: Μίλητος,reviewed
rel-a9fe73c518ce,kingdom-greco-bactrian-euthydemid,succeeded_by,,polity-eykratidike-phase-ste-baktriane-kai-indoellenikoi-kladoi,Ευκρατιδική φάση στη Βακτριανή και ινδοελληνικοί κλάδοι,Eucratid phase in Bactrian and Indo-Greek branches,medium,src-iranicaonline-d4697d4d5c1a,successor_el: Ευκρατιδική φάση στη Βακτριανή και ινδοελληνικοί κλάδοι,reviewed
rel-aa3380ed3137,kingdom-bithynia,preceded_by,,polity-topikes-bithynikes-egemonies,Τοπικές βιθυνικές ηγεμονίες,Local Bithynian hegemonies,medium,src-attalus-1b40f4436114,predecessor_el: Τοπικές βιθυνικές ηγεμονίες,reviewed
rel-aa3d933ebfa5,kingdom-macedon-kassandrid,preceded_by,,polity-argeades-kai-metalexandreia-antibasileia,Αργεάδες και μεταλεξάνδρεια αντιβασιλεία,Argeades and post-Alexandrian regency,medium,src-metmuseum-50fe20dc493f,predecessor_el: Αργεάδες και μεταλεξάνδρεια αντιβασιλεία,reviewed
rel-ab5118da7c4e,kingdom-orchomenos-palatial,preceded_by,,polity-proimes-mykenaikes-koinotetes-tes-kopaidas,Πρώιμες μυκηναϊκές κοινότητες της Κωπαΐδας,Early Mycenaean communities of Kopaida,medium,src-mthv-715d665b63b5,predecessor_el: Πρώιμες μυκηναϊκές κοινότητες της Κωπαΐδας,reviewed
rel-ab89952856fc,colony-trapezus,founded_from,colony-sinope,,Σινώπη,Sinope,medium,src-pleiades-857359,metropolis_el: Σινώπη,reviewed
rel-ac005f6990de,colony-cyrene,founded_from,city-thera-city,,Θήρα,Thera,medium,src-pleiades-373778,metropolis_el: Θήρα,reviewed
rel-ac61155e282c,sanctuary-thermon-apollo-sanctuary,cult_of,,deity_or_cult-apollon-thermios,Απόλλων Θέρμιος,Apollon Thermios,medium,src-pleiades-728329645,deity_or_cult_el: Απόλλων Θέρμιος,reviewed
rel-ad38007c6797,kingdom-iolcos-palatial,representative_center,,settlement-dimeni,Διμήνι,Dimini,high,src-odysseus-589898851f92,representative_center_el: Διμήνι,reviewed
rel-ad637e2cd39e,colony-elea-velia,founded_from,colony-phocaea,,Φώκαια,Phocaea,medium,src-pleiades-452488,metropolis_el: Φώκαια,reviewed
rel-ad77937b7722,sanctuary-delphi-athena-pronaia-sanctuary,cult_of,,deity_or_cult-athena-pronaia,Αθηνά Προναία,Athena Pronaia,medium,src-pleiades-513711610,deity_or_cult_el: Αθηνά Προναία,reviewed
rel-ae72119d5bbe,sanctuary-smintheion-apollo-sanctuary,cult_of,,deity_or_cult-apollon-smintheys,Απόλλων Σμινθεύς,Apollo Smintheus,medium,src-pleiades-550892,deity_or_cult_el: Απόλλων Σμινθεύς,reviewed
rel-af197637e23f,colony-panticapaeum,founded_from,colony-miletus,,Μίλητος,Miletus,medium,src-pleiades-854719,metropolis_el: Μίλητος,reviewed
rel-b21bb71d17c9,sanctuary-argive-heraion,cult_of,,deity_or_cult-era-argeia,Ήρα Αργεία,Argive Hera,medium,src-pleiades-570289,deity_or_cult_el: Ήρα Αργεία,reviewed
rel-b22447552b80,kingdom-greco-bactrian-eucratid,preceded_by,,polity-ellenobaktriano-basileio-ton-eythydemidon,Ελληνοβακτριανό Βασίλειο των Ευθυδημιδών,Greco-Bactrian Kingdom of the Euthydemides,medium,src-iranicaonline-2bb61f112fc3,predecessor_el: Ελληνοβακτριανό Βασίλειο των Ευθυδημιδών,reviewed
rel-b356a777c72a,kingdom-cyrene-battiad,representative_center,colony-cyrene,,Κυρήνη,Cyrene,high,src-whc-52a1efeb60e3,representative_center_el: Κυρήνη,reviewed
rel-b3ec490ba4a5,kingdom-knossos-mycenaean,representative_center,,settlement-anaktoro-knosoy,Ανάκτορο Κνωσού,Palace of Knossos,high,src-odysseus-9e3ae0cba911,representative_center_el: Ανάκτορο Κνωσού,reviewed
rel-b4cb629a37c3,colony-megara-hyblaea,founded_from,city-megara,,Μέγαρα,Megara,medium,src-pleiades-462307,metropolis_el: Μέγαρα,reviewed
rel-b4efe02349c1,kingdom-tiryns-palatial,representative_center,,settlement-tiryntha,Τίρυνθα,Tiryns,high,src-whc-6306f630553d,representative_center_el: Τίρυνθα,reviewed
rel-b5b311d40891,kingdom-macedon-argead,representative_center,city-aigai-macedonia,,Αιγές,Aigai,high,src-whc-fd006971700c,representative_center_el: Αιγές,reviewed
rel-b6a5e567e125,sanctuary-segesta-doric-temple-sanctuary,cult_of,,deity_or_cult-agnoste-theoteta,Άγνωστη θεότητα,Unknown deity,medium,src-pleiades-963441586,deity_or_cult_el: Άγνωστη θεότητα,reviewed
rel-b6ea1b09d756,sanctuary-mount-lykaion-zeus-sanctuary,cult_of,,deity_or_cult-zeys-lykaios,Ζευς Λύκαιος,Zeus Lycaeus,medium,src-pleiades-570764,deity_or_cult_el: Ζευς Λύκαιος,reviewed
rel-b71ea0240fdf,colony-taucheira,founded_from,colony-cyrene,,Κυρήνη,Cyrene,medium,src-pleiades-373736,metropolis_el: Κυρήνη,reviewed
rel-b76fd72f0b54,kingdom-knossos-mycenaean,succeeded_by,,polity-metanaktorike-krete-kai-periphereiaka-kentra,Μετανακτορική Κρήτη και περιφερειακά κέντρα,Post-palatial Crete and regional centres,medium,src-odysseus-9e3ae0cba911,successor_el: Μετανακτορική Κρήτη και περιφερειακά κέντρα,reviewed
rel-b7f9cc5ec9b4,sanctuary-tegea-athena-alea-sanctuary,cult_of,,deity_or_cult-athena-alea,Αθηνά Αλέα,Athena Alea,medium,src-pleiades-372843530,deity_or_cult_el: Αθηνά Αλέα,reviewed
rel-b80025b53c62,colony-tyras,founded_from,colony-miletus,,Μίλητος,Miletus,medium,src-pleiades-226800,metropolis_el: Μίλητος,reviewed
rel-b82be7986d74,kingdom-iolcos-palatial,ruled_by_dynasty,,dynasty-agnoste-oi-aiolides-anekoyn-ste-mythike-paradose,Άγνωστη· οι Αιολίδες ανήκουν στη μυθική παράδοση,Unknown; the Aeolians belong to the mythic tradition,medium,src-odysseus-589898851f92,dynasty_el: Άγνωστη· οι Αιολίδες ανήκουν στη μυθική παράδοση,reviewed
rel-b83423831014,kingdom-commagene,succeeded_by,,polity-romaike-eparchia-syria,Ρωμαϊκή επαρχία Συρία,Roman province of Syria,medium,src-whc-758c2c416617,successor_el: Ρωμαϊκή επαρχία Συρία,reviewed
rel-b86301cb4a67,sanctuary-magnesia-artemis-leukophryene,cult_of,,deity_or_cult-artemis-leykophryene,Άρτεμις Λευκοφρυηνή,Artemis Leucophryene,medium,src-pleiades-599778,deity_or_cult_el: Άρτεμις Λευκοφρυηνή,reviewed
rel-b9296268f8c6,sanctuary-histria-sacred-zone,cult_of,,deity_or_cult-apollon-ietros-zeys-kai-aphrodite,"Απόλλων Ιητρός, Ζευς και Αφροδίτη","Apollo Ietros, Zeus and Aphrodite",medium,src-pleiades-216839,"deity_or_cult_el: Απόλλων Ιητρός, Ζευς και Αφροδίτη",reviewed
rel-b9cadcae2459,kingdom-cyrene-magas,preceded_by,,polity-ptolemaike-dioikese-tes-kyrenaikes,Πτολεμαϊκή διοίκηση της Κυρηναϊκής,Ptolemaic administration of Cyrenaica,medium,src-persee-a9866e5e43d7,predecessor_el: Πτολεμαϊκή διοίκηση της Κυρηναϊκής,reviewed
rel-ba1143172fe5,kingdom-orchomenos-palatial,representative_center,,settlement-orchomenos-boiotias,Ορχομενός Βοιωτίας,Orchomenos of Boeotia,high,src-mthv-715d665b63b5,representative_center_el: Ορχομενός Βοιωτίας,reviewed
rel-ba30d285aea4,kingdom-iolcos-palatial,preceded_by,,polity-proimes-mykenaikes-koinotetes-tes-magnesias,Πρώιμες μυκηναϊκές κοινότητες της Μαγνησίας,Early Mycenaean communities of Magnesia,medium,src-odysseus-589898851f92,predecessor_el: Πρώιμες μυκηναϊκές κοινότητες της Μαγνησίας,reviewed
rel-bae95f5792f3,sanctuary-ephesus-artemis-sanctuary,associated_with_settlement,colony-ephesus,,Έφεσος,Ephesus,high,src-pleiades-873985034,Ρητή επιμελητική σύνδεση του Αρτεμισίου με την Έφεσο.,reviewed
rel-baebd440ffc6,kingdom-ptolemaic-egypt,succeeded_by,,polity-romaike-eparchia-aigyptos,Ρωμαϊκή επαρχία Αίγυπτος,Roman province of Egypt,medium,src-metmuseum-9200258a95cb,successor_el: Ρωμαϊκή επαρχία Αίγυπτος,reviewed
rel-bb2c95089fa0,colony-chalcedon,founded_from,city-megara,,Μέγαρα,Megara,medium,src-pleiades-520988,metropolis_el: Μέγαρα,reviewed
rel-bb9b6ae61526,kingdom-mycenae-palatial,ruled_by_dynasty,,dynasty-agnoste-oi-atreides-anekoyn-ste-mythike-paradose,Άγνωστη· οι Ατρείδες ανήκουν στη μυθική παράδοση,Unknown; the Atreides belong to the mythic tradition,medium,src-whc-6306f630553d,dynasty_el: Άγνωστη· οι Ατρείδες ανήκουν στη μυθική παράδοση,reviewed
rel-bba97f2756f5,kingdom-bosporus-archaeanactid,ruled_by_dynasty,,dynasty-archaianaktides,Αρχαιανακτίδες,Archaeanactids,medium,src-iranicaonline-4a607235e191,dynasty_el: Αρχαιανακτίδες,reviewed
rel-bc543cf4d2bb,sanctuary-athens-acropolis-sacred-center,associated_with_settlement,city-athens-attica,,Αθήνα,Athens,high,src-pleiades-638356144,Ρητή επιμελητική σύνδεση της Ακρόπολης με την Αθήνα.,reviewed
rel-bd7c4e400ae2,kingdom-pontus-mithridatid,ruled_by_dynasty,,dynasty-mithridatides,Μιθριδατίδες,Mithridatids,medium,src-metmuseum-50fe20dc493f,dynasty_el: Μιθριδατίδες,reviewed
rel-be5c1c0c7d7c,kingdom-greco-bactrian-diodotid,ruled_by_dynasty,,dynasty-diodotides,Διοδοτίδες,Diodotids,medium,src-metmuseum-50fe20dc493f,dynasty_el: Διοδοτίδες,reviewed
rel-bed3fe7751d8,sanctuary-aphrodisias-aphrodite-sanctuary,cult_of,,deity_or_cult-aphrodite-aphrodisias,Αφροδίτη Αφροδισιάς,Aphrodite of Aphrodisias,medium,src-aphrodisias-excavations-68b8b8553e48,deity_or_cult_el: Αφροδίτη Αφροδισιάς,reviewed
rel-beeeec7375f9,kingdom-macedon-antigonid,preceded_by,,polity-metabatikes-basileies-ste-makedonia-meta-toys-diadochoys,Μεταβατικές βασιλείες στη Μακεδονία μετά τους Διαδόχους,Transitional kingdoms in Macedonia after the Successors,medium,src-metmuseum-50fe20dc493f,predecessor_el: Μεταβατικές βασιλείες στη Μακεδονία μετά τους Διαδόχους,reviewed
rel-bf0b21c5bdee,colony-taras,founded_from,city-sparta,,Σπάρτη,Sparta,medium,src-pleiades-442810,metropolis_el: Σπάρτη,reviewed
rel-bf2eb4514fcb,sanctuary-chersonesos-parthenos-sanctuary,cult_of,,deity_or_cult-parthenos,Παρθένος,Parthenos,medium,src-whc-329a28f5c851,deity_or_cult_el: Παρθένος,reviewed
rel-bf64d4cac166,sanctuary-siwa-amun-zeus-oracle,cult_of,,deity_or_cult-ammon-zeys-ammon,Άμμων/Ζευς Άμμων,Ammon/Zeus Ammon,medium,src-pleiades-716520,deity_or_cult_el: Άμμων/Ζευς Άμμων,reviewed
rel-c0462dce5520,sanctuary-crete-iuktas-peak-sanctuary,cult_of,,deity_or_cult-minoike-theoteta-koryphes,Μινωική θεότητα κορυφής,Minoan peak deity,medium,src-pleiades-559217802,deity_or_cult_el: Μινωική θεότητα κορυφής,reviewed
rel-c166073b256f,colony-phasis-city,founded_from,colony-miletus,,Μίλητος,Miletus,medium,src-pleiades-857275,metropolis_el: Μίλητος,reviewed
rel-c370e8a6082b,colony-sinope,founded_from,colony-miletus,,Μίλητος,Miletus,medium,src-pleiades-857321,metropolis_el: Μίλητος,reviewed
rel-c3b13a75cb35,colony-zancle-messana,founded_from,,settlement-chalkida-kai-kyme,Χαλκίδα και Κύμη,Chalkida and Kymi,medium,src-pleiades-462538,metropolis_el: Χαλκίδα και Κύμη,reviewed
rel-c468bd2151d2,colony-ancona,founded_from,colony-syracuse,,Συρακούσες,Syracuse,medium,src-pleiades-413014,metropolis_el: Συρακούσες,reviewed
rel-c478532939dd,colony-phaselis,founded_from,,settlement-rodos-lindos,Ρόδος (Λίνδος),Rhodes (Lindos),medium,src-pleiades-639051,metropolis_el: Ρόδος (Λίνδος),reviewed
rel-c4b86b566955,sanctuary-naukratis-hellenion,cult_of,,deity_or_cult-koino-iero-ton-ellenikon-poleon,Κοινό ιερό των ελληνικών πόλεων,Common sanctuary of Greek cities,medium,src-britishmuseum-4626abd5cbdd,deity_or_cult_el: Κοινό ιερό των ελληνικών πόλεων,reviewed
rel-c4fb21d36313,kingdom-greco-bactrian-euthydemid,preceded_by,,polity-ellenobaktriano-basileio-ton-diodotidon,Ελληνοβακτριανό Βασίλειο των Διοδοτιδών,Greco-Bactrian Kingdom of the Diodotids,medium,src-iranicaonline-d4697d4d5c1a,predecessor_el: Ελληνοβακτριανό Βασίλειο των Διοδοτιδών,reviewed
rel-c50f0ea9f8ef,colony-miletus,founded_from,,settlement-athena-ionike-paradose,Αθήνα (ιωνική παράδοση),Athens (Ionic tradition),medium,src-pleiades-599799,metropolis_el: Αθήνα (ιωνική παράδοση),reviewed
rel-c76bc62eed1d,kingdom-thebes-palatial,succeeded_by,,polity-metanaktorikes-boiotikes-koinotetes,Μετανακτορικές βοιωτικές κοινότητες,Post-palatial Boeotian communities,medium,src-mthv-715d665b63b5,successor_el: Μετανακτορικές βοιωτικές κοινότητες,reviewed
rel-c8746074a16f,colony-catana,founded_from,colony-naxos-sicily,,Νάξος Σικελίας,Naxos,medium,src-pleiades-462270,metropolis_el: Νάξος Σικελίας,reviewed
rel-c8ab448b4824,sanctuary-despotiko-apollo-sanctuary,cult_of,,deity_or_cult-apollon-kai-artemis,Απόλλων και Άρτεμις,Apollo and Artemis,medium,src-pleiades-854812387,deity_or_cult_el: Απόλλων και Άρτεμις,reviewed
rel-c9932731dedd,sanctuary-pergamon-asklepieion,cult_of,,deity_or_cult-asklepios-kai-telesphoros,Ασκληπιός και Τελεσφόρος,Asclepius and Telesphorus,medium,src-pleiades-550459,deity_or_cult_el: Ασκληπιός και Τελεσφόρος,reviewed
rel-cb65350bc3b9,kingdom-syracuse-agathocles,ruled_by_dynasty,,dynasty-agathokles-kai-oikogeneia,Αγαθοκλής και οικογένεια,Agathocles and his family,medium,src-britishmuseum-073d3f0a8ae4,dynasty_el: Αγαθοκλής και οικογένεια,reviewed
rel-ccc25dfd15a2,kingdom-seleucid,representative_center,city-antioch-orontes,,Αντιόχεια επί Ορόντου,Antioch on the Orontes,high,src-metmuseum-31540f5687cf,representative_center_el: Αντιόχεια επί Ορόντου,reviewed
rel-cf321a8994b4,kingdom-greco-bactrian-euthydemid,ruled_by_dynasty,,dynasty-eythydemides,Ευθυδημίδες,Euthydemids,medium,src-iranicaonline-d4697d4d5c1a,dynasty_el: Ευθυδημίδες,reviewed
rel-d17ea4466d8f,sanctuary-gyroulas-demeter-sanctuary,associated_with_settlement,city-naxos-cyclades,,Νάξος,Naxos,medium,src-pleiades-599631,Το ιερό στον Γύρουλα συνδέεται με την πόλη και χώρα της Νάξου.,reviewed
rel-d1d14ee2eb82,kingdom-greco-bactrian-eucratid,succeeded_by,,polity-kyriarchia-gioyetzi-kai-allon-nomadikon-omadon-ste-baktriane,Κυριαρχία Γιουετζί και άλλων νομαδικών ομάδων στη Βακτριανή,Rule of the Yuezhi and other nomadic groups in Bactria,medium,src-iranicaonline-2bb61f112fc3,successor_el: Κυριαρχία Γιουετζί και άλλων νομαδικών ομάδων στη Βακτριανή,reviewed
rel-d278a5f1fed2,colony-theodosia-crimea,founded_from,colony-miletus,,Μίλητος,Miletus,medium,src-pleiades-854743,metropolis_el: Μίλητος,reviewed
rel-d330ff05e1a2,sanctuary-didyma-apollo-oracle,cult_of,,deity_or_cult-apollon-didymaios,Απόλλων Διδυμαίος,Apollo Didymaios,medium,src-pleiades-599593,deity_or_cult_el: Απόλλων Διδυμαίος,reviewed
rel-d53eebe4702a,sanctuary-olbia-apollo-delphinios-sanctuary,cult_of,,deity_or_cult-apollon-delphinios-zeys-kai-athena,"Απόλλων Δελφίνιος, Ζευς και Αθηνά","Apollo Delphinios, Zeus and Athena",medium,src-penn-a97aa05ea214,"deity_or_cult_el: Απόλλων Δελφίνιος, Ζευς και Αθηνά",reviewed
rel-d64c7d3f5bb0,sanctuary-gyroulas-demeter-sanctuary,cult_of,,deity_or_cult-demetra-kai-apollon,Δήμητρα και Απόλλων,Demeter and Apollo,medium,src-pleiades-599631,deity_or_cult_el: Δήμητρα και Απόλλων,reviewed
rel-d7edb327b1ee,sanctuary-foce-del-sele-heraion,cult_of,,deity_or_cult-era-argeia,Ήρα Αργεία,Argive Hera,medium,src-pleiades-442610,deity_or_cult_el: Ήρα Αργεία,reviewed
rel-da4e82202e29,kingdom-athens-mycenaean,preceded_by,,polity-mesoelladike-koinoteta-tes-akropoles,Μεσοελλαδική κοινότητα της Ακρόπολης,Middle Helladic community of the Acropolis,medium,src-whc-228f1be9c035,predecessor_el: Μεσοελλαδική κοινότητα της Ακρόπολης,reviewed
rel-dafc50b0baa2,kingdom-cappadocia-late-client,ruled_by_dynasty,,dynasty-ariobarzanides-katopin-archelaos,Αριοβαρζανίδες· κατόπιν Αρχέλαος,Ariobarzanids; later Archelaus,medium,src-iranicaonline-0624b0b64cf3,dynasty_el: Αριοβαρζανίδες· κατόπιν Αρχέλαος,reviewed
rel-dbd08fe32330,colony-heraclea-pontica,founded_from,,settlement-megara-kai-tanagra,Μέγαρα και Τανάγρα,Megara and Tanagra,medium,src-pleiades-844944,metropolis_el: Μέγαρα και Τανάγρα,reviewed
rel-dcbf361d3d3d,kingdom-attalid-pergamon,preceded_by,,polity-seleykidike-epikyriarchia-ste-dytike-mikra-asia,Σελευκιδική επικυριαρχία στη δυτική Μικρά Ασία,Seleucid rule in western Asia Minor,medium,src-metmuseum-50fe20dc493f,predecessor_el: Σελευκιδική επικυριαρχία στη δυτική Μικρά Ασία,reviewed
rel-dd3bf779624e,kingdom-cyrene-magas,representative_center,colony-cyrene,,Κυρήνη,Cyrene,high,src-persee-a9866e5e43d7,representative_center_el: Κυρήνη,reviewed
rel-dd3ed2dad4f7,kingdom-indo-greek-late,representative_center,,settlement-taxila,Τάξιλα,Taxila,high,src-iranicaonline-612dff96c99c,representative_center_el: Τάξιλα,reviewed
rel-dd68cc61428d,colony-phanagoria,founded_from,colony-teos,,Τέως,Teos,medium,src-pleiades-854724,metropolis_el: Τέως,reviewed
rel-dd804bcefa57,kingdom-pontus-mithridatid,representative_center,colony-sinope,,Σινώπη,Sinope,high,src-metmuseum-50fe20dc493f,representative_center_el: Σινώπη,reviewed
rel-de6209aaf300,sanctuary-hyria-dionysos-sanctuary,associated_with_settlement,city-naxos-cyclades,,Νάξος,Naxos,medium,src-pleiades-599661,Το ιερό στα Ύρια συνδέεται με την πόλη και χώρα της Νάξου.,reviewed
rel-de6d4ffd12f8,sanctuary-epidauros-asklepios-sanctuary,cult_of,,deity_or_cult-asklepios-ygeia-kai-apollon-maleatas,"Ασκληπιός, Υγεία και Απόλλων Μαλεάτας","Asclepius, Hygieia and Apollo Maleatas",medium,src-pleiades-570127,"deity_or_cult_el: Ασκληπιός, Υγεία και Απόλλων Μαλεάτας",reviewed
rel-dea86b005fbc,sanctuary-syracuse-apollo-sanctuary,cult_of,,deity_or_cult-apollon,Απόλλων,Apollo,medium,src-pleiades-418729933,deity_or_cult_el: Απόλλων,reviewed
rel-dec2f3074d19,colony-cumae-campania,founded_from,,settlement-chalkida-kai-eretria,Χαλκίδα και Ερέτρια,Chalkida and Eretria,medium,src-pleiades-432808,metropolis_el: Χαλκίδα και Ερέτρια,reviewed
rel-df72ce022c53,colony-euesperides,founded_from,colony-cyrene,,Κυρήνη,Cyrene,medium,src-pleiades-373786,metropolis_el: Κυρήνη,reviewed
rel-e1165db69773,kingdom-cappadocia-late-client,preceded_by,,polity-basileio-tes-kappadokias-ton-ariarathidon,Βασίλειο της Καππαδοκίας των Αριαραθιδών,Kingdom of Cappadocia of the Ariarathids,medium,src-iranicaonline-0624b0b64cf3,predecessor_el: Βασίλειο της Καππαδοκίας των Αριαραθιδών,reviewed
rel-e2ceaeb77b4d,sanctuary-cyrene-zeus-sanctuary,cult_of,,deity_or_cult-zeys-olympios,Ζευς Ολύμπιος,Olympian Zeus,medium,src-pleiades-103565779,deity_or_cult_el: Ζευς Ολύμπιος,reviewed
rel-e2d1f9fd3d8c,sanctuary-apollonia-pontica-apollo-ietros-sanctuary,associated_with_settlement,colony-apollonia-pontica,,Απολλωνία Ποντική,Apollonia Pontica,high,src-pleiades-216706,Ρητή επιμελητική σύνδεση του ιερού με την Απολλωνία Ποντική.,reviewed
rel-e2d3e92fa26a,colony-himera,founded_from,colony-zancle-messana,,Ζάγκλη,Zancle,medium,src-pleiades-462244,metropolis_el: Ζάγκλη,reviewed
rel-e37e5ef15f57,kingdom-athens-mycenaean,representative_center,,settlement-akropole-athenon,Ακρόπολη Αθηνών,Acropolis of Athens,high,src-whc-228f1be9c035,representative_center_el: Ακρόπολη Αθηνών,reviewed
rel-e39242f4f1a4,colony-akragas,founded_from,colony-gela,,Γέλα,Gela,medium,src-pleiades-462086,metropolis_el: Γέλα,reviewed
rel-e3a0bd9e5899,kingdom-tiryns-palatial,succeeded_by,,polity-metanaktorike-tiryntha-kai-argolikes-koinotetes,Μετανακτορική Τίρυνθα και αργολικές κοινότητες,Post-palatial Tiryns and Argolic communities,medium,src-whc-6306f630553d,successor_el: Μετανακτορική Τίρυνθα και αργολικές κοινότητες,reviewed
rel-e3f9bd823107,kingdom-knossos-mycenaean,ruled_by_dynasty,,dynasty-agnoste-mykenaike-dioiketike-elit,Άγνωστη μυκηναϊκή διοικητική ελίτ,Unknown Mycenaean administrative elite,medium,src-odysseus-9e3ae0cba911,dynasty_el: Άγνωστη μυκηναϊκή διοικητική ελίτ,reviewed
rel-e4a02054d9fc,kingdom-alexander-empire,ruled_by_dynasty,,dynasty-argeades,Αργεάδες,Argeads,medium,src-metmuseum-89019924e8c3,dynasty_el: Αργεάδες,reviewed
rel-e573cc7cdf3d,kingdom-macedon-kassandrid,representative_center,city-pella,,Πέλλα,Pella,high,src-metmuseum-50fe20dc493f,representative_center_el: Πέλλα,reviewed
rel-e67e088c6d37,kingdom-epirus-aeacid,ruled_by_dynasty,,dynasty-aiakides,Αιακίδες,Aeacids,medium,src-cambridge-96106a304cc6,dynasty_el: Αιακίδες,reviewed
rel-e6d7562e656b,kingdom-macedon-argead,succeeded_by,,polity-aytokratoria-toy-alexandroy,Αυτοκρατορία του Αλεξάνδρου,Alexander's Empire,medium,src-whc-fd006971700c,successor_el: Αυτοκρατορία του Αλεξάνδρου,reviewed
rel-e70d29dc175e,colony-syracuse,founded_from,city-corinth,,Κόρινθος,Corinth,medium,src-pleiades-462503,metropolis_el: Κόρινθος,reviewed
rel-e726f7af258f,kingdom-bosporus-spartocid,succeeded_by,,polity-pontiake-mithridatike-phase-toy-bosporoy,Ποντιακή-μιθριδατική φάση του Βοσπόρου,Pontic–Mithridatic phase of the Bosporan Kingdom,medium,src-encyclopediaofukraine-237e86aa1350,successor_el: Ποντιακή-μιθριδατική φάση του Βοσπόρου,reviewed
rel-eb419e4e6bf8,kingdom-indo-greek-late,ruled_by_dynasty,,dynasty-pollaples-periphereiakes-dynasteies,Πολλαπλές περιφερειακές δυναστείες,Multiple regional dynasties,medium,src-iranicaonline-612dff96c99c,dynasty_el: Πολλαπλές περιφερειακές δυναστείες,reviewed
rel-ebb3b5bf7522,sanctuary-crete-idaion-antron,cult_of,,deity_or_cult-zeys-idaios-kai-rea,Ζευς Ιδαίος και Ρέα,Zeus Idaeus and Rhea,medium,src-pleiades-589817,deity_or_cult_el: Ζευς Ιδαίος και Ρέα,reviewed
rel-ebf7cf685f29,kingdom-paphos-cyprus,ruled_by_dynasty,,dynasty-topikes-paphiakes-basilikes-genees-nikokleides-sten-ystere-phase,Τοπικές παφιακές βασιλικές γενεές· Νικοκλείδες στην ύστερη φάση,Local Paphian royal lines; the Nicocleids in the later phase,medium,src-websites-d5246844b076,dynasty_el: Τοπικές παφιακές βασιλικές γενεές· Νικοκλείδες στην ύστερη φάση,reviewed
rel-ed00f3eba7cc,kingdom-bosporus-mithridatic,ruled_by_dynasty,,dynasty-mithridatides-toy-pontoy,Μιθριδατίδες του Πόντου,Mithridatids of Pontus,medium,src-iranicaonline-4a607235e191,dynasty_el: Μιθριδατίδες του Πόντου,reviewed
rel-ed7bca8380c2,sanctuary-locri-mannella-persephone-sanctuary,cult_of,,deity_or_cult-persephone-kai-ades,Περσεφόνη και Άδης,Persephone and Hades,medium,src-museoarcheologicoreggiocalabria-a34e7a2bfa16,deity_or_cult_el: Περσεφόνη και Άδης,reviewed
rel-ed813646a1c1,sanctuary-labraunda-zeus-sanctuary,cult_of,,deity_or_cult-zeys-labrandeys,Ζευς Λαβρανδεύς,Zeus Labrandeus,medium,src-pleiades-599745,deity_or_cult_el: Ζευς Λαβρανδεύς,reviewed
rel-edc0aa0ddbf2,kingdom-pontus-mithridatid,succeeded_by,,polity-romaike-eparchia-bithynia-kai-pontos,Ρωμαϊκή επαρχία Βιθυνία και Πόντος,Roman province of Bithynia and Pontus,medium,src-metmuseum-50fe20dc493f,successor_el: Ρωμαϊκή επαρχία Βιθυνία και Πόντος,reviewed
rel-ef5ace7b2ef0,colony-apollonia-illyria,founded_from,,settlement-korinthos-kai-kerkyra,Κόρινθος και Κέρκυρα,Corinth and Corfu,medium,src-pleiades-481728,metropolis_el: Κόρινθος και Κέρκυρα,reviewed
rel-f035c8de9bc7,sanctuary-kos-asklepieion,cult_of,,deity_or_cult-asklepios-ygeia-kai-apollon,"Ασκληπιός, Υγεία και Απόλλων","Asclepius, Hygeia and Apollo",medium,src-pleiades-599528,"deity_or_cult_el: Ασκληπιός, Υγεία και Απόλλων",reviewed
rel-f05556d959d8,colony-histria-pontica,founded_from,colony-miletus,,Μίλητος,Miletus,medium,src-pleiades-216839,metropolis_el: Μίλητος,reviewed
rel-f0f0b4850fe7,sanctuary-histria-sacred-zone,associated_with_settlement,colony-histria-pontica,,Ίστρια,Histria,high,src-pleiades-216839,Ρητή επιμελητική σύνδεση της ιερής ζώνης με την Ιστρία.,reviewed
rel-f2f9db798432,colony-ambracia,founded_from,city-corinth,,Κόρινθος,Corinth,medium,src-pleiades-530794,metropolis_el: Κόρινθος,reviewed
rel-f32c4a0833d4,colony-priene,founded_from,,settlement-athena-kai-theba-paradose,Αθήνα και Θήβα (παράδοση),Athens and Thebes (tradition),medium,src-pleiades-599905,metropolis_el: Αθήνα και Θήβα (παράδοση),reviewed
rel-f35c9164c343,sanctuary-priene-athena-polias-sanctuary,cult_of,,deity_or_cult-athena-polias,Αθηνά Πολιάς,Athena Polias,medium,src-pleiades-298577312,deity_or_cult_el: Αθηνά Πολιάς,reviewed
rel-f6e71aa11884,sanctuary-pantikapaion-apollo-ietros-sanctuary,cult_of,,deity_or_cult-apollon-ietros,Απόλλων Ιητρός,Apollo Iatros,medium,src-pleiades-854719,deity_or_cult_el: Απόλλων Ιητρός,reviewed
rel-f6e9d22630eb,sanctuary-cyrene-apollo-sanctuary,associated_with_settlement,colony-cyrene,,Κυρήνη,Cyrene,high,src-pleiades-464482220,Ρητή επιμελητική σύνδεση του ιερού του Απόλλωνα με την Κυρήνη.,reviewed
rel-f7980ef9c3e2,sanctuary-isthmia-poseidon-sanctuary,cult_of,,deity_or_cult-poseidon-kai-palaimon,Ποσειδών και Παλαίμων,Poseidon and Palaimon,medium,src-pleiades-570316,deity_or_cult_el: Ποσειδών και Παλαίμων,reviewed
rel-f7d021086d5a,kingdom-pylos-palatial,succeeded_by,,polity-metanaktorikes-koinotetes-tes-messenias,Μετανακτορικές κοινότητες της Μεσσηνίας,Post-palatial communities of Messenia,medium,src-odysseus-00e2d87ae4a8,successor_el: Μετανακτορικές κοινότητες της Μεσσηνίας,reviewed
rel-f83c65806821,sanctuary-cyrene-apollo-sanctuary,cult_of,,deity_or_cult-apollon-karneios-artemis-kai-kyrene,"Απόλλων Καρνείος, Άρτεμις και Κυρήνη","Apollo Karneios, Artemis and Cyrene",medium,src-pleiades-464482220,"deity_or_cult_el: Απόλλων Καρνείος, Άρτεμις και Κυρήνη",reviewed
rel-f8519d55b51f,kingdom-macedon-argead,preceded_by,,polity-proimes-makedonikes-egemonies,Πρώιμες μακεδονικές ηγεμονίες,Early Macedonian hegemonies,medium,src-whc-fd006971700c,predecessor_el: Πρώιμες μακεδονικές ηγεμονίες,reviewed
rel-f896a4ac568d,kingdom-greco-bactrian-eucratid,representative_center,,settlement-baktra,Βάκτρα,Bactra,high,src-iranicaonline-2bb61f112fc3,representative_center_el: Βάκτρα,reviewed
rel-f9e933dbf467,sanctuary-naukratis-hellenion,associated_with_settlement,colony-naucratis,,Ναύκρατις,Naucratis,high,src-britishmuseum-4626abd5cbdd,Ρητή επιμελητική σύνδεση του Ελληνίου με τη Ναύκρατι.,reviewed
rel-fbba6997914f,kingdom-syracuse-hieron-ii,preceded_by,,polity-metapyrreia-politike-astatheia-stis-syrakoyses,Μεταπύρρεια πολιτική αστάθεια στις Συρακούσες,Post-Pyrrhic political instability in Syracuse,medium,src-britishmuseum-d101eb623c92,predecessor_el: Μεταπύρρεια πολιτική αστάθεια στις Συρακούσες,reviewed
rel-fc25d029f18c,sanctuary-kourion-apollo-hylates-sanctuary,cult_of,,deity_or_cult-apollon-ylates,Απόλλων Υλάτης,Apollo Hylates,medium,src-pleiades-707476,deity_or_cult_el: Απόλλων Υλάτης,reviewed
rel-fd71cc54a8b8,colony-olbia-pontica,founded_from,colony-miletus,,Μίλητος,Miletus,medium,src-pleiades-226546,metropolis_el: Μίλητος,reviewed
rel-fdaffda5b134,kingdom-cappadocia-late-client,succeeded_by,,polity-romaike-eparchia-kappadokia,Ρωμαϊκή επαρχία Καππαδοκία,Roman province of Cappadocia,medium,src-iranicaonline-0624b0b64cf3,successor_el: Ρωμαϊκή επαρχία Καππαδοκία,reviewed
rel-fefbda203da9,kingdom-syracuse-hieron-ii,succeeded_by,,polity-ieronymos-kai-katopin-romaike-kataktese,Ιερώνυμος και κατόπιν ρωμαϊκή κατάκτηση,Hieronymus and subsequent Roman conquest,medium,src-britishmuseum-d101eb623c92,successor_el: Ιερώνυμος και κατόπιν ρωμαϊκή κατάκτηση,reviewed
rel-ff996cd935c2,colony-mesembria,founded_from,,settlement-megara-kai-chalkedona,Μέγαρα και Χαλκηδόνα,Megara and Chalcedon,medium,src-pleiades-216882,metropolis_el: Μέγαρα και Χαλκηδόνα,reviewed
rel-ffca1c8c797a,sanctuary-epidauros-asklepios-sanctuary,associated_with_settlement,city-epidaurus-city,,Επίδαυρος,Epidaurus,high,src-pleiades-570127,Ρητή επιμελητική σύνδεση του Ασκληπιείου με την Επίδαυρο.,reviewed
rel-ffd3e3bb89db,kingdom-alexander-empire,preceded_by,,polity-basileio-tes-makedonias-ton-argeadon,Βασίλειο της Μακεδονίας των Αργεαδών,Kingdom of Macedonia of the Argeadians,medium,src-metmuseum-89019924e8c3,predecessor_el: Βασίλειο της Μακεδονίας των Αργεαδών,reviewed
