source_id,url,title,publisher,source_class,language,license,accessed_on,http_status,url_status,citation,notes
src-aphrodisias-excavations-68b8b8553e48,https://aphrodisias-excavations.com/templeofaphrodite,Temple of Aphrodite – Aphrodisias,Aphrodisias Excavations,excavation_project,en,,2026-08-15,200,ok,Temple of Aphrodite – Aphrodisias. Aphrodisias Excavations. https://aphrodisias-excavations.com/templeofaphrodite (accessed 2026-08-15).,Source metadata reconciled from the submitted research and cached URL check.
src-armus-4dde844bac8f,https://www.armus.hr/en/museum/museum-history/collection-and-site-issa,Collection and site Issa | Archaeological Museum in Split,Archaeological Museum in Split,museum,en,,2026-08-15,200,ok,Collection and site Issa | Archaeological Museum in Split. Archaeological Museum in Split. https://www.armus.hr/en/museum/museum-history/collection-and-site-issa (accessed 2026-08-15).,Source metadata reconciled from the submitted research and cached URL check.
src-assets-5a2ee3f98c16,https://assets.cambridge.org/97811070/08571/excerpt/9781107008571_excerpt.pdf,Callimachus in Context: From Plato to the Augustan Poets — excerpt,Cambridge University Press,peer_reviewed_publication,en,,2026-08-15,,unchecked,Callimachus in Context: From Plato to the Augustan Poets — excerpt. Cambridge University Press. https://assets.cambridge.org/97811070/08571/excerpt/9781107008571_excerpt.pdf (accessed 2026-08-15).,Book excerpt by Benjamin Acosta-Hughes and Susan A. Stephens; its historical introduction discusses Magas and Cyrene.
src-attalus-1b40f4436114,https://www.attalus.org/names/b/bithynia.html,Bithynia - in ancient sources @ attalus.org,Attalus,reference_work,en,,2026-08-15,200,ok,Bithynia - in ancient sources @ attalus.org. Attalus. https://www.attalus.org/names/b/bithynia.html (accessed 2026-08-15).,Source metadata reconciled from the submitted research and cached URL check.
src-britishmuseum-073d3f0a8ae4,https://www.britishmuseum.org/collection/object/C_2013-4030-144,coin | British Museum,The British Museum,museum,en,,2026-08-15,200,ok,coin | British Museum. The British Museum. https://www.britishmuseum.org/collection/object/C_2013-4030-144 (accessed 2026-08-15).,Source metadata reconciled from the submitted research and cached URL check.
src-britishmuseum-4626abd5cbdd,https://www.britishmuseum.org/collection/term/x113864,Naukratis — collection place record,The British Museum,museum,en,,2026-08-15,403,unavailable,Naukratis — collection place record. The British Museum. https://www.britishmuseum.org/collection/term/x113864 (accessed 2026-08-15).,British Museum collection authority record for Naukratis; the server denied automated access during the release check.
src-britishmuseum-d101eb623c92,https://www.britishmuseum.org/collection/object/C_TC-p80-56-Syr,Coin of Hieron II of Syracuse,The British Museum,museum,en,,2026-08-15,403,unavailable,Coin of Hieron II of Syracuse. The British Museum. https://www.britishmuseum.org/collection/object/C_TC-p80-56-Syr (accessed 2026-08-15).,British Museum collection record used as material evidence for Hieron II; the server denied automated access during the release check.
src-cambridge-96106a304cc6,https://www.cambridge.org/core/books/cambridge-companion-to-alexander-the-great/contexts/D0DFBC7B39E453BD0E365F56F74DA097,Contexts (Part II) - The Cambridge Companion to Alexander the Great,Cambridge University Press,peer_reviewed_publication,en,,2026-08-15,200,redirected,Contexts (Part II) - The Cambridge Companion to Alexander the Great. Cambridge University Press. https://www.cambridge.org/core/books/cambridge-companion-to-alexander-the-great/contexts/D0DFBC7B39E453BD0E365F56F74DA097 (accessed 2026-08-15).,Source metadata reconciled from the submitted research and cached URL check.
src-encyclopediaofukraine-237e86aa1350,https://www.encyclopediaofukraine.com/display.asp?linkpath=pages%5CB%5CO%5CBosporanKingdom.htm,Bosporan Kingdom,Internet Encyclopedia of Ukraine,reference_work,en,,2026-08-15,200,ok,Bosporan Kingdom. Internet Encyclopedia of Ukraine. https://www.encyclopediaofukraine.com/display.asp?linkpath=pages%5CB%5CO%5CBosporanKingdom.htm (accessed 2026-08-15).,Source metadata reconciled from the submitted research and cached URL check.
src-iranicaonline-0624b0b64cf3,https://www.iranicaonline.org/articles/cappadocia,CAPPADOCIA - Encyclopaedia Iranica,Encyclopaedia Iranica,reference_work,en,,2026-08-15,200,ok,CAPPADOCIA - Encyclopaedia Iranica. Encyclopaedia Iranica. https://www.iranicaonline.org/articles/cappadocia (accessed 2026-08-15).,Source metadata reconciled from the submitted research and cached URL check.
src-iranicaonline-2bb61f112fc3,https://www.iranicaonline.org/articles/eucratides,EUCRATIDES - Encyclopaedia Iranica,Encyclopaedia Iranica,reference_work,en,,2026-08-15,200,ok,EUCRATIDES - Encyclopaedia Iranica. Encyclopaedia Iranica. https://www.iranicaonline.org/articles/eucratides (accessed 2026-08-15).,Source metadata reconciled from the submitted research and cached URL check.
src-iranicaonline-4a607235e191,https://www.iranicaonline.org/articles/scythians,SCYTHIANS - Encyclopaedia Iranica,Encyclopaedia Iranica,reference_work,en,,2026-08-15,200,ok,SCYTHIANS - Encyclopaedia Iranica. Encyclopaedia Iranica. https://www.iranicaonline.org/articles/scythians (accessed 2026-08-15).,Source metadata reconciled from the submitted research and cached URL check.
src-iranicaonline-612dff96c99c,https://www.iranicaonline.org/articles/indo-greek-dynasty,INDO-GREEK DYNASTY - Encyclopaedia Iranica,Encyclopaedia Iranica,reference_work,en,,2026-08-15,200,ok,INDO-GREEK DYNASTY - Encyclopaedia Iranica. Encyclopaedia Iranica. https://www.iranicaonline.org/articles/indo-greek-dynasty (accessed 2026-08-15).,Source metadata reconciled from the submitted research and cached URL check.
src-iranicaonline-d4697d4d5c1a,https://www.iranicaonline.org/articles/euthydemus,EUTHYDEMUS - Encyclopaedia Iranica,Encyclopaedia Iranica,reference_work,en,,2026-08-15,200,ok,EUTHYDEMUS - Encyclopaedia Iranica. Encyclopaedia Iranica. https://www.iranicaonline.org/articles/euthydemus (accessed 2026-08-15).,Source metadata reconciled from the submitted research and cached URL check.
src-metmuseum-31540f5687cf,https://www.metmuseum.org/essays/the-seleucid-empire-323-64-b-c,The Seleucid Empire (323–64 BCE),The Metropolitan Museum of Art,museum,en,,2026-08-15,429,unavailable,The Seleucid Empire (323–64 BCE). The Metropolitan Museum of Art. https://www.metmuseum.org/essays/the-seleucid-empire-323-64-b-c (accessed 2026-08-15).,Heilbrunn Timeline of Art History essay; rate-limited during the automated release check.
src-metmuseum-50fe20dc493f,https://www.metmuseum.org/toah/hd/gkru/hd_gkru.htm,Greek Art in the Hellenistic World,The Metropolitan Museum of Art,museum,en,,2026-08-15,429,unavailable,Greek Art in the Hellenistic World. The Metropolitan Museum of Art. https://www.metmuseum.org/toah/hd/gkru/hd_gkru.htm (accessed 2026-08-15).,Heilbrunn Timeline of Art History essay; rate-limited during the automated release check.
src-metmuseum-89019924e8c3,https://www.metmuseum.org/essays/the-rise-of-macedonia-and-the-conquests-of-alexander-the-great,The Rise of Macedonia and the Conquests of Alexander the Great,The Metropolitan Museum of Art,museum,en,,2026-08-15,429,unavailable,The Rise of Macedonia and the Conquests of Alexander the Great. The Metropolitan Museum of Art. https://www.metmuseum.org/essays/the-rise-of-macedonia-and-the-conquests-of-alexander-the-great (accessed 2026-08-15).,Heilbrunn Timeline of Art History essay; rate-limited during the automated release check.
src-metmuseum-9200258a95cb,https://www.metmuseum.org/essays/egypt-in-the-ptolemaic-period,Egypt in the Ptolemaic Period,The Metropolitan Museum of Art,museum,en,,2026-08-15,429,unavailable,Egypt in the Ptolemaic Period. The Metropolitan Museum of Art. https://www.metmuseum.org/essays/egypt-in-the-ptolemaic-period (accessed 2026-08-15).,Heilbrunn Timeline of Art History essay; rate-limited during the automated release check.
src-mthv-715d665b63b5,https://www.mthv.gr/en/permanent-exhibition/mycenaean-period,Mycenaean period - MUSEUM OF THEBES,Museum of Thebes,museum,en,,2026-08-15,200,ok,Mycenaean period - MUSEUM OF THEBES. Museum of Thebes. https://www.mthv.gr/en/permanent-exhibition/mycenaean-period (accessed 2026-08-15).,Source metadata reconciled from the submitted research and cached URL check.
src-museoarcheologicoreggiocalabria-a34e7a2bfa16,https://museoarcheologicoreggiocalabria.cultura.gov.it/collezioni/livello-b,Cities and Sanctuaries of Magna Graecia — Level B,Museo Archeologico Nazionale di Reggio Calabria,museum,en,,2026-08-15,,unavailable,Cities and Sanctuaries of Magna Graecia — Level B. Museo Archeologico Nazionale di Reggio Calabria. https://museoarcheologicoreggiocalabria.cultura.gov.it/collezioni/livello-b (accessed 2026-08-15).,Official museum collection page; the current English page documents the Mannella sanctuary at Locri.
src-odysseus-00e2d87ae4a8,https://odysseus.culture.gr/h/3/eh355.jsp?obj_id=2562,The Palace of Nestor at Pylos,Hellenic Ministry of Culture,national_archaeological_service,en,,2026-08-15,,unavailable,The Palace of Nestor at Pylos. Hellenic Ministry of Culture. https://odysseus.culture.gr/h/3/eh355.jsp?obj_id=2562 (accessed 2026-08-15).,Official archaeological-site record; direct automated access was unavailable during the release check.
src-odysseus-589898851f92,https://odysseus.culture.gr/h/3/eh351.jsp?obj_id=2501,Archaeological Site of Dimini,Hellenic Ministry of Culture,national_archaeological_service,en,,2026-08-15,,unavailable,Archaeological Site of Dimini. Hellenic Ministry of Culture. https://odysseus.culture.gr/h/3/eh351.jsp?obj_id=2501 (accessed 2026-08-15).,Official archaeological-site record; direct automated access was unavailable during the release check.
src-odysseus-9e3ae0cba911,https://odysseus.culture.gr/h/2/eh2530.jsp?obj_id=716,The Palace of Knossos,Hellenic Ministry of Culture,national_archaeological_service,en,,2026-08-15,,unavailable,The Palace of Knossos. Hellenic Ministry of Culture. https://odysseus.culture.gr/h/2/eh2530.jsp?obj_id=716 (accessed 2026-08-15).,Official archaeological-site record; direct automated access was unavailable during the release check.
src-penn-a97aa05ea214,https://www.penn.museum/sites/expedition/olbia-pontica-and-the-olbian-muse,Expedition Magazine | Olbia Pontica and the ‘Olbian Muse’,Penn Museum,museum,en,,2026-08-15,200,ok,Expedition Magazine | Olbia Pontica and the ‘Olbian Muse’. Penn Museum. https://www.penn.museum/sites/expedition/olbia-pontica-and-the-olbian-muse (accessed 2026-08-15).,Source metadata reconciled from the submitted research and cached URL check.
src-persee-a9866e5e43d7,https://www.persee.fr/doc/bch_0007-4217_1958_num_82_1_2355,Épigramme de Cyrène en l'honneur du roi Magas,Persée / Bulletin de Correspondance Hellénique,peer_reviewed_publication,fr,,2026-08-15,,unchecked,Épigramme de Cyrène en l'honneur du roi Magas. Persée / Bulletin de Correspondance Hellénique. https://www.persee.fr/doc/bch_0007-4217_1958_num_82_1_2355 (accessed 2026-08-15).,Peer-reviewed epigraphic study directly concerning King Magas of Cyrene.
src-pleiades-103565779,https://pleiades.stoa.org/places/103565779,Temple of Zeus at Cyrene,Pleiades,scholarly_gazetteer,en,CC BY 3.0,2026-08-15,200,ok,Temple of Zeus at Cyrene. Pleiades. https://pleiades.stoa.org/places/103565779 (accessed 2026-08-15).,Pleiades record modified 2025-02-08T02:54:05Z
src-pleiades-148127,https://pleiades.stoa.org/places/148127,Massalia/Massilia,Pleiades,scholarly_gazetteer,en,CC BY 3.0,2026-08-15,200,ok,Massalia/Massilia. Pleiades. https://pleiades.stoa.org/places/148127 (accessed 2026-08-15).,Pleiades record modified 2026-02-28T22:23:19Z
src-pleiades-182618516,https://pleiades.stoa.org/places/182618516,Serapeum of Alexandria,Pleiades,scholarly_gazetteer,en,CC BY 3.0,2026-08-15,200,ok,Serapeum of Alexandria. Pleiades. https://pleiades.stoa.org/places/182618516 (accessed 2026-08-15).,Pleiades record modified 2026-05-24T20:43:22Z
src-pleiades-197433,https://pleiades.stoa.org/places/197433,Pharus,Pleiades,scholarly_gazetteer,en,CC BY 3.0,2026-08-15,200,ok,Pharus. Pleiades. https://pleiades.stoa.org/places/197433 (accessed 2026-08-15).,Pleiades record modified 2020-11-15T15:52:07Z
src-pleiades-197555,https://pleiades.stoa.org/places/197555,Tragurium,Pleiades,scholarly_gazetteer,en,CC BY 3.0,2026-08-15,200,ok,Tragurium. Pleiades. https://pleiades.stoa.org/places/197555 (accessed 2026-08-15).,Pleiades record modified 2026-05-30T20:21:58Z
src-pleiades-216706,https://pleiades.stoa.org/places/216706,Apollonia Pontica/Sozopolis,Pleiades,scholarly_gazetteer,en,CC BY 3.0,2026-08-15,200,ok,Apollonia Pontica/Sozopolis. Pleiades. https://pleiades.stoa.org/places/216706 (accessed 2026-08-15).,Pleiades record modified 2023-09-10T02:55:13Z
src-pleiades-216744,https://pleiades.stoa.org/places/216744,Callatis,Pleiades,scholarly_gazetteer,en,CC BY 3.0,2026-08-15,200,ok,Callatis. Pleiades. https://pleiades.stoa.org/places/216744 (accessed 2026-08-15).,Pleiades record modified 2025-03-08T17:27:24Z
src-pleiades-216839,https://pleiades.stoa.org/places/216839,Histria,Pleiades,scholarly_gazetteer,en,CC BY 3.0,2026-08-15,200,ok,Histria. Pleiades. https://pleiades.stoa.org/places/216839 (accessed 2026-08-15).,Pleiades record modified 2024-07-09T23:31:18Z
src-pleiades-216882,https://pleiades.stoa.org/places/216882,Mesembria,Pleiades,scholarly_gazetteer,en,CC BY 3.0,2026-08-15,200,ok,Mesembria. Pleiades. https://pleiades.stoa.org/places/216882 (accessed 2026-08-15).,Pleiades record modified 2025-02-01T15:02:23Z
src-pleiades-216904,https://pleiades.stoa.org/places/216904,Odessus,Pleiades,scholarly_gazetteer,en,CC BY 3.0,2026-08-15,200,ok,Odessus. Pleiades. https://pleiades.stoa.org/places/216904 (accessed 2026-08-15).,Pleiades record modified 2025-09-25T10:49:55Z
src-pleiades-217016,https://pleiades.stoa.org/places/217016,Tomis,Pleiades,scholarly_gazetteer,en,CC BY 3.0,2026-08-15,200,ok,Tomis. Pleiades. https://pleiades.stoa.org/places/217016 (accessed 2026-08-15).,Pleiades record modified 2022-04-01T15:47:49Z
src-pleiades-226546,https://pleiades.stoa.org/places/226546,Borysthenes/Olbia,Pleiades,scholarly_gazetteer,en,CC BY 3.0,2026-08-15,200,ok,Borysthenes/Olbia. Pleiades. https://pleiades.stoa.org/places/226546 (accessed 2026-08-15).,Pleiades record modified 2024-02-29T04:51:25Z
src-pleiades-226564,https://pleiades.stoa.org/places/226564,Chersonesos,Pleiades,scholarly_gazetteer,en,CC BY 3.0,2026-08-15,200,ok,Chersonesos. Pleiades. https://pleiades.stoa.org/places/226564 (accessed 2026-08-15).,Pleiades record modified 2023-09-17T23:37:46Z
src-pleiades-226800,https://pleiades.stoa.org/places/226800,Tyras/Ophioussa,Pleiades,scholarly_gazetteer,en,CC BY 3.0,2026-08-15,200,ok,Tyras/Ophioussa. Pleiades. https://pleiades.stoa.org/places/226800 (accessed 2026-08-15).,Pleiades record modified 2022-02-26T03:31:47Z
src-pleiades-232079424,https://pleiades.stoa.org/places/232079424,Ploutonion at Hierapolis,Pleiades,scholarly_gazetteer,en,CC BY 3.0,2026-08-15,200,ok,Ploutonion at Hierapolis. Pleiades. https://pleiades.stoa.org/places/232079424 (accessed 2026-08-15).,Pleiades record modified 2018-05-14T23:13:05Z
src-pleiades-246382,https://pleiades.stoa.org/places/246382,Emporiae,Pleiades,scholarly_gazetteer,en,CC BY 3.0,2026-08-15,200,ok,Emporiae. Pleiades. https://pleiades.stoa.org/places/246382 (accessed 2026-08-15).,Pleiades record modified 2022-01-10T20:12:23Z
src-pleiades-298577312,https://pleiades.stoa.org/places/298577312,The Temple of Athena Polias at Priene,Pleiades,scholarly_gazetteer,en,CC BY 3.0,2026-08-15,200,ok,The Temple of Athena Polias at Priene. Pleiades. https://pleiades.stoa.org/places/298577312 (accessed 2026-08-15).,Pleiades record modified 2025-02-23T19:18:36Z
src-pleiades-372843530,https://pleiades.stoa.org/places/372843530,Temple of Athena Alea at Tegea,Pleiades,scholarly_gazetteer,en,CC BY 3.0,2026-08-15,200,ok,Temple of Athena Alea at Tegea. Pleiades. https://pleiades.stoa.org/places/372843530 (accessed 2026-08-15).,Pleiades record modified 2026-02-16T02:01:22Z
src-pleiades-373732,https://pleiades.stoa.org/places/373732,Apollonia/Sozousa,Pleiades,scholarly_gazetteer,en,CC BY 3.0,2026-08-15,200,ok,Apollonia/Sozousa. Pleiades. https://pleiades.stoa.org/places/373732 (accessed 2026-08-15).,Pleiades record modified 2023-09-17T00:57:04Z
src-pleiades-373736,https://pleiades.stoa.org/places/373736,Arsinoe/Taucheira,Pleiades,scholarly_gazetteer,en,CC BY 3.0,2026-08-15,200,ok,Arsinoe/Taucheira. Pleiades. https://pleiades.stoa.org/places/373736 (accessed 2026-08-15).,Pleiades record modified 2024-05-06T00:42:28Z
src-pleiades-373750,https://pleiades.stoa.org/places/373750,Barke,Pleiades,scholarly_gazetteer,en,CC BY 3.0,2026-08-15,200,ok,Barke. Pleiades. https://pleiades.stoa.org/places/373750 (accessed 2026-08-15).,Pleiades record modified 2026-02-27T17:11:13Z
src-pleiades-373778,https://pleiades.stoa.org/places/373778,Cyrene,Pleiades,scholarly_gazetteer,en,CC BY 3.0,2026-08-15,200,ok,Cyrene. Pleiades. https://pleiades.stoa.org/places/373778 (accessed 2026-08-15).,Pleiades record modified 2026-06-25T01:30:59Z
src-pleiades-373786,https://pleiades.stoa.org/places/373786,Euesperides,Pleiades,scholarly_gazetteer,en,CC BY 3.0,2026-08-15,200,ok,Euesperides. Pleiades. https://pleiades.stoa.org/places/373786 (accessed 2026-08-15).,Pleiades record modified 2024-05-13T14:00:50Z
src-pleiades-373879,https://pleiades.stoa.org/places/373879,Ptolemais/Barkes Limen,Pleiades,scholarly_gazetteer,en,CC BY 3.0,2026-08-15,200,ok,Ptolemais/Barkes Limen. Pleiades. https://pleiades.stoa.org/places/373879 (accessed 2026-08-15).,Pleiades record modified 2024-10-21T02:04:10Z
src-pleiades-376215160,https://pleiades.stoa.org/places/376215160,Hekateion,Pleiades,scholarly_gazetteer,en,CC BY 3.0,2026-08-15,200,ok,Hekateion. Pleiades. https://pleiades.stoa.org/places/376215160 (accessed 2026-08-15).,Pleiades record modified 2020-11-24T21:11:43Z
src-pleiades-413014,https://pleiades.stoa.org/places/413014,Ancon(a),Pleiades,scholarly_gazetteer,en,CC BY 3.0,2026-08-15,200,ok,Ancon(a). Pleiades. https://pleiades.stoa.org/places/413014 (accessed 2026-08-15).,Pleiades record modified 2026-07-01T13:03:39Z
src-pleiades-414067217,https://pleiades.stoa.org/places/414067217,Temple of Athena Lindia,Pleiades,scholarly_gazetteer,en,CC BY 3.0,2026-08-15,200,ok,Temple of Athena Lindia. Pleiades. https://pleiades.stoa.org/places/414067217 (accessed 2026-08-15).,Pleiades record modified 2026-03-09T20:03:45Z
src-pleiades-418729933,https://pleiades.stoa.org/places/418729933,Temple of Apollo at Syracuse,Pleiades,scholarly_gazetteer,en,CC BY 3.0,2026-08-15,200,ok,Temple of Apollo at Syracuse. Pleiades. https://pleiades.stoa.org/places/418729933 (accessed 2026-08-15).,Pleiades record modified 2020-10-25T04:26:23Z
src-pleiades-432808,https://pleiades.stoa.org/places/432808,Cumae/Kyme (Campanian),Pleiades,scholarly_gazetteer,en,CC BY 3.0,2026-08-15,200,ok,Cumae/Kyme (Campanian). Pleiades. https://pleiades.stoa.org/places/432808 (accessed 2026-08-15).,Pleiades record modified 2024-07-09T13:36:21Z
src-pleiades-433014,https://pleiades.stoa.org/places/433014,Parthenope/Neapolis,Pleiades,scholarly_gazetteer,en,CC BY 3.0,2026-08-15,200,ok,Parthenope/Neapolis. Pleiades. https://pleiades.stoa.org/places/433014 (accessed 2026-08-15).,Pleiades record modified 2026-06-04T15:35:37Z
src-pleiades-442610,https://pleiades.stoa.org/places/442610,Temple of Hera at Foce del Sele,Pleiades,scholarly_gazetteer,en,CC BY 3.0,2026-08-15,200,ok,Temple of Hera at Foce del Sele. Pleiades. https://pleiades.stoa.org/places/442610 (accessed 2026-08-15).,Pleiades record modified 2026-03-08T17:41:06Z
src-pleiades-442611,https://pleiades.stoa.org/places/442611,Hera temple,Pleiades,scholarly_gazetteer,en,CC BY 3.0,2026-08-15,200,ok,Hera temple. Pleiades. https://pleiades.stoa.org/places/442611 (accessed 2026-08-15).,Pleiades record modified 2025-07-11T11:53:04Z
src-pleiades-442658,https://pleiades.stoa.org/places/442658,Metapontum,Pleiades,scholarly_gazetteer,en,CC BY 3.0,2026-08-15,200,ok,Metapontum. Pleiades. https://pleiades.stoa.org/places/442658 (accessed 2026-08-15).,Pleiades record modified 2025-10-02T03:32:17Z
src-pleiades-442733,https://pleiades.stoa.org/places/442733,Poseidonia/Paestum,Pleiades,scholarly_gazetteer,en,CC BY 3.0,2026-08-15,200,ok,Poseidonia/Paestum. Pleiades. https://pleiades.stoa.org/places/442733 (accessed 2026-08-15).,Pleiades record modified 2026-07-17T14:18:07Z
src-pleiades-442810,https://pleiades.stoa.org/places/442810,Taras/Tarentum/Neptunia,Pleiades,scholarly_gazetteer,en,CC BY 3.0,2026-08-15,200,ok,Taras/Tarentum/Neptunia. Pleiades. https://pleiades.stoa.org/places/442810 (accessed 2026-08-15).,Pleiades record modified 2026-06-21T23:24:52Z
src-pleiades-452317,https://pleiades.stoa.org/places/452317,Croto(n),Pleiades,scholarly_gazetteer,en,CC BY 3.0,2026-08-15,200,ok,Croto(n). Pleiades. https://pleiades.stoa.org/places/452317 (accessed 2026-08-15).,Pleiades record modified 2025-07-12T21:23:36Z
src-pleiades-452332,https://pleiades.stoa.org/places/452332,Temple of Hera Lacinia,Pleiades,scholarly_gazetteer,en,CC BY 3.0,2026-08-15,200,ok,Temple of Hera Lacinia. Pleiades. https://pleiades.stoa.org/places/452332 (accessed 2026-08-15).,Pleiades record modified 2025-11-01T08:24:33Z
src-pleiades-452369,https://pleiades.stoa.org/places/452369,Lokroi Epizephyrioi,Pleiades,scholarly_gazetteer,en,CC BY 3.0,2026-08-15,200,ok,Lokroi Epizephyrioi. Pleiades. https://pleiades.stoa.org/places/452369 (accessed 2026-08-15).,Pleiades record modified 2026-05-31T14:52:55Z
src-pleiades-452416,https://pleiades.stoa.org/places/452416,Rhegion/Regium,Pleiades,scholarly_gazetteer,en,CC BY 3.0,2026-08-15,200,ok,Rhegion/Regium. Pleiades. https://pleiades.stoa.org/places/452416 (accessed 2026-08-15).,Pleiades record modified 2025-05-14T16:42:53Z
src-pleiades-452457,https://pleiades.stoa.org/places/452457,Sybaris/Thurii/Copia,Pleiades,scholarly_gazetteer,en,CC BY 3.0,2026-08-15,200,ok,Sybaris/Thurii/Copia. Pleiades. https://pleiades.stoa.org/places/452457 (accessed 2026-08-15).,Pleiades record modified 2025-06-24T23:07:21Z
src-pleiades-452488,https://pleiades.stoa.org/places/452488,Velia/Elea,Pleiades,scholarly_gazetteer,en,CC BY 3.0,2026-08-15,200,ok,Velia/Elea. Pleiades. https://pleiades.stoa.org/places/452488 (accessed 2026-08-15).,Pleiades record modified 2025-07-31T00:50:03Z
src-pleiades-462086,https://pleiades.stoa.org/places/462086,Akragas/Agrigentum,Pleiades,scholarly_gazetteer,en,CC BY 3.0,2026-08-15,200,ok,Akragas/Agrigentum. Pleiades. https://pleiades.stoa.org/places/462086 (accessed 2026-08-15).,Pleiades record modified 2026-04-06T18:19:00Z
src-pleiades-462214,https://pleiades.stoa.org/places/462214,Gela,Pleiades,scholarly_gazetteer,en,CC BY 3.0,2026-08-15,200,ok,Gela. Pleiades. https://pleiades.stoa.org/places/462214 (accessed 2026-08-15).,Pleiades record modified 2024-07-11T19:05:00Z
src-pleiades-462244,https://pleiades.stoa.org/places/462244,Himera,Pleiades,scholarly_gazetteer,en,CC BY 3.0,2026-08-15,200,ok,Himera. Pleiades. https://pleiades.stoa.org/places/462244 (accessed 2026-08-15).,Pleiades record modified 2026-01-15T19:42:37Z
src-pleiades-462270,https://pleiades.stoa.org/places/462270,Katane/Catina,Pleiades,scholarly_gazetteer,en,CC BY 3.0,2026-08-15,200,ok,Katane/Catina. Pleiades. https://pleiades.stoa.org/places/462270 (accessed 2026-08-15).,Pleiades record modified 2025-04-30T17:25:38Z
src-pleiades-462279,https://pleiades.stoa.org/places/462279,Leontini,Pleiades,scholarly_gazetteer,en,CC BY 3.0,2026-08-15,200,ok,Leontini. Pleiades. https://pleiades.stoa.org/places/462279 (accessed 2026-08-15).,Pleiades record modified 2026-05-11T01:03:41Z
src-pleiades-462307,https://pleiades.stoa.org/places/462307,Megara Hyblaia,Pleiades,scholarly_gazetteer,en,CC BY 3.0,2026-08-15,200,ok,Megara Hyblaia. Pleiades. https://pleiades.stoa.org/places/462307 (accessed 2026-08-15).,Pleiades record modified 2025-07-12T17:23:47Z
src-pleiades-462386,https://pleiades.stoa.org/places/462386,Naxos (settlement),Pleiades,scholarly_gazetteer,en,CC BY 3.0,2026-08-15,200,ok,Naxos (settlement). Pleiades. https://pleiades.stoa.org/places/462386 (accessed 2026-08-15).,Pleiades record modified 2024-07-09T18:38:46Z
src-pleiades-462489,https://pleiades.stoa.org/places/462489,Selinus,Pleiades,scholarly_gazetteer,en,CC BY 3.0,2026-08-15,200,ok,Selinus. Pleiades. https://pleiades.stoa.org/places/462489 (accessed 2026-08-15).,Pleiades record modified 2026-03-09T14:15:50Z
src-pleiades-462503,https://pleiades.stoa.org/places/462503,Syracusae/Syrakousai,Pleiades,scholarly_gazetteer,en,CC BY 3.0,2026-08-15,200,ok,Syracusae/Syrakousai. Pleiades. https://pleiades.stoa.org/places/462503 (accessed 2026-08-15).,Pleiades record modified 2026-05-11T14:30:51Z
src-pleiades-462538,https://pleiades.stoa.org/places/462538,Zancle/Messana,Pleiades,scholarly_gazetteer,en,CC BY 3.0,2026-08-15,200,ok,Zancle/Messana. Pleiades. https://pleiades.stoa.org/places/462538 (accessed 2026-08-15).,Pleiades record modified 2026-06-05T01:03:52Z
src-pleiades-464482220,https://pleiades.stoa.org/places/464482220,Sanctuary of Apollo at Cyrene,Pleiades,scholarly_gazetteer,en,CC BY 3.0,2026-08-15,200,ok,Sanctuary of Apollo at Cyrene. Pleiades. https://pleiades.stoa.org/places/464482220 (accessed 2026-08-15).,Pleiades record modified 2019-02-02T02:58:52Z
src-pleiades-481728,https://pleiades.stoa.org/places/481728,Apollonia,Pleiades,scholarly_gazetteer,en,CC BY 3.0,2026-08-15,200,ok,Apollonia. Pleiades. https://pleiades.stoa.org/places/481728 (accessed 2026-08-15).,Pleiades record modified 2026-07-30T17:38:53Z
src-pleiades-481818,https://pleiades.stoa.org/places/481818,Dyrr(h)achium/Epidamnos,Pleiades,scholarly_gazetteer,en,CC BY 3.0,2026-08-15,200,ok,Dyrr(h)achium/Epidamnos. Pleiades. https://pleiades.stoa.org/places/481818 (accessed 2026-08-15).,Pleiades record modified 2024-11-30T02:25:47Z
src-pleiades-491512,https://pleiades.stoa.org/places/491512,Aigeai,Pleiades,scholarly_gazetteer,en,CC BY 3.0,2026-08-15,200,ok,Aigeai. Pleiades. https://pleiades.stoa.org/places/491512 (accessed 2026-08-15).,Pleiades record modified 2026-03-06T21:45:02Z
src-pleiades-491572,https://pleiades.stoa.org/places/491572,Dion,Pleiades,scholarly_gazetteer,en,CC BY 3.0,2026-08-15,500,unavailable,Dion. Pleiades. https://pleiades.stoa.org/places/491572 (accessed 2026-08-15).,Pleiades record modified 2024-09-12T21:17:21Z; URL check: HTTP 500
src-pleiades-491678,https://pleiades.stoa.org/places/491678,Olynthos,Pleiades,scholarly_gazetteer,en,CC BY 3.0,2026-08-15,200,ok,Olynthos. Pleiades. https://pleiades.stoa.org/places/491678 (accessed 2026-08-15).,Pleiades record modified 2025-09-14T15:41:27Z
src-pleiades-491687,https://pleiades.stoa.org/places/491687,Pella/Diokletianoupolis,Pleiades,scholarly_gazetteer,en,CC BY 3.0,2026-08-15,200,ok,Pella/Diokletianoupolis. Pleiades. https://pleiades.stoa.org/places/491687 (accessed 2026-08-15).,Pleiades record modified 2024-10-30T20:42:12Z
src-pleiades-491703,https://pleiades.stoa.org/places/491703,Pydna,Pleiades,scholarly_gazetteer,en,CC BY 3.0,2026-08-15,200,ok,Pydna. Pleiades. https://pleiades.stoa.org/places/491703 (accessed 2026-08-15).,Pleiades record modified 2025-04-30T17:41:40Z
src-pleiades-491741,https://pleiades.stoa.org/places/491741,Thessalonica,Pleiades,scholarly_gazetteer,en,CC BY 3.0,2026-08-15,200,ok,Thessalonica. Pleiades. https://pleiades.stoa.org/places/491741 (accessed 2026-08-15).,Pleiades record modified 2025-11-27T14:50:56Z
src-pleiades-501325,https://pleiades.stoa.org/places/501325,Abydos,Pleiades,scholarly_gazetteer,en,CC BY 3.0,2026-08-15,200,ok,Abydos. Pleiades. https://pleiades.stoa.org/places/501325 (accessed 2026-08-15).,Pleiades record modified 2025-03-15T16:00:55Z
src-pleiades-501347,https://pleiades.stoa.org/places/501347,Amphipolis,Pleiades,scholarly_gazetteer,en,CC BY 3.0,2026-08-15,200,ok,Amphipolis. Pleiades. https://pleiades.stoa.org/places/501347 (accessed 2026-08-15).,Pleiades record modified 2026-03-08T03:10:29Z
src-pleiades-501458,https://pleiades.stoa.org/places/501458,Kardia/Lysimacheia,Pleiades,scholarly_gazetteer,en,CC BY 3.0,2026-08-15,200,ok,Kardia/Lysimacheia. Pleiades. https://pleiades.stoa.org/places/501458 (accessed 2026-08-15).,Pleiades record modified 2025-11-04T19:55:44Z
src-pleiades-501482,https://pleiades.stoa.org/places/501482,Krenides/Philippi/Col. Augusta Iulia Philippensis,Pleiades,scholarly_gazetteer,en,CC BY 3.0,2026-08-15,200,ok,Krenides/Philippi/Col. Augusta Iulia Philippensis. Pleiades. https://pleiades.stoa.org/places/501482 (accessed 2026-08-15).,Pleiades record modified 2026-03-04T19:08:15Z
src-pleiades-501511,https://pleiades.stoa.org/places/501511,"Megaloi Theoi (sanctuary, Samothrace)",Pleiades,scholarly_gazetteer,en,CC BY 3.0,2026-08-15,200,ok,"Megaloi Theoi (sanctuary, Samothrace). Pleiades. https://pleiades.stoa.org/places/501511 (accessed 2026-08-15).",Pleiades record modified 2023-12-18T22:56:11Z
src-pleiades-501570,https://pleiades.stoa.org/places/501570,Pityoussa/Lampsacus,Pleiades,scholarly_gazetteer,en,CC BY 3.0,2026-08-15,200,ok,Pityoussa/Lampsacus. Pleiades. https://pleiades.stoa.org/places/501570 (accessed 2026-08-15).,Pleiades record modified 2024-05-24T14:24:23Z
src-pleiades-502577471,https://pleiades.stoa.org/places/502577471,"Temple of Demeter at the Sanctuary of Demeter Malophoros, Selinus",Pleiades,scholarly_gazetteer,en,CC BY 3.0,2026-08-15,200,ok,"Temple of Demeter at the Sanctuary of Demeter Malophoros, Selinus. Pleiades. https://pleiades.stoa.org/places/502577471 (accessed 2026-08-15).",Pleiades record modified 2026-08-08T18:17:49Z
src-pleiades-511218,https://pleiades.stoa.org/places/511218,Cyzicus,Pleiades,scholarly_gazetteer,en,CC BY 3.0,2026-08-15,200,ok,Cyzicus. Pleiades. https://pleiades.stoa.org/places/511218 (accessed 2026-08-15).,Pleiades record modified 2024-10-16T20:23:33Z
src-pleiades-513711610,https://pleiades.stoa.org/places/513711610,Temple of Athena Pronaia,Pleiades,scholarly_gazetteer,en,CC BY 3.0,2026-08-15,200,ok,Temple of Athena Pronaia. Pleiades. https://pleiades.stoa.org/places/513711610 (accessed 2026-08-15).,Pleiades record modified 2026-05-19T14:49:33Z
src-pleiades-520985,https://pleiades.stoa.org/places/520985,Byzantium,Pleiades,scholarly_gazetteer,en,CC BY 3.0,2026-08-15,200,ok,Byzantium. Pleiades. https://pleiades.stoa.org/places/520985 (accessed 2026-08-15).,Pleiades record modified 2025-10-29T14:08:36Z
src-pleiades-520988,https://pleiades.stoa.org/places/520988,Chalcedon,Pleiades,scholarly_gazetteer,en,CC BY 3.0,2026-08-15,200,ok,Chalcedon. Pleiades. https://pleiades.stoa.org/places/520988 (accessed 2026-08-15).,Pleiades record modified 2024-07-02T15:40:54Z
src-pleiades-530794,https://pleiades.stoa.org/places/530794,Ambracia,Pleiades,scholarly_gazetteer,en,CC BY 3.0,2026-08-15,200,ok,Ambracia. Pleiades. https://pleiades.stoa.org/places/530794 (accessed 2026-08-15).,Pleiades record modified 2026-03-07T22:05:50Z
src-pleiades-530834,https://pleiades.stoa.org/places/530834,Corcyra (settlement),Pleiades,scholarly_gazetteer,en,CC BY 3.0,2026-08-15,200,ok,Corcyra (settlement). Pleiades. https://pleiades.stoa.org/places/530834 (accessed 2026-08-15).,Pleiades record modified 2026-05-23T01:51:08Z
src-pleiades-530843,https://pleiades.stoa.org/places/530843,Dodona (Epirus),Pleiades,scholarly_gazetteer,en,CC BY 3.0,2026-08-15,200,ok,Dodona (Epirus). Pleiades. https://pleiades.stoa.org/places/530843 (accessed 2026-08-15).,Pleiades record modified 2022-06-07T22:53:33Z
src-pleiades-540628,https://pleiades.stoa.org/places/540628,Amphiareion,Pleiades,scholarly_gazetteer,en,CC BY 3.0,2026-08-15,200,ok,Amphiareion. Pleiades. https://pleiades.stoa.org/places/540628 (accessed 2026-08-15).,Pleiades record modified 2025-10-24T02:32:52Z
src-pleiades-540703,https://pleiades.stoa.org/places/540703,Chalcis,Pleiades,scholarly_gazetteer,en,CC BY 3.0,2026-08-15,200,ok,Chalcis. Pleiades. https://pleiades.stoa.org/places/540703 (accessed 2026-08-15).,Pleiades record modified 2024-02-25T02:21:56Z
src-pleiades-540726,https://pleiades.stoa.org/places/540726,Delphi,Pleiades,scholarly_gazetteer,en,CC BY 3.0,2026-08-15,200,ok,Delphi. Pleiades. https://pleiades.stoa.org/places/540726 (accessed 2026-08-15).,Pleiades record modified 2026-05-19T14:12:07Z
src-pleiades-540730,https://pleiades.stoa.org/places/540730,Demetrias (Magnesian),Pleiades,scholarly_gazetteer,en,CC BY 3.0,2026-08-15,200,ok,Demetrias (Magnesian). Pleiades. https://pleiades.stoa.org/places/540730 (accessed 2026-08-15).,Pleiades record modified 2026-07-29T16:01:21Z
src-pleiades-540905,https://pleiades.stoa.org/places/540905,Larissa,Pleiades,scholarly_gazetteer,en,CC BY 3.0,2026-08-15,200,ok,Larissa. Pleiades. https://pleiades.stoa.org/places/540905 (accessed 2026-08-15).,Pleiades record modified 2026-01-08T04:53:46Z
src-pleiades-541044,https://pleiades.stoa.org/places/541044,Pherai,Pleiades,scholarly_gazetteer,en,CC BY 3.0,2026-08-15,200,ok,Pherai. Pleiades. https://pleiades.stoa.org/places/541044 (accessed 2026-08-15).,Pleiades record modified 2025-04-27T02:30:46Z
src-pleiades-541138,https://pleiades.stoa.org/places/541138,Thebai/Thebae,Pleiades,scholarly_gazetteer,en,CC BY 3.0,2026-08-15,200,ok,Thebai/Thebae. Pleiades. https://pleiades.stoa.org/places/541138 (accessed 2026-08-15).,Pleiades record modified 2026-03-27T19:58:04Z
src-pleiades-550459,https://pleiades.stoa.org/places/550459,Asklepieion,Pleiades,scholarly_gazetteer,en,CC BY 3.0,2026-08-15,200,ok,Asklepieion. Pleiades. https://pleiades.stoa.org/places/550459 (accessed 2026-08-15).,Pleiades record modified 2025-10-31T14:25:04Z
src-pleiades-550463,https://pleiades.stoa.org/places/550463,Assos/Apollonia,Pleiades,scholarly_gazetteer,en,CC BY 3.0,2026-08-15,200,ok,Assos/Apollonia. Pleiades. https://pleiades.stoa.org/places/550463 (accessed 2026-08-15).,Pleiades record modified 2023-04-05T18:39:24Z
src-pleiades-550496,https://pleiades.stoa.org/places/550496,Chios (settlement),Pleiades,scholarly_gazetteer,en,CC BY 3.0,2026-08-15,200,ok,Chios (settlement). Pleiades. https://pleiades.stoa.org/places/550496 (accessed 2026-08-15).,Pleiades record modified 2023-08-29T14:40:52Z
src-pleiades-550506,https://pleiades.stoa.org/places/550506,Cyme,Pleiades,scholarly_gazetteer,en,CC BY 3.0,2026-08-15,200,ok,Cyme. Pleiades. https://pleiades.stoa.org/places/550506 (accessed 2026-08-15).,Pleiades record modified 2023-04-11T22:06:35Z
src-pleiades-550535,https://pleiades.stoa.org/places/550535,Erythrai,Pleiades,scholarly_gazetteer,en,CC BY 3.0,2026-08-15,200,ok,Erythrai. Pleiades. https://pleiades.stoa.org/places/550535 (accessed 2026-08-15).,Pleiades record modified 2024-10-02T19:23:44Z
src-pleiades-550604,https://pleiades.stoa.org/places/550604,Kabeireion,Pleiades,scholarly_gazetteer,en,CC BY 3.0,2026-08-15,200,ok,Kabeireion. Pleiades. https://pleiades.stoa.org/places/550604 (accessed 2026-08-15).,Pleiades record modified 2023-05-22T16:01:24Z
src-pleiades-550651,https://pleiades.stoa.org/places/550651,Klazomenai (later),Pleiades,scholarly_gazetteer,en,CC BY 3.0,2026-08-15,200,ok,Klazomenai (later). Pleiades. https://pleiades.stoa.org/places/550651 (accessed 2026-08-15).,Pleiades record modified 2023-08-29T15:49:37Z
src-pleiades-550756,https://pleiades.stoa.org/places/550756,Myrina/Sebastopolis,Pleiades,scholarly_gazetteer,en,CC BY 3.0,2026-08-15,200,ok,Myrina/Sebastopolis. Pleiades. https://pleiades.stoa.org/places/550756 (accessed 2026-08-15).,Pleiades record modified 2025-10-09T03:32:18Z
src-pleiades-550763,https://pleiades.stoa.org/places/550763,Mytilene,Pleiades,scholarly_gazetteer,en,CC BY 3.0,2026-08-15,200,ok,Mytilene. Pleiades. https://pleiades.stoa.org/places/550763 (accessed 2026-08-15).,Pleiades record modified 2026-01-08T19:01:02Z
src-pleiades-550812,https://pleiades.stoa.org/places/550812,Pergamum,Pleiades,scholarly_gazetteer,en,CC BY 3.0,2026-08-15,200,ok,Pergamum. Pleiades. https://pleiades.stoa.org/places/550812 (accessed 2026-08-15).,Pleiades record modified 2026-05-06T21:49:05Z
src-pleiades-550823,https://pleiades.stoa.org/places/550823,Phocaea,Pleiades,scholarly_gazetteer,en,CC BY 3.0,2026-08-15,200,ok,Phocaea. Pleiades. https://pleiades.stoa.org/places/550823 (accessed 2026-08-15).,Pleiades record modified 2023-09-12T23:45:16Z
src-pleiades-550892,https://pleiades.stoa.org/places/550892,Smintheion,Pleiades,scholarly_gazetteer,en,CC BY 3.0,2026-08-15,200,ok,Smintheion. Pleiades. https://pleiades.stoa.org/places/550892 (accessed 2026-08-15).,Pleiades record modified 2026-04-07T03:24:14Z
src-pleiades-550893,https://pleiades.stoa.org/places/550893,Smyrna/Eurydikeia,Pleiades,scholarly_gazetteer,en,CC BY 3.0,2026-08-15,200,ok,Smyrna/Eurydikeia. Pleiades. https://pleiades.stoa.org/places/550893 (accessed 2026-08-15).,Pleiades record modified 2024-09-06T21:55:36Z
src-pleiades-550913,https://pleiades.stoa.org/places/550913,Teos,Pleiades,scholarly_gazetteer,en,CC BY 3.0,2026-08-15,200,ok,Teos. Pleiades. https://pleiades.stoa.org/places/550913 (accessed 2026-08-15).,Pleiades record modified 2024-09-21T00:57:25Z
src-pleiades-559217802,https://pleiades.stoa.org/places/559217802,Iuktas,Pleiades,scholarly_gazetteer,en,CC BY 3.0,2026-08-15,200,ok,Iuktas. Pleiades. https://pleiades.stoa.org/places/559217802 (accessed 2026-08-15).,Pleiades record modified 2025-11-12T12:49:31Z
src-pleiades-570106,https://pleiades.stoa.org/places/570106,Argos,Pleiades,scholarly_gazetteer,en,CC BY 3.0,2026-08-15,200,ok,Argos. Pleiades. https://pleiades.stoa.org/places/570106 (accessed 2026-08-15).,Pleiades record modified 2026-05-12T21:03:39Z
src-pleiades-570127,https://pleiades.stoa.org/places/570127,Sanctuary of Asklepios at Epidauros,Pleiades,scholarly_gazetteer,en,CC BY 3.0,2026-08-15,200,ok,Sanctuary of Asklepios at Epidauros. Pleiades. https://pleiades.stoa.org/places/570127 (accessed 2026-08-15).,Pleiades record modified 2026-06-29T17:57:04Z
src-pleiades-570148,https://pleiades.stoa.org/places/570148,Bassai,Pleiades,scholarly_gazetteer,en,CC BY 3.0,2026-08-15,200,ok,Bassai. Pleiades. https://pleiades.stoa.org/places/570148 (accessed 2026-08-15).,Pleiades record modified 2026-08-08T18:04:32Z
src-pleiades-570182,https://pleiades.stoa.org/places/570182,Corinthus/Korinthos,Pleiades,scholarly_gazetteer,en,CC BY 3.0,2026-08-15,200,ok,Corinthus/Korinthos. Pleiades. https://pleiades.stoa.org/places/570182 (accessed 2026-08-15).,Pleiades record modified 2026-02-09T03:04:08Z
src-pleiades-570228,https://pleiades.stoa.org/places/570228,Epidauros,Pleiades,scholarly_gazetteer,en,CC BY 3.0,2026-08-15,200,ok,Epidauros. Pleiades. https://pleiades.stoa.org/places/570228 (accessed 2026-08-15).,Pleiades record modified 2024-06-01T16:22:42Z
src-pleiades-570288,https://pleiades.stoa.org/places/570288,Heraion,Pleiades,scholarly_gazetteer,en,CC BY 3.0,2026-08-15,200,ok,Heraion. Pleiades. https://pleiades.stoa.org/places/570288 (accessed 2026-08-15).,Pleiades record modified 2025-12-28T19:26:18Z
src-pleiades-570289,https://pleiades.stoa.org/places/570289,Heraion (Argolis),Pleiades,scholarly_gazetteer,en,CC BY 3.0,2026-08-15,200,ok,Heraion (Argolis). Pleiades. https://pleiades.stoa.org/places/570289 (accessed 2026-08-15).,Pleiades record modified 2026-03-08T17:46:25Z
src-pleiades-570316,https://pleiades.stoa.org/places/570316,Isthmia,Pleiades,scholarly_gazetteer,en,CC BY 3.0,2026-08-15,200,ok,Isthmia. Pleiades. https://pleiades.stoa.org/places/570316 (accessed 2026-08-15).,Pleiades record modified 2026-07-06T17:22:39Z
src-pleiades-570459,https://pleiades.stoa.org/places/570459,Mantineia/Antigoneia,Pleiades,scholarly_gazetteer,en,CC BY 3.0,2026-08-15,200,ok,Mantineia/Antigoneia. Pleiades. https://pleiades.stoa.org/places/570459 (accessed 2026-08-15).,Pleiades record modified 2024-02-05T16:49:39Z
src-pleiades-570467,https://pleiades.stoa.org/places/570467,Megalopolis,Pleiades,scholarly_gazetteer,en,CC BY 3.0,2026-08-15,200,ok,Megalopolis. Pleiades. https://pleiades.stoa.org/places/570467 (accessed 2026-08-15).,Pleiades record modified 2026-07-24T13:05:11Z
src-pleiades-570468,https://pleiades.stoa.org/places/570468,Megara,Pleiades,scholarly_gazetteer,en,CC BY 3.0,2026-08-15,200,ok,Megara. Pleiades. https://pleiades.stoa.org/places/570468 (accessed 2026-08-15).,Pleiades record modified 2025-07-06T13:39:36Z
src-pleiades-570477,https://pleiades.stoa.org/places/570477,Menelaion,Pleiades,scholarly_gazetteer,en,CC BY 3.0,2026-08-15,200,ok,Menelaion. Pleiades. https://pleiades.stoa.org/places/570477 (accessed 2026-08-15).,Pleiades record modified 2024-03-23T15:18:48Z
src-pleiades-570479,https://pleiades.stoa.org/places/570479,Messene,Pleiades,scholarly_gazetteer,en,CC BY 3.0,2026-08-15,200,ok,Messene. Pleiades. https://pleiades.stoa.org/places/570479 (accessed 2026-08-15).,Pleiades record modified 2026-07-24T14:21:32Z
src-pleiades-570504,https://pleiades.stoa.org/places/570504,Nemea,Pleiades,scholarly_gazetteer,en,CC BY 3.0,2026-08-15,200,ok,Nemea. Pleiades. https://pleiades.stoa.org/places/570504 (accessed 2026-08-15).,Pleiades record modified 2024-06-05T18:52:36Z
src-pleiades-570531,https://pleiades.stoa.org/places/570531,Olympia,Pleiades,scholarly_gazetteer,en,CC BY 3.0,2026-08-15,200,ok,Olympia. Pleiades. https://pleiades.stoa.org/places/570531 (accessed 2026-08-15).,Pleiades record modified 2026-07-19T01:01:51Z
src-pleiades-570567,https://pleiades.stoa.org/places/570567,Patra(e),Pleiades,scholarly_gazetteer,en,CC BY 3.0,2026-08-15,200,ok,Patra(e). Pleiades. https://pleiades.stoa.org/places/570567 (accessed 2026-08-15).,Pleiades record modified 2024-03-22T10:06:47Z
src-pleiades-570668,https://pleiades.stoa.org/places/570668,Sicyon/Demetrias,Pleiades,scholarly_gazetteer,en,CC BY 3.0,2026-08-15,200,ok,Sicyon/Demetrias. Pleiades. https://pleiades.stoa.org/places/570668 (accessed 2026-08-15).,Pleiades record modified 2025-07-15T03:33:20Z
src-pleiades-570685,https://pleiades.stoa.org/places/570685,Sparta,Pleiades,scholarly_gazetteer,en,CC BY 3.0,2026-08-15,200,ok,Sparta. Pleiades. https://pleiades.stoa.org/places/570685 (accessed 2026-08-15).,Pleiades record modified 2026-03-20T21:09:51Z
src-pleiades-570707,https://pleiades.stoa.org/places/570707,Tegea,Pleiades,scholarly_gazetteer,en,CC BY 3.0,2026-08-15,200,ok,Tegea. Pleiades. https://pleiades.stoa.org/places/570707 (accessed 2026-08-15).,Pleiades record modified 2025-08-03T12:43:28Z
src-pleiades-570764,https://pleiades.stoa.org/places/570764,Sanctuary of Zeus Lykaios,Pleiades,scholarly_gazetteer,en,CC BY 3.0,2026-08-15,200,ok,Sanctuary of Zeus Lykaios. Pleiades. https://pleiades.stoa.org/places/570764 (accessed 2026-08-15).,Pleiades record modified 2026-02-20T04:14:37Z
src-pleiades-579853,https://pleiades.stoa.org/places/579853,Aigina (settlement),Pleiades,scholarly_gazetteer,en,CC BY 3.0,2026-08-15,200,ok,Aigina (settlement). Pleiades. https://pleiades.stoa.org/places/579853 (accessed 2026-08-15).,Pleiades record modified 2026-07-01T20:05:27Z
src-pleiades-579872,https://pleiades.stoa.org/places/579872,Temple of Aphaia on Aegina,Pleiades,scholarly_gazetteer,en,CC BY 3.0,2026-08-15,200,ok,Temple of Aphaia on Aegina. Pleiades. https://pleiades.stoa.org/places/579872 (accessed 2026-08-15).,Pleiades record modified 2021-03-07T19:08:45Z
src-pleiades-579879,https://pleiades.stoa.org/places/579879,Brauron/sanctuary of Artemis Brauronia,Pleiades,scholarly_gazetteer,en,CC BY 3.0,2026-08-15,200,ok,Brauron/sanctuary of Artemis Brauronia. Pleiades. https://pleiades.stoa.org/places/579879 (accessed 2026-08-15).,Pleiades record modified 2026-03-08T15:52:09Z
src-pleiades-579885,https://pleiades.stoa.org/places/579885,Athenae,Pleiades,scholarly_gazetteer,en,CC BY 3.0,2026-08-15,200,ok,Athenae. Pleiades. https://pleiades.stoa.org/places/579885 (accessed 2026-08-15).,Pleiades record modified 2026-08-11T13:59:57Z
src-pleiades-579910,https://pleiades.stoa.org/places/579910,Demeter Sanctuary (Eleusis),Pleiades,scholarly_gazetteer,en,CC BY 3.0,2026-08-15,200,ok,Demeter Sanctuary (Eleusis). Pleiades. https://pleiades.stoa.org/places/579910 (accessed 2026-08-15).,Pleiades record modified 2025-10-01T21:14:42Z
src-pleiades-579925,https://pleiades.stoa.org/places/579925,Eretria (Euboea),Pleiades,scholarly_gazetteer,en,CC BY 3.0,2026-08-15,200,ok,Eretria (Euboea). Pleiades. https://pleiades.stoa.org/places/579925 (accessed 2026-08-15).,Pleiades record modified 2026-04-28T20:10:11Z
src-pleiades-580062,https://pleiades.stoa.org/places/580062,Peiraieus/Piraeus,Pleiades,scholarly_gazetteer,en,CC BY 3.0,2026-08-15,200,ok,Peiraieus/Piraeus. Pleiades. https://pleiades.stoa.org/places/580062 (accessed 2026-08-15).,Pleiades record modified 2025-07-06T01:41:00Z
src-pleiades-580086,https://pleiades.stoa.org/places/580086,Temple of Poseidon at Sounion,Pleiades,scholarly_gazetteer,en,CC BY 3.0,2026-08-15,200,ok,Temple of Poseidon at Sounion. Pleiades. https://pleiades.stoa.org/places/580086 (accessed 2026-08-15).,Pleiades record modified 2026-08-08T18:07:12Z
src-pleiades-589796,https://pleiades.stoa.org/places/589796,Gortyn(a),Pleiades,scholarly_gazetteer,en,CC BY 3.0,2026-08-15,200,ok,Gortyn(a). Pleiades. https://pleiades.stoa.org/places/589796 (accessed 2026-08-15).,Pleiades record modified 2025-12-14T20:12:33Z
src-pleiades-589817,https://pleiades.stoa.org/places/589817,Idaion Antron,Pleiades,scholarly_gazetteer,en,CC BY 3.0,2026-08-15,200,ok,Idaion Antron. Pleiades. https://pleiades.stoa.org/places/589817 (accessed 2026-08-15).,Pleiades record modified 2021-06-23T16:22:27Z
src-pleiades-589872,https://pleiades.stoa.org/places/589872,Knosos/Col. Iulia Nobilis Cnosos,Pleiades,scholarly_gazetteer,en,CC BY 3.0,2026-08-15,200,ok,Knosos/Col. Iulia Nobilis Cnosos. Pleiades. https://pleiades.stoa.org/places/589872 (accessed 2026-08-15).,Pleiades record modified 2025-12-14T02:52:58Z
src-pleiades-589913,https://pleiades.stoa.org/places/589913,Lindos,Pleiades,scholarly_gazetteer,en,CC BY 3.0,2026-08-15,200,ok,Lindos. Pleiades. https://pleiades.stoa.org/places/589913 (accessed 2026-08-15).,Pleiades record modified 2023-09-27T16:06:15Z
src-pleiades-590006,https://pleiades.stoa.org/places/590006,Temple of Poseidon and Amphitrite on Tenos,Pleiades,scholarly_gazetteer,en,CC BY 3.0,2026-08-15,200,ok,Temple of Poseidon and Amphitrite on Tenos. Pleiades. https://pleiades.stoa.org/places/590006 (accessed 2026-08-15).,Pleiades record modified 2025-10-14T22:37:27Z
src-pleiades-590030,https://pleiades.stoa.org/places/590030,Rhodos (settlement),Pleiades,scholarly_gazetteer,en,CC BY 3.0,2026-08-15,200,ok,Rhodos (settlement). Pleiades. https://pleiades.stoa.org/places/590030 (accessed 2026-08-15).,Pleiades record modified 2025-06-04T07:05:14Z
src-pleiades-590099,https://pleiades.stoa.org/places/590099,Zeus Atabyrios (temple),Pleiades,scholarly_gazetteer,en,CC BY 3.0,2026-08-15,200,ok,Zeus Atabyrios (temple). Pleiades. https://pleiades.stoa.org/places/590099 (accessed 2026-08-15).,Pleiades record modified 2024-12-03T15:31:47Z
src-pleiades-599506,https://pleiades.stoa.org/places/599506,Sanctuary of Apollo on Delos,Pleiades,scholarly_gazetteer,en,CC BY 3.0,2026-08-15,200,ok,Sanctuary of Apollo on Delos. Pleiades. https://pleiades.stoa.org/places/599506 (accessed 2026-08-15).,Pleiades record modified 2024-11-13T16:41:45Z
src-pleiades-599528,https://pleiades.stoa.org/places/599528,Asklepieion (Kos),Pleiades,scholarly_gazetteer,en,CC BY 3.0,2026-08-15,200,ok,Asklepieion (Kos). Pleiades. https://pleiades.stoa.org/places/599528 (accessed 2026-08-15).,Pleiades record modified 2024-10-15T20:30:12Z
src-pleiades-599575,https://pleiades.stoa.org/places/599575,Cnidus (Tekir),Pleiades,scholarly_gazetteer,en,CC BY 3.0,2026-08-15,200,ok,Cnidus (Tekir). Pleiades. https://pleiades.stoa.org/places/599575 (accessed 2026-08-15).,Pleiades record modified 2025-10-11T00:19:01Z
src-pleiades-599577,https://pleiades.stoa.org/places/599577,Colophon,Pleiades,scholarly_gazetteer,en,CC BY 3.0,2026-08-15,200,ok,Colophon. Pleiades. https://pleiades.stoa.org/places/599577 (accessed 2026-08-15).,Pleiades record modified 2025-10-29T00:01:57Z
src-pleiades-599593,https://pleiades.stoa.org/places/599593,Didyma/Branchidai/Ioustinianopolis,Pleiades,scholarly_gazetteer,en,CC BY 3.0,2026-08-15,200,ok,Didyma/Branchidai/Ioustinianopolis. Pleiades. https://pleiades.stoa.org/places/599593 (accessed 2026-08-15).,Pleiades record modified 2026-03-08T17:24:17Z
src-pleiades-599612,https://pleiades.stoa.org/places/599612,Ephesus/Arsinoe(ia),Pleiades,scholarly_gazetteer,en,CC BY 3.0,2026-08-15,200,ok,Ephesus/Arsinoe(ia). Pleiades. https://pleiades.stoa.org/places/599612 (accessed 2026-08-15).,Pleiades record modified 2026-06-09T20:41:22Z
src-pleiades-599631,https://pleiades.stoa.org/places/599631,Gyroulas,Pleiades,scholarly_gazetteer,en,CC BY 3.0,2026-08-15,200,ok,Gyroulas. Pleiades. https://pleiades.stoa.org/places/599631 (accessed 2026-08-15).,Pleiades record modified 2020-07-16T16:02:46Z
src-pleiades-599636,https://pleiades.stoa.org/places/599636,Halicarnassus/Halikarnassos,Pleiades,scholarly_gazetteer,en,CC BY 3.0,2026-08-15,200,ok,Halicarnassus/Halikarnassos. Pleiades. https://pleiades.stoa.org/places/599636 (accessed 2026-08-15).,Pleiades record modified 2026-01-19T19:25:49Z
src-pleiades-599641,https://pleiades.stoa.org/places/599641,Heraion,Pleiades,scholarly_gazetteer,en,CC BY 3.0,2026-08-15,200,ok,Heraion. Pleiades. https://pleiades.stoa.org/places/599641 (accessed 2026-08-15).,Pleiades record modified 2023-11-16T19:50:58Z
src-pleiades-599661,https://pleiades.stoa.org/places/599661,Hyria (Naxos),Pleiades,scholarly_gazetteer,en,CC BY 3.0,2026-08-15,200,ok,Hyria (Naxos). Pleiades. https://pleiades.stoa.org/places/599661 (accessed 2026-08-15).,Pleiades record modified 2025-02-03T22:21:07Z
src-pleiades-599664,https://pleiades.stoa.org/places/599664,Iasos,Pleiades,scholarly_gazetteer,en,CC BY 3.0,2026-08-15,200,ok,Iasos. Pleiades. https://pleiades.stoa.org/places/599664 (accessed 2026-08-15).,Pleiades record modified 2026-03-17T20:26:32Z
src-pleiades-599719,https://pleiades.stoa.org/places/599719,Klaros,Pleiades,scholarly_gazetteer,en,CC BY 3.0,2026-08-15,200,ok,Klaros. Pleiades. https://pleiades.stoa.org/places/599719 (accessed 2026-08-15).,Pleiades record modified 2024-05-24T14:51:10Z
src-pleiades-599728,https://pleiades.stoa.org/places/599728,Kos (settlement),Pleiades,scholarly_gazetteer,en,CC BY 3.0,2026-08-15,200,ok,Kos (settlement). Pleiades. https://pleiades.stoa.org/places/599728 (accessed 2026-08-15).,Pleiades record modified 2023-09-18T22:18:07Z
src-pleiades-599745,https://pleiades.stoa.org/places/599745,Labraunda,Pleiades,scholarly_gazetteer,en,CC BY 3.0,2026-08-15,200,ok,Labraunda. Pleiades. https://pleiades.stoa.org/places/599745 (accessed 2026-08-15).,Pleiades record modified 2024-05-06T03:16:26Z
src-pleiades-599778,https://pleiades.stoa.org/places/599778,Magnesia ad Maeandrum/Leukophrys,Pleiades,scholarly_gazetteer,en,CC BY 3.0,2026-08-15,200,ok,Magnesia ad Maeandrum/Leukophrys. Pleiades. https://pleiades.stoa.org/places/599778 (accessed 2026-08-15).,Pleiades record modified 2025-10-29T00:20:45Z
src-pleiades-599799,https://pleiades.stoa.org/places/599799,Miletus,Pleiades,scholarly_gazetteer,en,CC BY 3.0,2026-08-15,200,ok,Miletus. Pleiades. https://pleiades.stoa.org/places/599799 (accessed 2026-08-15).,Pleiades record modified 2026-01-23T04:23:23Z
src-pleiades-599821,https://pleiades.stoa.org/places/599821,Naxos (settlement),Pleiades,scholarly_gazetteer,en,CC BY 3.0,2026-08-15,200,ok,Naxos (settlement). Pleiades. https://pleiades.stoa.org/places/599821 (accessed 2026-08-15).,Pleiades record modified 2024-09-04T20:35:51Z
src-pleiades-599855,https://pleiades.stoa.org/places/599855,Panionion,Pleiades,scholarly_gazetteer,en,CC BY 3.0,2026-08-15,200,ok,Panionion. Pleiades. https://pleiades.stoa.org/places/599855 (accessed 2026-08-15).,Pleiades record modified 2024-03-09T00:12:20Z
src-pleiades-599905,https://pleiades.stoa.org/places/599905,Priene/‘Lince’?,Pleiades,scholarly_gazetteer,en,CC BY 3.0,2026-08-15,200,ok,Priene/‘Lince’?. Pleiades. https://pleiades.stoa.org/places/599905 (accessed 2026-08-15).,Pleiades record modified 2026-01-23T03:50:13Z
src-pleiades-599925,https://pleiades.stoa.org/places/599925,Samos (settlement),Pleiades,scholarly_gazetteer,en,CC BY 3.0,2026-08-15,200,ok,Samos (settlement). Pleiades. https://pleiades.stoa.org/places/599925 (accessed 2026-08-15).,Pleiades record modified 2025-02-03T01:51:15Z
src-pleiades-599971,https://pleiades.stoa.org/places/599971,Thera,Pleiades,scholarly_gazetteer,en,CC BY 3.0,2026-08-15,200,ok,Thera. Pleiades. https://pleiades.stoa.org/places/599971 (accessed 2026-08-15).,Pleiades record modified 2023-12-06T23:38:10Z
src-pleiades-638356144,https://pleiades.stoa.org/places/638356144,Acropolis of Athens,Pleiades,scholarly_gazetteer,en,CC BY 3.0,2026-08-15,200,ok,Acropolis of Athens. Pleiades. https://pleiades.stoa.org/places/638356144 (accessed 2026-08-15).,Pleiades record modified 2025-03-31T20:30:36Z
src-pleiades-638958,https://pleiades.stoa.org/places/638958,Letoon,Pleiades,scholarly_gazetteer,en,CC BY 3.0,2026-08-15,200,ok,Letoon. Pleiades. https://pleiades.stoa.org/places/638958 (accessed 2026-08-15).,Pleiades record modified 2024-03-10T14:25:23Z
src-pleiades-639051,https://pleiades.stoa.org/places/639051,Phaselis,Pleiades,scholarly_gazetteer,en,CC BY 3.0,2026-08-15,200,ok,Phaselis. Pleiades. https://pleiades.stoa.org/places/639051 (accessed 2026-08-15).,Pleiades record modified 2020-11-07T12:17:52Z
src-pleiades-658381,https://pleiades.stoa.org/places/658381,Antiochia/Theoupolis,Pleiades,scholarly_gazetteer,en,CC BY 3.0,2026-08-15,200,ok,Antiochia/Theoupolis. Pleiades. https://pleiades.stoa.org/places/658381 (accessed 2026-08-15).,Pleiades record modified 2026-03-30T15:28:12Z
src-pleiades-66376536,https://pleiades.stoa.org/places/66376536,Temple of Artemis at Sardis,Pleiades,scholarly_gazetteer,en,CC BY 3.0,2026-08-15,200,ok,Temple of Artemis at Sardis. Pleiades. https://pleiades.stoa.org/places/66376536 (accessed 2026-08-15).,Pleiades record modified 2026-04-07T03:27:05Z
src-pleiades-707470,https://pleiades.stoa.org/places/707470,Aphrodite Golgia,Pleiades,scholarly_gazetteer,en,CC BY 3.0,2026-08-15,200,ok,Aphrodite Golgia. Pleiades. https://pleiades.stoa.org/places/707470 (accessed 2026-08-15).,Pleiades record modified 2025-08-20T01:11:21Z
src-pleiades-707476,https://pleiades.stoa.org/places/707476,"Apollo Hylates, T.",Pleiades,scholarly_gazetteer,en,CC BY 3.0,2026-08-15,200,ok,"Apollo Hylates, T.. Pleiades. https://pleiades.stoa.org/places/707476 (accessed 2026-08-15).",Pleiades record modified 2023-02-19T03:34:46Z
src-pleiades-716520,https://pleiades.stoa.org/places/716520,Ammon,Pleiades,scholarly_gazetteer,en,CC BY 3.0,2026-08-15,200,ok,Ammon. Pleiades. https://pleiades.stoa.org/places/716520 (accessed 2026-08-15).,Pleiades record modified 2025-03-03T02:47:45Z
src-pleiades-727070,https://pleiades.stoa.org/places/727070,Alexandria,Pleiades,scholarly_gazetteer,en,CC BY 3.0,2026-08-15,500,unavailable,Alexandria. Pleiades. https://pleiades.stoa.org/places/727070 (accessed 2026-08-15).,Pleiades record modified 2026-08-05T20:54:58Z; URL check: HTTP 500
src-pleiades-727169,https://pleiades.stoa.org/places/727169,Naucratis,Pleiades,scholarly_gazetteer,en,CC BY 3.0,2026-08-15,200,ok,Naucratis. Pleiades. https://pleiades.stoa.org/places/727169 (accessed 2026-08-15).,Pleiades record modified 2024-05-18T16:11:08Z
src-pleiades-728329645,https://pleiades.stoa.org/places/728329645,Temple of Apollo at Thermos,Pleiades,scholarly_gazetteer,en,CC BY 3.0,2026-08-15,200,ok,Temple of Apollo at Thermos. Pleiades. https://pleiades.stoa.org/places/728329645 (accessed 2026-08-15).,Pleiades record modified 2026-07-10T20:07:22Z
src-pleiades-73644851,https://pleiades.stoa.org/places/73644851,Sanctuary of Apollo,Pleiades,scholarly_gazetteer,en,CC BY 3.0,2026-08-15,200,ok,Sanctuary of Apollo. Pleiades. https://pleiades.stoa.org/places/73644851 (accessed 2026-08-15).,Pleiades record modified 2023-09-25T17:51:41Z
src-pleiades-825397,https://pleiades.stoa.org/places/825397,Tanais,Pleiades,scholarly_gazetteer,en,CC BY 3.0,2026-08-15,200,ok,Tanais. Pleiades. https://pleiades.stoa.org/places/825397 (accessed 2026-08-15).,Pleiades record modified 2024-12-24T20:29:20Z
src-pleiades-828989863,https://pleiades.stoa.org/places/828989863,Sanctuary of Aphrodite Paphia,Pleiades,scholarly_gazetteer,en,CC BY 3.0,2026-08-15,200,ok,Sanctuary of Aphrodite Paphia. Pleiades. https://pleiades.stoa.org/places/828989863 (accessed 2026-08-15).,Pleiades record modified 2024-04-06T19:26:08Z
src-pleiades-844944,https://pleiades.stoa.org/places/844944,Heraclea,Pleiades,scholarly_gazetteer,en,CC BY 3.0,2026-08-15,200,ok,Heraclea. Pleiades. https://pleiades.stoa.org/places/844944 (accessed 2026-08-15).,Pleiades record modified 2025-02-05T17:04:11Z
src-pleiades-854719,https://pleiades.stoa.org/places/854719,Pantikapaion/Bosp(h)orus,Pleiades,scholarly_gazetteer,en,CC BY 3.0,2026-08-15,200,ok,Pantikapaion/Bosp(h)orus. Pleiades. https://pleiades.stoa.org/places/854719 (accessed 2026-08-15).,Pleiades record modified 2025-01-14T02:26:04Z
src-pleiades-854724,https://pleiades.stoa.org/places/854724,Phanagor(e)ia,Pleiades,scholarly_gazetteer,en,CC BY 3.0,2026-08-15,200,ok,Phanagor(e)ia. Pleiades. https://pleiades.stoa.org/places/854724 (accessed 2026-08-15).,Pleiades record modified 2025-08-23T00:41:03Z
src-pleiades-854743,https://pleiades.stoa.org/places/854743,Theodosia,Pleiades,scholarly_gazetteer,en,CC BY 3.0,2026-08-15,200,ok,Theodosia. Pleiades. https://pleiades.stoa.org/places/854743 (accessed 2026-08-15).,Pleiades record modified 2025-08-22T21:46:38Z
src-pleiades-854812387,https://pleiades.stoa.org/places/854812387,Mandra (Despotiko),Pleiades,scholarly_gazetteer,en,CC BY 3.0,2026-08-15,200,ok,Mandra (Despotiko). Pleiades. https://pleiades.stoa.org/places/854812387 (accessed 2026-08-15).,Pleiades record modified 2023-11-30T22:55:16Z
src-pleiades-857024,https://pleiades.stoa.org/places/857024,Amisus/Peiraieus,Pleiades,scholarly_gazetteer,en,CC BY 3.0,2026-08-15,200,ok,Amisus/Peiraieus. Pleiades. https://pleiades.stoa.org/places/857024 (accessed 2026-08-15).,Pleiades record modified 2026-03-08T03:00:08Z
src-pleiades-857107,https://pleiades.stoa.org/places/857107,Dioscurias/Sebastopolis,Pleiades,scholarly_gazetteer,en,CC BY 3.0,2026-08-15,200,ok,Dioscurias/Sebastopolis. Pleiades. https://pleiades.stoa.org/places/857107 (accessed 2026-08-15).,Pleiades record modified 2023-06-10T23:52:47Z
src-pleiades-857275,https://pleiades.stoa.org/places/857275,Phasis (settlement),Pleiades,scholarly_gazetteer,en,CC BY 3.0,2026-08-15,200,ok,Phasis (settlement). Pleiades. https://pleiades.stoa.org/places/857275 (accessed 2026-08-15).,Pleiades record modified 2024-09-07T18:54:32Z
src-pleiades-857321,https://pleiades.stoa.org/places/857321,Sinope,Pleiades,scholarly_gazetteer,en,CC BY 3.0,2026-08-15,200,ok,Sinope. Pleiades. https://pleiades.stoa.org/places/857321 (accessed 2026-08-15).,Pleiades record modified 2024-05-01T19:50:05Z
src-pleiades-857359,https://pleiades.stoa.org/places/857359,Trapezus,Pleiades,scholarly_gazetteer,en,CC BY 3.0,2026-08-15,200,ok,Trapezus. Pleiades. https://pleiades.stoa.org/places/857359 (accessed 2026-08-15).,Pleiades record modified 2025-11-20T15:27:20Z
src-pleiades-873985034,https://pleiades.stoa.org/places/873985034,Temple of Artemis at Ephesus,Pleiades,scholarly_gazetteer,en,CC BY 3.0,2026-08-15,200,ok,Temple of Artemis at Ephesus. Pleiades. https://pleiades.stoa.org/places/873985034 (accessed 2026-08-15).,Pleiades record modified 2026-04-07T03:04:59Z
src-pleiades-943504072,https://pleiades.stoa.org/places/943504072,"Temple of Concordia, Agrigento",Pleiades,scholarly_gazetteer,en,CC BY 3.0,2026-08-15,200,ok,"Temple of Concordia, Agrigento. Pleiades. https://pleiades.stoa.org/places/943504072 (accessed 2026-08-15).",Pleiades record modified 2025-01-29T17:19:46Z
src-pleiades-955675680,https://pleiades.stoa.org/places/955675680,Temple of Artemis and Apollo,Pleiades,scholarly_gazetteer,en,CC BY 3.0,2026-08-15,200,ok,Temple of Artemis and Apollo. Pleiades. https://pleiades.stoa.org/places/955675680 (accessed 2026-08-15).,Pleiades record modified 2026-06-30T19:04:51Z
src-pleiades-963441586,https://pleiades.stoa.org/places/963441586,Doric temple of Segesta,Pleiades,scholarly_gazetteer,en,CC BY 3.0,2026-08-15,200,ok,Doric temple of Segesta. Pleiades. https://pleiades.stoa.org/places/963441586 (accessed 2026-08-15).,Pleiades record modified 2024-02-27T22:31:05Z
src-uni-muenster-0a0030be4d2a,https://www.uni-muenster.de/ZypernInstitut/en/publikationen/schriften13.html,Salamis of Cyprus,University of Münster,university,en,,2026-08-15,200,ok,Salamis of Cyprus. University of Münster. https://www.uni-muenster.de/ZypernInstitut/en/publikationen/schriften13.html (accessed 2026-08-15).,Source metadata reconciled from the submitted research and cached URL check.
src-websites-d5246844b076,https://websites.ucy.ac.cy/pulp/documents/Publications/Iacovou_2014-POLITICAL_ECONOMIES.pdf,Political economies and landscape transformations: The case of ancient Paphos,University of Cyprus,peer_reviewed_publication,en,,2026-08-15,403,unavailable,Political economies and landscape transformations: The case of ancient Paphos. University of Cyprus. https://websites.ucy.ac.cy/pulp/documents/Publications/Iacovou_2014-POLITICAL_ECONOMIES.pdf (accessed 2026-08-15).,Publication by Maria Iacovou (2014); the hosting server denied automated access during the release check.
src-whc-228f1be9c035,https://whc.unesco.org/en/list/404,"Acropolis, Athens - UNESCO World Heritage Centre",UNESCO World Heritage Centre,unesco,en,,2026-08-15,200,ok,"Acropolis, Athens - UNESCO World Heritage Centre. UNESCO World Heritage Centre. https://whc.unesco.org/en/list/404 (accessed 2026-08-15).",Source metadata reconciled from the submitted research and cached URL check.
src-whc-329a28f5c851,https://whc.unesco.org/en/list/1411,Ancient City of Tauric Chersonese and its Chora - UNESCO World Heritage Centre,UNESCO World Heritage Centre,unesco,en,,2026-08-15,200,ok,Ancient City of Tauric Chersonese and its Chora - UNESCO World Heritage Centre. UNESCO World Heritage Centre. https://whc.unesco.org/en/list/1411 (accessed 2026-08-15).,Source metadata reconciled from the submitted research and cached URL check.
src-whc-52a1efeb60e3,https://whc.unesco.org/en/list/190,Archaeological Site of Cyrene - UNESCO World Heritage Centre,UNESCO World Heritage Centre,unesco,en,,2026-08-15,200,ok,Archaeological Site of Cyrene - UNESCO World Heritage Centre. UNESCO World Heritage Centre. https://whc.unesco.org/en/list/190 (accessed 2026-08-15).,Source metadata reconciled from the submitted research and cached URL check.
src-whc-6306f630553d,https://whc.unesco.org/en/list/941,Archaeological Sites of Mycenae and Tiryns - UNESCO World Heritage Centre,UNESCO World Heritage Centre,unesco,en,,2026-08-15,200,ok,Archaeological Sites of Mycenae and Tiryns - UNESCO World Heritage Centre. UNESCO World Heritage Centre. https://whc.unesco.org/en/list/941 (accessed 2026-08-15).,Source metadata reconciled from the submitted research and cached URL check.
src-whc-758c2c416617,https://whc.unesco.org/en/list/448,Nemrut Dağ - UNESCO World Heritage Centre,UNESCO World Heritage Centre,unesco,en,,2026-08-15,200,ok,Nemrut Dağ - UNESCO World Heritage Centre. UNESCO World Heritage Centre. https://whc.unesco.org/en/list/448 (accessed 2026-08-15).,Source metadata reconciled from the submitted research and cached URL check.
src-whc-fd006971700c,https://whc.unesco.org/en/list/780,Archaeological Site of Aigai (modern name Vergina) - UNESCO World Heritage Centre,UNESCO World Heritage Centre,unesco,en,,2026-08-15,200,ok,Archaeological Site of Aigai (modern name Vergina) - UNESCO World Heritage Centre. UNESCO World Heritage Centre. https://whc.unesco.org/en/list/780 (accessed 2026-08-15).,Source metadata reconciled from the submitted research and cached URL check.
