entity_id,position,commons_title
city-chalcis-euboea,1,File:Chalkis - 480 BC - silver tetradrachm - eagle - five-spoked wheel - Berlin MK AM.jpg
city-chalcis-euboea,2,"File:Monnaie - Argent, Eubée, Chalcis - btv1b103167496 (1 of 2).jpg"
city-chios-city,1,File:Chios - 550 BC - elektron stater - sphinx - quadratum incusum - Berlin MK AM 18202942.jpg
city-chios-city,2,File:Chios - 478-431 BC - silver tetradrachmon - sphinx and amphora - quadratum incusum - München SMS.jpg
city-demetrias,1,File:Αρχαίο θέατρο Δημητριάδας 0243.jpg
city-demetrias,2,File:Υδραγωγείο Δημητριάδας 0245.jpg
city-megara,1,"File:Ιερό Δήμητρας, Μέγαρα 0428.jpg"
city-megara,2,File:Map of Archaic Megara Ukr.png
city-naxos-cyclades,1,"File:Entrance Roman era, Grotta Naxos 091424.jpg"
city-naxos-cyclades,2,File:Ancient coins from Naxos - Laurenberg Johann - 1661.jpg
city-patrae,1,File:Roman Odeon of Patras - 1.jpg
city-patrae,2,File:Patras (Ancient Patrae) Achaia engraving by William Miller after H W Williams.jpg
city-smyrna,1,"File:Pauly-Wissowa III A,1, 0747 Map Smyrna.png"
city-smyrna,2,File:Aeolic Capital.jpg
colony-ancona,1,File:Anfiteatro romano di Ancona (81427).jpg
colony-ancona,2,File:Anfiteatro romano di Ancona (26884).jpg
colony-callatis,1,File:Situl Arheologic Callatis CT-I-s-A-02696 (3).jpg
colony-callatis,2,File:Necropola tumulara de la vest de Mangalia.jpg
colony-catana,1,"File:Katane - 450-430 BC - silver tetradrachm - charioteer driving quadriga - head of Apollon - Berlin MK AM 18206151.jpg"
colony-catana,2,"File:Katane - 461-413 BC - silver tetradrachm - charioteer driving quadriga - head of Apollon - München SMS 01.jpg"
colony-colophon,1,File:Colophon2.jpg
colony-colophon,2,File:Colophon3.jpg
colony-croton,1,"File:Greece, Croton, 6th-5th century BC - Stater - 1916.985 - Cleveland Museum of Art.jpg"
colony-croton,2,File:Capo colonna.jpg
colony-dioscurias,1,"File:Monnaie - Bronze, Dioscurias, Colchide - btv1b10300503q (1 of 2).jpg"
colony-dioscurias,2,"File:Monnaie - Bronze, Dioscurias, Colchide - btv1b10300503q (2 of 2).jpg"
colony-byzantium,1,File:Drachmen Byzantion.JPG
colony-byzantium,2,File:Drachme Byzantion Rs.JPG
colony-cnidus,1,File:Knidos 05831-05844.jpg
colony-cnidus,2,File:Knidos-Häfen.jpg
colony-epidamnos,1,File:Amfiteatri i Durrësit nga droni 1.jpg
colony-epidamnos,2,"File:Dyrrachium, moneta in bronzo, III-I secolo ac ca.jpg"
colony-euesperides,1,File:Hesperides ruins.JPG
colony-euesperides,2,"File:Aphrodite from Benghazi, Libya 150-100 BCE Greek (43818493390).jpg"
colony-heraclea-pontica,1,"File:Herakleia Pontike - Münzkabinett, Berlin - 5472018.jpg"
colony-heraclea-pontica,2,File:Drachme du royaume de Bithynie à l'effigie d'Héraclée pontique.jpg
colony-tragurion,1,File:Ancient relief in the Kairos museum of Trogir.jpg
colony-tragurion,2,File:Greek inscription in the Kairos museum of Trogir.jpg
colony-trapezus,1,File:Trapezus.png
colony-trapezus,2,"File:Monnaie - Bronze, Trapézos - btv1b85610201 (1 of 2).jpg"
colony-zancle-messana,1,"File:Monete della sicilia greca, zancle (messena), tetradracma in argento, con lepre, V secolo ac.jpg"
colony-zancle-messana,2,File:Zankle-Messene - 515-493 BC - silver trite - dolphin - shell - London BM 1946-0101-1075.jpg
sanctuary-selinous-demeter-malophoros-sanctuary,1,File:Sanctuary Selinunte935.jpg
sanctuary-selinous-demeter-malophoros-sanctuary,2,File:Selinunte malophoros3.jpg
city-athens-attica,1,"File:View of the archaeological site of the Ancient Agora of Athens on June 11, 2021.jpg"
city-athens-attica,2,File:Panoramic view of the archaeological site of the Ancient Agora from the Areopagus.jpg
city-olynthus,1,File:Ancient Olynthos Chalkidiki - Greece - 048.jpg
city-olynthus,2,File:Olynthos from ancient Olynthos.jpg
city-thessalonica,1,"File:Thessaloniki, Antike Agora - Forum Romanum (47832110941).jpg"
city-thessalonica,2,File:Erotes sarcophagus from Thessalonica 2380.jpg
colony-abydos,1,File:Ruines d'Abydos - Choiseul-gouffier Gabriel Florent Auguste De - 1822.jpg
colony-abydos,2,File:Plan de l'Emplacement d'Abydos et de la Rade de Nagara - Choiseul-gouffier Gabriel Florent Auguste De - 1822.jpg
colony-barca-cyrenaica,1,"File:Moneta di barce, 400-350 ac ca, inv. 570.jpg"
colony-barca-cyrenaica,2,File:Coin minted in Achaemenid Barce (Barca).jpg
colony-chersonesus-taurica,1,File:Chersonesos ruins.jpg
colony-chersonesus-taurica,2,File:Античный театр в Херсонесе 2.jpg
colony-issa-vis,1,File:Ruiny rzymskich łaźni w vis.jpg
colony-issa-vis,2,"File:Bust of the goddess of Issa, Vis Museum, Croatia.JPG"
colony-locri-epizephyrii,1,"File:Sanctuary of Aphrodite, Locri 2.jpg"
colony-locri-epizephyrii,2,File:Lokroi Epizephyrioi - 350-300 BC - silver stater - head of Athena - Pegasos - Berlin MK AM 18215380.jpg
colony-massalia,1,File:View of the Greek city gate of Massilia from outside the ancient city (from NE).jpg
colony-massalia,2,"File:Northern Greek city tower of Massilia (seen from outside the ancient city, from NE).jpg"
colony-olbia-pontica,1,File:Стародавнє місто Ольвія 3.jpg
colony-olbia-pontica,2,File:Olbia-1.jpg
colony-phasis-city,1,File:Phasis - 480-440 BC - silver coin - lion - river god - Berlin MK BM 18200121.jpg
colony-phasis-city,2,File:Mouth of the Phasis at Poti - Ainsworth William Francis - 1870.jpg
colony-sinope,1,File:Coinage of Abrocomas Sinope Paphlagonia.jpg
colony-sinope,2,File:Sinop Hellenistic tower of north walls 9560.jpg
colony-theodosia-crimea,1,File:THEODOSIA 01.jpg
colony-theodosia-crimea,2,"File:Карло Боссоли. Феодосия.jpg"
kingdom-knossos-mycenaean,1,File:Knossos - Palace of the Minoans.jpg
kingdom-knossos-mycenaean,2,File:Tablet with Linear B Script from the Palace of Knossos - 1375 BC.jpg
kingdom-mycenae-palatial,1,File:Lion Gate - Mycenae - 2.jpg
kingdom-mycenae-palatial,2,"File:Mycenaean tablet inscriptio linear B, NAMA 7668 080860.jpg"
kingdom-paphos-cyprus,1,"File:The remains of the Bronze Age temenos wall, Palaepaphos, the famous Sanctuary of Aphrodite, a large centre of worship established in the 12th century BC, Kouklia, Cyprus.jpg"
kingdom-paphos-cyprus,2,"File:Limestone sarcophagus painted with Homeric scenes, unearthed in 2006 in a tomb near the village of Kouklia probably belonging to an ancient warrior, 1st half of 5th century BC, Palaepaphos Museum, Cyprus (22271185499).jpg"
sanctuary-argive-heraion,1,"File:Heraion of Argos, Greece (14004357385).jpg"
sanctuary-argive-heraion,2,"File:Heraion of Argos, Reconstruction on a 1902 painting.jpg"
sanctuary-athens-acropolis-sacred-center,1,File:Attica 06-13 Athens 50 View from Philopappos - Acropolis Hill.jpg
sanctuary-athens-acropolis-sacred-center,2,"File:The Parthenon on the Acropolis in Athens, Greece.jpg"
sanctuary-chersonesos-parthenos-sanctuary,1,File:Изображение Девы в Херсонесе.jpg
sanctuary-chersonesos-parthenos-sanctuary,2,File:Artemis from Chersonesus (3).jpg
sanctuary-crete-idaion-antron,1,File:Idaean Cave panorama.jpg
sanctuary-crete-idaion-antron,2,File:Τύμπανο Ιδαίου Άνδρου 9098 rt.jpg
sanctuary-delos-apollo-sanctuary,1,File:The Temple of Apollo (II) (5183086050).jpg
sanctuary-delos-apollo-sanctuary,2,"File:Portrait head of a ruler probably depicting Alexander the Great or Mithridates, 125-100 BC, found in the Sanctuary of Apollo on Delos, National Archaeological Museum of Athens (14095739711).jpg"
sanctuary-epidauros-asklepios-sanctuary,1,File:The Tholos at the Sanctuary of Asclepius in Epidaurus on 23 May 2019.jpg
sanctuary-epidauros-asklepios-sanctuary,2,"File:Inscription, accouting texts, temple of Asklepios, AM of Epidauros, 202595.jpg"
sanctuary-foce-del-sele-heraion,1,File:ItaliaPaestumHeraionFoceSeleResti.jpg
sanctuary-foce-del-sele-heraion,2,File:Paestum Museum (6120216419).jpg
sanctuary-nemea-zeus-sanctuary,1,"File:The Temple of Nemean Zeus on October 31, 2019.jpg"
sanctuary-nemea-zeus-sanctuary,2,"File:Foundations for sanctuary groups and Temple of Nemean Zeus, 201751.jpg"
sanctuary-olbia-apollo-delphinios-sanctuary,1,"File:Процес фотофіксації загального вигляду розкопу культового спорудження ( VI – V ст. до н. е.). Ольвія, 2019.jpg"
sanctuary-olbia-apollo-delphinios-sanctuary,2,File:Olbia - 400-380 BC - bronze coin - gorgoneion - eagle with dolphin - Berlin MK BM 18202520.jpg
sanctuary-panionion-poseidon-sanctuary,1,File:Panionium theatre.jpg
sanctuary-panionion-poseidon-sanctuary,2,File:Panionion 2.jpg
sanctuary-sounion-poseidon-sanctuary,1,File:Temple of Poseidon at sunset 1.jpg
sanctuary-sounion-poseidon-sanctuary,2,File:Temple of Poseidon - Sounion.jpg
city-alexandria-egypt,1,File:Alexandria - Roman Amphitheater - view of ruins around amphitheater.JPG
city-alexandria-egypt,2,File:Kom el Dikka (I).jpg
city-epidaurus-city,1,File:Μικρό Θέατρο Αρχαίας πόλεως Επιδαύρου.jpg
city-epidaurus-city,2,"File:The Little Theatre of Palaia Epidavros (Ancient Epidaurus) on May 23, 2019.jpg"
city-kos-city,1,File:Western archeological site Kos town.jpg
city-kos-city,2,"File:Kos città, antica agorà 01.JPG"
city-larissa-thessaly,1,File:Ancient-theater.jpg
city-larissa-thessaly,2,File:Ancient Theatre of Larissa in a sunny day.jpg
city-mytilene,1,File:ΑΡΧΑΙΟ ΘΕΑΤΡΟ ΜΥΤΙΛΗΝΗΣ.jpg
city-mytilene,2,File:Overzicht theater Mytilini.jpg
city-pella,1,File:20160518 306 pella.jpg
city-pella,2,"File:The Agora, Ancient Pella (6913969280).jpg"
city-rhodes-city,1,"File:Temple of Apollo, Rhodes 01.jpg"
city-rhodes-city,2,File:Stadium Rhodes.jpg
city-samos-city,1,File:Pythagoreio theatre 2.jpg
city-samos-city,2,File:Samos-Pythagoreio-1625-Fortification-walls.jpg
colony-corcyra,1,File:Gorgon at the Archaeological Museum in Corfu.jpg
colony-corcyra,2,"File:Ruins in park of Mon Repos, Corfu.jpg"
colony-naucratis,1,File:Kouros of Naucratis.jpg
colony-naucratis,2,"File:Limestone statuette, god or hero holding lion, 550 BC, Naucratis, BM Sculpture B448, 143023.jpg"
colony-neapolis-campania,1,"File:Napoli, piazza bellini, mura greche.JPG"
colony-neapolis-campania,2,File:Neapolis (Campania) - 325-241 BC - silver didrachm - head of Parthenope - river god - München SMS.jpg
colony-pharos-hvar,1,File:Stari Grad Plain.jpg
colony-pharos-hvar,2,File:Stari Grad Plain Path 1.jpg
colony-selinus,1,File:Selinunte-pjt2.jpg
colony-selinus,2,File:Selinunte Panoramic View 1.jpg
colony-taras,1,File:Taras Doric columns.jpg
colony-taras,2,File:Taras - 473-460 BC - silver didrachm - youth riding dolphin - man seated with spindle - München SMS.jpg
colony-teos,1,File:Theater teos.JPG
colony-teos,2,File:Esmirna (provincia) 1998 03.jpg
kingdom-athens-mycenaean,1,"File:The Mycenaean Fountain of the Acropolis of Athens on March 12, 2022.jpg"
kingdom-athens-mycenaean,2,File:Athens Acropolis Mycenaean wall behind Nike bastion.jpg
kingdom-bosporus-archaeanactid,1,"File:Pantikapaion - Münzkabinett, Berlin - 5477756.jpg"
kingdom-bosporus-archaeanactid,2,"File:Pantikapaion - Münzkabinett, Berlin - 5501464.jpg"
kingdom-cappadocia-late-client,1,"File:Coin of Ariobarzanes, minted at Mazaca in 83 or 82 BC.jpg"
kingdom-cappadocia-late-client,2,File:Kappadokia - king Archelaos - 17-16 BC - silver drachma - head of Archelaos - club - Berlin MK BM 18200192.jpg
kingdom-cyrene-battiad,1,File:Arkesilas Painter - Arkesilas supervising the silphion trade - Paris BnF CabMed 189 - 02.jpg
kingdom-cyrene-battiad,2,"File:Kyrene - Münzkabinett, Berlin - 5486471.jpg"
kingdom-indo-greek-early,1,"File:Dinastia indo-battriana, tetradracma di demetrio I, 200-190 ac ca.JPG"
kingdom-indo-greek-early,2,"File:Monnaie - Argent, Incertain, Bactriane, Apollodote I - btv1b85019778 (1 of 2).jpg"
sanctuary-croton-hera-lacinia-sanctuary,1,"File:Crotone, parco archeologico di capo colonna, tempio di hera lacinia, 01.jpg"
sanctuary-croton-hera-lacinia-sanctuary,2,"File:Crotone, parco archeologico di capo colonna, tempio di hera lacinia, 02 colonna dorica.jpg"
sanctuary-delphi-apollo-sanctuary,1,"File:View of the Sanctuary of Apollo in Delphi on October 4, 2020.jpg"
sanctuary-delphi-apollo-sanctuary,2,"File:Ruins at the Sanctuary of Apollo in Delphi on October 4, 2020.jpg"
sanctuary-delphi-athena-pronaia-sanctuary,1,File:Tholos Athena Pronaia.JPG
sanctuary-delphi-athena-pronaia-sanctuary,2,"File:Temple of the Athena Pronaia in Delphi, 380 BC, 060096.jpg"
sanctuary-naukratis-hellenion,1,"File:Relief hoplite Naukratis BM 1900,0214.21.jpg"
sanctuary-naukratis-hellenion,2,File:Petrie's sketch plan of Naucratis.jpg
sanctuary-tinos-poseidon-amphitrite-sanctuary,1,File:Sanctuary Kionia Tinos Greece 2018041014550N01776 02.jpg
sanctuary-tinos-poseidon-amphitrite-sanctuary,2,File:Sanctuary Kionia Tinos Greece 2018041014550N01776 03.jpg
colony-emporion-iberia,1,File:Empuries Neapolis Vuegenerale 01.jpg
colony-emporion-iberia,2,File:Empuries Neapolis Agora.jpg
colony-syracuse,1,File:Teatro greco di Siracusa 2024a.jpg
colony-syracuse,2,"File:Greek Ruins, market in Ortigia, Syracuse.jpg"
sanctuary-despotiko-apollo-sanctuary,1,"File:Ο Ναός του Απόλλωνα, Δεσποτικό.jpg"
sanctuary-despotiko-apollo-sanctuary,2,"File:Inscriptio (graffito), shard of vase, AM Paros, 143996.jpg"
sanctuary-sardis-artemis-sanctuary,1,File:Artemis Tapınağı - Sardes Antik Kenti.jpg
sanctuary-sardis-artemis-sanctuary,2,File:Temple of Artemis in Sardes.jpg
