entity_id,query
city-chalcis-euboea,Chalcis ancient coin
city-chios-city,Chios ancient coin
city-demetrias,"incategory:Demetrias,_Greece"
city-megara,Megara ancient
city-naxos-cyclades,Naxos ancient coin
city-piraeus,Piraeus ancient harbour archaeology
city-smyrna,incategory:Old_Smyrna
colony-ancona,incategory:Amphitheatre_(Ancona)
colony-catana,Catana ancient coin
colony-callatis,incategory:Callatis
colony-colophon,incategory:Kolophon
colony-croton,Croton ancient coin
colony-dioscurias,Dioscurias coin
kingdom-athens-mycenaean,Mycenaean Acropolis Athens
kingdom-bosporus-archaeanactid,Panticapaeum coin
kingdom-bosporus-mithridatic,Mithridates VI Eupator
kingdom-bosporus-spartocid,Bosporan Kingdom coin
kingdom-cappadocia-ariarathid,Ariarathes Cappadocia coin
kingdom-cappadocia-late-client,Cappadocia ancient coin
kingdom-cyrene-battiad,Cyrene ancient coin
kingdom-cyrene-magas,Magas of Cyrene coin
kingdom-epirus-aeacid,Pyrrhus Epirus coin
kingdom-greco-bactrian-diodotid,Diodotus Bactria coin
kingdom-greco-bactrian-eucratid,Eucratides coin
kingdom-greco-bactrian-euthydemid,Euthydemus Bactria coin
kingdom-indo-greek-menandrid,Menander I coin
kingdom-iolcos-palatial,Dimini archaeological site
kingdom-knossos-mycenaean,Knossos Mycenaean palace
kingdom-lysimachid,Lysimachus coin
kingdom-macedon-antigonid,Antigonus Gonatas coin
kingdom-macedon-argead,Macedon Alexander coin
kingdom-macedon-kassandrid,Cassander coin
kingdom-mycenae-palatial,Mycenae citadel palace
kingdom-orchomenos-palatial,Orchomenos Boeotia Mycenaean
kingdom-paphos-cyprus,Paphos ancient coin Cyprus
kingdom-pylos-palatial,Palace of Nestor Pylos
kingdom-salamis-cyprus,Ancient Salamis Cyprus ruins
kingdom-syracuse-agathocles,Agathocles Syracuse coin
kingdom-syracuse-hieron-ii,Hieron II Syracuse coin
kingdom-thebes-palatial,Thebes Mycenaean archaeology
kingdom-tiryns-palatial,Tiryns citadel
sanctuary-amyklaion-apollo-sanctuary,Amyclae Apollo
sanctuary-apollonia-pontica-apollo-ietros-sanctuary,Apollonia Pontica coin
sanctuary-athens-acropolis-sacred-center,Acropolis Athens
sanctuary-chersonesos-parthenos-sanctuary,Chersonesus Crimea archaeological
sanctuary-crete-idaion-antron,Ideon Andron cave Crete
sanctuary-crete-iuktas-peak-sanctuary,Mount Juktas peak sanctuary
sanctuary-golgoi-aphrodite-sanctuary,Golgoi Cyprus Aphrodite
sanctuary-gyroulas-demeter-sanctuary,Temple of Demeter Sangri Naxos
sanctuary-histria-sacred-zone,Histria Romania ruins
sanctuary-kalapodi-artemis-apollo-sanctuary,Kalapodi sanctuary Greece
sanctuary-locri-mannella-persephone-sanctuary,Locri Epizefiri Persephone
sanctuary-magnesia-artemis-leukophryene,Temple of Artemis Leucophryene Magnesia
sanctuary-metapontum-tavole-palatine-heraion,Tavole Palatine
sanctuary-naukratis-hellenion,Naukratis archaeology
sanctuary-olbia-apollo-delphinios-sanctuary,Olbia Pontica archaeological site
sanctuary-pantikapaion-apollo-ietros-sanctuary,Panticapaeum Apollo coin
sanctuary-rhodes-zeus-atabyrios-sanctuary,Ataviros Rhodes
sanctuary-smintheion-apollo-sanctuary,Smintheion Turkey
