url,checked_on,http_status,url_status,final_url,title,error
https://aphrodisias-excavations.com/templeofaphrodite,2026-08-15,200,ok,https://aphrodisias-excavations.com/templeofaphrodite/,Temple of Aphrodite – Aphrodisias,
https://discovery.ucl.ac.uk/10062899/1/1873-5363_bnj_fulltextxml_a162.pdf,2026-08-15,200,redirected,https://discovery.ucl.ac.uk/id/eprint/10062899/1/1873-5363_bnj_fulltextxml_a162.pdf,,
https://museoarcheologicoreggiocalabria.cultura.gov.it/collezioni/livello-b,2026-08-15,,unavailable,https://museoarcheologicoreggiocalabria.cultura.gov.it/collezioni/livello-b,,"URLError: <urlopen error [WinError 10060] A connection attempt failed because the connected party did not properly respond after a period of time, or established connection failed because connected host has failed to respond>"
https://odysseus.culture.gr/h/2/eh2530.jsp?obj_id=716,2026-08-15,,unavailable,https://odysseus.culture.gr/h/2/eh2530.jsp?obj_id=716,,URLError: <urlopen error [WinError 10061] No connection could be made because the target machine actively refused it>
https://odysseus.culture.gr/h/3/eh351.jsp?obj_id=2501,2026-08-15,,unavailable,https://odysseus.culture.gr/h/3/eh351.jsp?obj_id=2501,,URLError: <urlopen error [WinError 10061] No connection could be made because the target machine actively refused it>
https://odysseus.culture.gr/h/3/eh355.jsp?obj_id=2562,2026-08-15,,unavailable,https://odysseus.culture.gr/h/3/eh355.jsp?obj_id=2562,,URLError: <urlopen error [WinError 10061] No connection could be made because the target machine actively refused it>
https://pleiades.stoa.org/places/103565779,2026-08-15,200,ok,https://pleiades.stoa.org/places/103565779,Making sure you're not a bot!,
https://pleiades.stoa.org/places/148127,2026-08-15,200,ok,https://pleiades.stoa.org/places/148127,Making sure you're not a bot!,
https://pleiades.stoa.org/places/182618516,2026-08-15,200,ok,https://pleiades.stoa.org/places/182618516,Making sure you're not a bot!,
https://pleiades.stoa.org/places/197433,2026-08-15,200,ok,https://pleiades.stoa.org/places/197433,Making sure you're not a bot!,
https://pleiades.stoa.org/places/197555,2026-08-15,200,ok,https://pleiades.stoa.org/places/197555,Making sure you're not a bot!,
https://pleiades.stoa.org/places/216706,2026-08-15,200,ok,https://pleiades.stoa.org/places/216706,Making sure you're not a bot!,
https://pleiades.stoa.org/places/216744,2026-08-15,200,ok,https://pleiades.stoa.org/places/216744,Making sure you're not a bot!,
https://pleiades.stoa.org/places/216839,2026-08-15,200,ok,https://pleiades.stoa.org/places/216839,Making sure you're not a bot!,
https://pleiades.stoa.org/places/216882,2026-08-15,200,ok,https://pleiades.stoa.org/places/216882,Making sure you're not a bot!,
https://pleiades.stoa.org/places/216904,2026-08-15,200,ok,https://pleiades.stoa.org/places/216904,Making sure you're not a bot!,
https://pleiades.stoa.org/places/217016,2026-08-15,200,ok,https://pleiades.stoa.org/places/217016,Making sure you're not a bot!,
https://pleiades.stoa.org/places/226546,2026-08-15,200,ok,https://pleiades.stoa.org/places/226546,Making sure you're not a bot!,
https://pleiades.stoa.org/places/226564,2026-08-15,200,ok,https://pleiades.stoa.org/places/226564,Making sure you're not a bot!,
https://pleiades.stoa.org/places/226800,2026-08-15,200,ok,https://pleiades.stoa.org/places/226800,Making sure you're not a bot!,
https://pleiades.stoa.org/places/232079424,2026-08-15,200,ok,https://pleiades.stoa.org/places/232079424,Making sure you're not a bot!,
https://pleiades.stoa.org/places/246382,2026-08-15,200,ok,https://pleiades.stoa.org/places/246382,Making sure you're not a bot!,
https://pleiades.stoa.org/places/298577312,2026-08-15,200,ok,https://pleiades.stoa.org/places/298577312,Making sure you're not a bot!,
https://pleiades.stoa.org/places/372843530,2026-08-15,200,ok,https://pleiades.stoa.org/places/372843530,Making sure you're not a bot!,
https://pleiades.stoa.org/places/373732,2026-08-15,200,ok,https://pleiades.stoa.org/places/373732,Making sure you're not a bot!,
https://pleiades.stoa.org/places/373736,2026-08-15,200,ok,https://pleiades.stoa.org/places/373736,Making sure you're not a bot!,
https://pleiades.stoa.org/places/373750,2026-08-15,200,ok,https://pleiades.stoa.org/places/373750,Making sure you're not a bot!,
https://pleiades.stoa.org/places/373778,2026-08-15,200,ok,https://pleiades.stoa.org/places/373778,Making sure you're not a bot!,
https://pleiades.stoa.org/places/373786,2026-08-15,200,ok,https://pleiades.stoa.org/places/373786,Making sure you're not a bot!,
https://pleiades.stoa.org/places/373879,2026-08-15,200,ok,https://pleiades.stoa.org/places/373879,Making sure you're not a bot!,
https://pleiades.stoa.org/places/376215160,2026-08-15,200,ok,https://pleiades.stoa.org/places/376215160,Making sure you're not a bot!,
https://pleiades.stoa.org/places/413014,2026-08-15,200,ok,https://pleiades.stoa.org/places/413014,Making sure you're not a bot!,
https://pleiades.stoa.org/places/414067217,2026-08-15,200,ok,https://pleiades.stoa.org/places/414067217,Making sure you're not a bot!,
https://pleiades.stoa.org/places/418729933,2026-08-15,200,ok,https://pleiades.stoa.org/places/418729933,Making sure you're not a bot!,
https://pleiades.stoa.org/places/432808,2026-08-15,200,ok,https://pleiades.stoa.org/places/432808,Making sure you're not a bot!,
https://pleiades.stoa.org/places/433014,2026-08-15,200,ok,https://pleiades.stoa.org/places/433014,Making sure you're not a bot!,
https://pleiades.stoa.org/places/442610,2026-08-15,200,ok,https://pleiades.stoa.org/places/442610,Making sure you're not a bot!,
https://pleiades.stoa.org/places/442611,2026-08-15,200,ok,https://pleiades.stoa.org/places/442611,Making sure you're not a bot!,
https://pleiades.stoa.org/places/442658,2026-08-15,200,ok,https://pleiades.stoa.org/places/442658,Making sure you're not a bot!,
https://pleiades.stoa.org/places/442733,2026-08-15,200,ok,https://pleiades.stoa.org/places/442733,Making sure you're not a bot!,
https://pleiades.stoa.org/places/442810,2026-08-15,200,ok,https://pleiades.stoa.org/places/442810,Making sure you're not a bot!,
https://pleiades.stoa.org/places/452317,2026-08-15,200,ok,https://pleiades.stoa.org/places/452317,Making sure you're not a bot!,
https://pleiades.stoa.org/places/452332,2026-08-15,200,ok,https://pleiades.stoa.org/places/452332,Making sure you're not a bot!,
https://pleiades.stoa.org/places/452369,2026-08-15,200,ok,https://pleiades.stoa.org/places/452369,Making sure you're not a bot!,
https://pleiades.stoa.org/places/452416,2026-08-15,200,ok,https://pleiades.stoa.org/places/452416,Making sure you're not a bot!,
https://pleiades.stoa.org/places/452457,2026-08-15,200,ok,https://pleiades.stoa.org/places/452457,Making sure you're not a bot!,
https://pleiades.stoa.org/places/452488,2026-08-15,200,ok,https://pleiades.stoa.org/places/452488,Making sure you're not a bot!,
https://pleiades.stoa.org/places/462086,2026-08-15,200,ok,https://pleiades.stoa.org/places/462086,Making sure you're not a bot!,
https://pleiades.stoa.org/places/462214,2026-08-15,200,ok,https://pleiades.stoa.org/places/462214,Making sure you're not a bot!,
https://pleiades.stoa.org/places/462244,2026-08-15,200,ok,https://pleiades.stoa.org/places/462244,Making sure you're not a bot!,
https://pleiades.stoa.org/places/462270,2026-08-15,200,ok,https://pleiades.stoa.org/places/462270,Making sure you're not a bot!,
https://pleiades.stoa.org/places/462279,2026-08-15,200,ok,https://pleiades.stoa.org/places/462279,Making sure you're not a bot!,
https://pleiades.stoa.org/places/462307,2026-08-15,200,ok,https://pleiades.stoa.org/places/462307,Making sure you're not a bot!,
https://pleiades.stoa.org/places/462386,2026-08-15,200,ok,https://pleiades.stoa.org/places/462386,Making sure you're not a bot!,
https://pleiades.stoa.org/places/462489,2026-08-15,200,ok,https://pleiades.stoa.org/places/462489,Making sure you're not a bot!,
https://pleiades.stoa.org/places/462503,2026-08-15,200,ok,https://pleiades.stoa.org/places/462503,Making sure you're not a bot!,
https://pleiades.stoa.org/places/462538,2026-08-15,200,ok,https://pleiades.stoa.org/places/462538,Making sure you're not a bot!,
https://pleiades.stoa.org/places/464482220,2026-08-15,200,ok,https://pleiades.stoa.org/places/464482220,Making sure you're not a bot!,
https://pleiades.stoa.org/places/481728,2026-08-15,200,ok,https://pleiades.stoa.org/places/481728,Making sure you're not a bot!,
https://pleiades.stoa.org/places/481818,2026-08-15,200,ok,https://pleiades.stoa.org/places/481818,Making sure you're not a bot!,
https://pleiades.stoa.org/places/491512,2026-08-15,200,ok,https://pleiades.stoa.org/places/491512,Making sure you're not a bot!,
https://pleiades.stoa.org/places/491572,2026-08-15,500,unavailable,https://pleiades.stoa.org/places/491572,,HTTP 500
https://pleiades.stoa.org/places/491678,2026-08-15,200,ok,https://pleiades.stoa.org/places/491678,Making sure you're not a bot!,
https://pleiades.stoa.org/places/491687,2026-08-15,200,ok,https://pleiades.stoa.org/places/491687,Making sure you're not a bot!,
https://pleiades.stoa.org/places/491703,2026-08-15,200,ok,https://pleiades.stoa.org/places/491703,Making sure you're not a bot!,
https://pleiades.stoa.org/places/491741,2026-08-15,200,ok,https://pleiades.stoa.org/places/491741,Making sure you're not a bot!,
https://pleiades.stoa.org/places/501325,2026-08-15,200,ok,https://pleiades.stoa.org/places/501325,Making sure you're not a bot!,
https://pleiades.stoa.org/places/501347,2026-08-15,200,ok,https://pleiades.stoa.org/places/501347,Making sure you're not a bot!,
https://pleiades.stoa.org/places/501458,2026-08-15,200,ok,https://pleiades.stoa.org/places/501458,Making sure you're not a bot!,
https://pleiades.stoa.org/places/501482,2026-08-15,200,ok,https://pleiades.stoa.org/places/501482,Making sure you're not a bot!,
https://pleiades.stoa.org/places/501511,2026-08-15,200,ok,https://pleiades.stoa.org/places/501511,Making sure you're not a bot!,
https://pleiades.stoa.org/places/501570,2026-08-15,200,ok,https://pleiades.stoa.org/places/501570,Making sure you're not a bot!,
https://pleiades.stoa.org/places/502577471,2026-08-15,200,ok,https://pleiades.stoa.org/places/502577471,Making sure you're not a bot!,
https://pleiades.stoa.org/places/511218,2026-08-15,200,ok,https://pleiades.stoa.org/places/511218,Making sure you're not a bot!,
https://pleiades.stoa.org/places/513711610,2026-08-15,200,ok,https://pleiades.stoa.org/places/513711610,Making sure you're not a bot!,
https://pleiades.stoa.org/places/520985,2026-08-15,200,ok,https://pleiades.stoa.org/places/520985,Making sure you're not a bot!,
https://pleiades.stoa.org/places/520988,2026-08-15,200,ok,https://pleiades.stoa.org/places/520988,Making sure you're not a bot!,
https://pleiades.stoa.org/places/530794,2026-08-15,200,ok,https://pleiades.stoa.org/places/530794,Making sure you're not a bot!,
https://pleiades.stoa.org/places/530834,2026-08-15,200,ok,https://pleiades.stoa.org/places/530834,Making sure you're not a bot!,
https://pleiades.stoa.org/places/530843,2026-08-15,200,ok,https://pleiades.stoa.org/places/530843,Making sure you're not a bot!,
https://pleiades.stoa.org/places/540628,2026-08-15,200,ok,https://pleiades.stoa.org/places/540628,Making sure you're not a bot!,
https://pleiades.stoa.org/places/540703,2026-08-15,200,ok,https://pleiades.stoa.org/places/540703,Making sure you're not a bot!,
https://pleiades.stoa.org/places/540726,2026-08-15,200,ok,https://pleiades.stoa.org/places/540726,Making sure you're not a bot!,
https://pleiades.stoa.org/places/540730,2026-08-15,200,ok,https://pleiades.stoa.org/places/540730,Making sure you're not a bot!,
https://pleiades.stoa.org/places/540905,2026-08-15,200,ok,https://pleiades.stoa.org/places/540905,Making sure you're not a bot!,
https://pleiades.stoa.org/places/541044,2026-08-15,200,ok,https://pleiades.stoa.org/places/541044,Making sure you're not a bot!,
https://pleiades.stoa.org/places/541138,2026-08-15,200,ok,https://pleiades.stoa.org/places/541138,Making sure you're not a bot!,
https://pleiades.stoa.org/places/550459,2026-08-15,200,ok,https://pleiades.stoa.org/places/550459,Making sure you're not a bot!,
https://pleiades.stoa.org/places/550463,2026-08-15,200,ok,https://pleiades.stoa.org/places/550463,Making sure you're not a bot!,
https://pleiades.stoa.org/places/550496,2026-08-15,200,ok,https://pleiades.stoa.org/places/550496,Making sure you're not a bot!,
https://pleiades.stoa.org/places/550506,2026-08-15,200,ok,https://pleiades.stoa.org/places/550506,Making sure you're not a bot!,
https://pleiades.stoa.org/places/550535,2026-08-15,200,ok,https://pleiades.stoa.org/places/550535,Making sure you're not a bot!,
https://pleiades.stoa.org/places/550604,2026-08-15,200,ok,https://pleiades.stoa.org/places/550604,Making sure you're not a bot!,
https://pleiades.stoa.org/places/550651,2026-08-15,200,ok,https://pleiades.stoa.org/places/550651,Making sure you're not a bot!,
https://pleiades.stoa.org/places/550756,2026-08-15,200,ok,https://pleiades.stoa.org/places/550756,Making sure you're not a bot!,
https://pleiades.stoa.org/places/550763,2026-08-15,200,ok,https://pleiades.stoa.org/places/550763,Making sure you're not a bot!,
https://pleiades.stoa.org/places/550812,2026-08-15,200,ok,https://pleiades.stoa.org/places/550812,Making sure you're not a bot!,
https://pleiades.stoa.org/places/550823,2026-08-15,200,ok,https://pleiades.stoa.org/places/550823,Making sure you're not a bot!,
https://pleiades.stoa.org/places/550892,2026-08-15,200,ok,https://pleiades.stoa.org/places/550892,Making sure you're not a bot!,
https://pleiades.stoa.org/places/550893,2026-08-15,200,ok,https://pleiades.stoa.org/places/550893,Making sure you're not a bot!,
https://pleiades.stoa.org/places/550913,2026-08-15,200,ok,https://pleiades.stoa.org/places/550913,Making sure you're not a bot!,
https://pleiades.stoa.org/places/559217802,2026-08-15,200,ok,https://pleiades.stoa.org/places/559217802,Making sure you're not a bot!,
https://pleiades.stoa.org/places/570106,2026-08-15,200,ok,https://pleiades.stoa.org/places/570106,Making sure you're not a bot!,
https://pleiades.stoa.org/places/570127,2026-08-15,200,ok,https://pleiades.stoa.org/places/570127,Making sure you're not a bot!,
https://pleiades.stoa.org/places/570148,2026-08-15,200,ok,https://pleiades.stoa.org/places/570148,Making sure you're not a bot!,
https://pleiades.stoa.org/places/570182,2026-08-15,200,ok,https://pleiades.stoa.org/places/570182,Making sure you're not a bot!,
https://pleiades.stoa.org/places/570228,2026-08-15,200,ok,https://pleiades.stoa.org/places/570228,Making sure you're not a bot!,
https://pleiades.stoa.org/places/570288,2026-08-15,200,ok,https://pleiades.stoa.org/places/570288,Making sure you're not a bot!,
https://pleiades.stoa.org/places/570289,2026-08-15,200,ok,https://pleiades.stoa.org/places/570289,Making sure you're not a bot!,
https://pleiades.stoa.org/places/570316,2026-08-15,200,ok,https://pleiades.stoa.org/places/570316,Making sure you're not a bot!,
https://pleiades.stoa.org/places/570459,2026-08-15,200,ok,https://pleiades.stoa.org/places/570459,Making sure you're not a bot!,
https://pleiades.stoa.org/places/570467,2026-08-15,200,ok,https://pleiades.stoa.org/places/570467,Making sure you're not a bot!,
https://pleiades.stoa.org/places/570468,2026-08-15,200,ok,https://pleiades.stoa.org/places/570468,Making sure you're not a bot!,
https://pleiades.stoa.org/places/570477,2026-08-15,200,ok,https://pleiades.stoa.org/places/570477,Making sure you're not a bot!,
https://pleiades.stoa.org/places/570479,2026-08-15,200,ok,https://pleiades.stoa.org/places/570479,Making sure you're not a bot!,
https://pleiades.stoa.org/places/570504,2026-08-15,200,ok,https://pleiades.stoa.org/places/570504,Making sure you're not a bot!,
https://pleiades.stoa.org/places/570531,2026-08-15,200,ok,https://pleiades.stoa.org/places/570531,Making sure you're not a bot!,
https://pleiades.stoa.org/places/570567,2026-08-15,200,ok,https://pleiades.stoa.org/places/570567,Making sure you're not a bot!,
https://pleiades.stoa.org/places/570668,2026-08-15,200,ok,https://pleiades.stoa.org/places/570668,Making sure you're not a bot!,
https://pleiades.stoa.org/places/570685,2026-08-15,200,ok,https://pleiades.stoa.org/places/570685,Making sure you're not a bot!,
https://pleiades.stoa.org/places/570707,2026-08-15,200,ok,https://pleiades.stoa.org/places/570707,Making sure you're not a bot!,
https://pleiades.stoa.org/places/570764,2026-08-15,200,ok,https://pleiades.stoa.org/places/570764,Making sure you're not a bot!,
https://pleiades.stoa.org/places/579853,2026-08-15,200,ok,https://pleiades.stoa.org/places/579853,Making sure you're not a bot!,
https://pleiades.stoa.org/places/579872,2026-08-15,200,ok,https://pleiades.stoa.org/places/579872,Making sure you're not a bot!,
https://pleiades.stoa.org/places/579879,2026-08-15,200,ok,https://pleiades.stoa.org/places/579879,Making sure you're not a bot!,
https://pleiades.stoa.org/places/579885,2026-08-15,200,ok,https://pleiades.stoa.org/places/579885,Making sure you're not a bot!,
https://pleiades.stoa.org/places/579910,2026-08-15,200,ok,https://pleiades.stoa.org/places/579910,Making sure you're not a bot!,
https://pleiades.stoa.org/places/579925,2026-08-15,200,ok,https://pleiades.stoa.org/places/579925,Making sure you're not a bot!,
https://pleiades.stoa.org/places/580062,2026-08-15,200,ok,https://pleiades.stoa.org/places/580062,Making sure you're not a bot!,
https://pleiades.stoa.org/places/580086,2026-08-15,200,ok,https://pleiades.stoa.org/places/580086,Making sure you're not a bot!,
https://pleiades.stoa.org/places/589796,2026-08-15,200,ok,https://pleiades.stoa.org/places/589796,Making sure you're not a bot!,
https://pleiades.stoa.org/places/589817,2026-08-15,200,ok,https://pleiades.stoa.org/places/589817,Making sure you're not a bot!,
https://pleiades.stoa.org/places/589872,2026-08-15,200,ok,https://pleiades.stoa.org/places/589872,Making sure you're not a bot!,
https://pleiades.stoa.org/places/589913,2026-08-15,200,ok,https://pleiades.stoa.org/places/589913,Making sure you're not a bot!,
https://pleiades.stoa.org/places/590006,2026-08-15,200,ok,https://pleiades.stoa.org/places/590006,Making sure you're not a bot!,
https://pleiades.stoa.org/places/590030,2026-08-15,200,ok,https://pleiades.stoa.org/places/590030,Making sure you're not a bot!,
https://pleiades.stoa.org/places/590099,2026-08-15,200,ok,https://pleiades.stoa.org/places/590099,Making sure you're not a bot!,
https://pleiades.stoa.org/places/599506,2026-08-15,200,ok,https://pleiades.stoa.org/places/599506,Making sure you're not a bot!,
https://pleiades.stoa.org/places/599528,2026-08-15,200,ok,https://pleiades.stoa.org/places/599528,Making sure you're not a bot!,
https://pleiades.stoa.org/places/599575,2026-08-15,200,ok,https://pleiades.stoa.org/places/599575,Making sure you're not a bot!,
https://pleiades.stoa.org/places/599577,2026-08-15,200,ok,https://pleiades.stoa.org/places/599577,Making sure you're not a bot!,
https://pleiades.stoa.org/places/599593,2026-08-15,200,ok,https://pleiades.stoa.org/places/599593,Making sure you're not a bot!,
https://pleiades.stoa.org/places/599612,2026-08-15,200,ok,https://pleiades.stoa.org/places/599612,Making sure you're not a bot!,
https://pleiades.stoa.org/places/599631,2026-08-15,200,ok,https://pleiades.stoa.org/places/599631,Making sure you're not a bot!,
https://pleiades.stoa.org/places/599636,2026-08-15,200,ok,https://pleiades.stoa.org/places/599636,Making sure you're not a bot!,
https://pleiades.stoa.org/places/599641,2026-08-15,200,ok,https://pleiades.stoa.org/places/599641,Making sure you're not a bot!,
https://pleiades.stoa.org/places/599661,2026-08-15,200,ok,https://pleiades.stoa.org/places/599661,Making sure you're not a bot!,
https://pleiades.stoa.org/places/599664,2026-08-15,200,ok,https://pleiades.stoa.org/places/599664,Making sure you're not a bot!,
https://pleiades.stoa.org/places/599719,2026-08-15,200,ok,https://pleiades.stoa.org/places/599719,Making sure you're not a bot!,
https://pleiades.stoa.org/places/599728,2026-08-15,200,ok,https://pleiades.stoa.org/places/599728,Making sure you're not a bot!,
https://pleiades.stoa.org/places/599745,2026-08-15,200,ok,https://pleiades.stoa.org/places/599745,Making sure you're not a bot!,
https://pleiades.stoa.org/places/599778,2026-08-15,200,ok,https://pleiades.stoa.org/places/599778,Making sure you're not a bot!,
https://pleiades.stoa.org/places/599799,2026-08-15,200,ok,https://pleiades.stoa.org/places/599799,Making sure you're not a bot!,
https://pleiades.stoa.org/places/599821,2026-08-15,200,ok,https://pleiades.stoa.org/places/599821,Making sure you're not a bot!,
https://pleiades.stoa.org/places/599855,2026-08-15,200,ok,https://pleiades.stoa.org/places/599855,Making sure you're not a bot!,
https://pleiades.stoa.org/places/599905,2026-08-15,200,ok,https://pleiades.stoa.org/places/599905,Making sure you're not a bot!,
https://pleiades.stoa.org/places/599925,2026-08-15,200,ok,https://pleiades.stoa.org/places/599925,Making sure you're not a bot!,
https://pleiades.stoa.org/places/599971,2026-08-15,200,ok,https://pleiades.stoa.org/places/599971,Making sure you're not a bot!,
https://pleiades.stoa.org/places/638356144,2026-08-15,200,ok,https://pleiades.stoa.org/places/638356144,Making sure you're not a bot!,
https://pleiades.stoa.org/places/638958,2026-08-15,200,ok,https://pleiades.stoa.org/places/638958,Making sure you're not a bot!,
https://pleiades.stoa.org/places/639051,2026-08-15,200,ok,https://pleiades.stoa.org/places/639051,Making sure you're not a bot!,
https://pleiades.stoa.org/places/658381,2026-08-15,200,ok,https://pleiades.stoa.org/places/658381,Making sure you're not a bot!,
https://pleiades.stoa.org/places/66376536,2026-08-15,200,ok,https://pleiades.stoa.org/places/66376536,Making sure you're not a bot!,
https://pleiades.stoa.org/places/707470,2026-08-15,200,ok,https://pleiades.stoa.org/places/707470,Making sure you're not a bot!,
https://pleiades.stoa.org/places/707476,2026-08-15,200,ok,https://pleiades.stoa.org/places/707476,Making sure you're not a bot!,
https://pleiades.stoa.org/places/716520,2026-08-15,200,ok,https://pleiades.stoa.org/places/716520,Making sure you're not a bot!,
https://pleiades.stoa.org/places/727070,2026-08-15,500,unavailable,https://pleiades.stoa.org/places/727070,,HTTP 500
https://pleiades.stoa.org/places/727169,2026-08-15,200,ok,https://pleiades.stoa.org/places/727169,Making sure you're not a bot!,
https://pleiades.stoa.org/places/728329645,2026-08-15,200,ok,https://pleiades.stoa.org/places/728329645,Making sure you're not a bot!,
https://pleiades.stoa.org/places/73644851,2026-08-15,200,ok,https://pleiades.stoa.org/places/73644851,Making sure you're not a bot!,
https://pleiades.stoa.org/places/825397,2026-08-15,200,ok,https://pleiades.stoa.org/places/825397,Making sure you're not a bot!,
https://pleiades.stoa.org/places/828989863,2026-08-15,200,ok,https://pleiades.stoa.org/places/828989863,Making sure you're not a bot!,
https://pleiades.stoa.org/places/844944,2026-08-15,200,ok,https://pleiades.stoa.org/places/844944,Making sure you're not a bot!,
https://pleiades.stoa.org/places/854719,2026-08-15,200,ok,https://pleiades.stoa.org/places/854719,Making sure you're not a bot!,
https://pleiades.stoa.org/places/854724,2026-08-15,200,ok,https://pleiades.stoa.org/places/854724,Making sure you're not a bot!,
https://pleiades.stoa.org/places/854743,2026-08-15,200,ok,https://pleiades.stoa.org/places/854743,Making sure you're not a bot!,
https://pleiades.stoa.org/places/854812387,2026-08-15,200,ok,https://pleiades.stoa.org/places/854812387,Making sure you're not a bot!,
https://pleiades.stoa.org/places/857024,2026-08-15,200,ok,https://pleiades.stoa.org/places/857024,Making sure you're not a bot!,
https://pleiades.stoa.org/places/857107,2026-08-15,200,ok,https://pleiades.stoa.org/places/857107,Making sure you're not a bot!,
https://pleiades.stoa.org/places/857275,2026-08-15,200,ok,https://pleiades.stoa.org/places/857275,Making sure you're not a bot!,
https://pleiades.stoa.org/places/857321,2026-08-15,200,ok,https://pleiades.stoa.org/places/857321,Making sure you're not a bot!,
https://pleiades.stoa.org/places/857359,2026-08-15,200,ok,https://pleiades.stoa.org/places/857359,Making sure you're not a bot!,
https://pleiades.stoa.org/places/873985034,2026-08-15,200,ok,https://pleiades.stoa.org/places/873985034,Making sure you're not a bot!,
https://pleiades.stoa.org/places/943504072,2026-08-15,200,ok,https://pleiades.stoa.org/places/943504072,Making sure you're not a bot!,
https://pleiades.stoa.org/places/955675680,2026-08-15,200,ok,https://pleiades.stoa.org/places/955675680,Making sure you're not a bot!,
https://pleiades.stoa.org/places/963441586,2026-08-15,200,ok,https://pleiades.stoa.org/places/963441586,Making sure you're not a bot!,
https://websites.ucy.ac.cy/pulp/documents/Publications/Iacovou_2014-POLITICAL_ECONOMIES.pdf,2026-08-15,403,unavailable,https://websites.ucy.ac.cy/pulp/documents/Publications/Iacovou_2014-POLITICAL_ECONOMIES.pdf,,HTTP 403
https://whc.unesco.org/en/list/1411,2026-08-15,200,ok,https://whc.unesco.org/en/list/1411,Ancient City of Tauric Chersonese and its Chora - UNESCO World Heritage Centre,
https://whc.unesco.org/en/list/190,2026-08-15,200,ok,https://whc.unesco.org/en/list/190,Archaeological Site of Cyrene - UNESCO World Heritage Centre,
https://whc.unesco.org/en/list/404,2026-08-15,200,ok,https://whc.unesco.org/en/list/404,"Acropolis, Athens - UNESCO World Heritage Centre",
https://whc.unesco.org/en/list/448,2026-08-15,200,ok,https://whc.unesco.org/en/list/448,Nemrut Dağ - UNESCO World Heritage Centre,
https://whc.unesco.org/en/list/780,2026-08-15,200,ok,https://whc.unesco.org/en/list/780,Archaeological Site of Aigai (modern name Vergina) - UNESCO World Heritage Centre,
https://whc.unesco.org/en/list/941,2026-08-15,200,ok,https://whc.unesco.org/en/list/941,Archaeological Sites of Mycenae and Tiryns - UNESCO World Heritage Centre,
https://www.armus.hr/en/museum/museum-history/collection-and-site-issa,2026-08-15,200,ok,https://www.armus.hr/en/museum/museum-history/collection-and-site-issa,Collection and site Issa | Archaeological Museum in Split,
https://www.attalus.org/names/b/bithynia.html,2026-08-15,200,ok,https://www.attalus.org/names/b/bithynia.html,Bithynia - in ancient sources @ attalus.org,
https://www.britishmuseum.org/collection/object/C_2013-4030-144,2026-08-15,200,ok,https://www.britishmuseum.org/collection/object/C_2013-4030-144,coin | British Museum,
https://www.britishmuseum.org/collection/object/C_TC-p80-56-Syr,2026-08-15,403,unavailable,https://www.britishmuseum.org/collection/object/C_TC-p80-56-Syr,,HTTP 403
https://www.britishmuseum.org/collection/term/x113864,2026-08-15,403,unavailable,https://www.britishmuseum.org/collection/term/x113864,,HTTP 403
https://www.cambridge.org/core/books/cambridge-companion-to-alexander-the-great/contexts/D0DFBC7B39E453BD0E365F56F74DA097,2026-08-15,200,redirected,https://www.cambridge.org/core/books/abs/cambridge-companion-to-alexander-the-great/contexts/D0DFBC7B39E453BD0E365F56F74DA097,Contexts (Part II) - The Cambridge Companion to Alexander the Great,
https://www.encyclopediaofukraine.com/display.asp?linkpath=pages%5CB%5CO%5CBosporanKingdom.htm,2026-08-15,200,ok,https://www.encyclopediaofukraine.com/display.asp?linkpath=pages%5CB%5CO%5CBosporanKingdom.htm,Bosporan Kingdom,
https://www.iranicaonline.org/articles/cappadocia,2026-08-15,200,ok,https://www.iranicaonline.org/articles/cappadocia/,CAPPADOCIA - Encyclopaedia Iranica,
https://www.iranicaonline.org/articles/eucratides,2026-08-15,200,ok,https://www.iranicaonline.org/articles/eucratides/,EUCRATIDES - Encyclopaedia Iranica,
https://www.iranicaonline.org/articles/euthydemus,2026-08-15,200,ok,https://www.iranicaonline.org/articles/euthydemus/,EUTHYDEMUS - Encyclopaedia Iranica,
https://www.iranicaonline.org/articles/indo-greek-dynasty,2026-08-15,200,ok,https://www.iranicaonline.org/articles/indo-greek-dynasty/,INDO-GREEK DYNASTY - Encyclopaedia Iranica,
https://www.iranicaonline.org/articles/scythians,2026-08-15,200,ok,https://www.iranicaonline.org/articles/scythians/,SCYTHIANS - Encyclopaedia Iranica,
https://www.metmuseum.org/essays/egypt-in-the-ptolemaic-period,2026-08-15,429,unavailable,https://www.metmuseum.org/essays/egypt-in-the-ptolemaic-period,,HTTP 429
https://www.metmuseum.org/essays/the-rise-of-macedonia-and-the-conquests-of-alexander-the-great,2026-08-15,429,unavailable,https://www.metmuseum.org/essays/the-rise-of-macedonia-and-the-conquests-of-alexander-the-great,,HTTP 429
https://www.metmuseum.org/essays/the-seleucid-empire-323-64-b-c,2026-08-15,429,unavailable,https://www.metmuseum.org/essays/the-seleucid-empire-323-64-b-c,,HTTP 429
https://www.metmuseum.org/toah/hd/gkru/hd_gkru.htm,2026-08-15,429,unavailable,https://www.metmuseum.org/toah/hd/gkru/hd_gkru.htm,,HTTP 429
https://www.mthv.gr/en/permanent-exhibition/mycenaean-period,2026-08-15,200,ok,https://www.mthv.gr/en/permanent-exhibition/mycenaean-period,Mycenaean period - MUSEUM OF THEBES,
https://www.penn.museum/sites/expedition/olbia-pontica-and-the-olbian-muse,2026-08-15,200,ok,https://www.penn.museum/sites/expedition/olbia-pontica-and-the-olbian-muse/,Expedition Magazine | Olbia Pontica and the ‘Olbian Muse’,
https://www.uni-muenster.de/ZypernInstitut/en/publikationen/schriften13.html,2026-08-15,200,ok,https://www.uni-muenster.de/ZypernInstitut/en/publikationen/schriften13.html,Salamis of Cyprus,
